Term Locale,Term Category,Term,Alias,Case Sensitive
en-US,Legal  - Real Estate,abandon,,FALSE
en-US,Legal  - Real Estate,abate,,FALSE
en-US,Legal  - Real Estate,absence,,FALSE
en-US,Legal  - Real Estate,absent,,FALSE
en-US,Legal  - Real Estate,accelerate,,FALSE
en-US,Legal  - Real Estate,accept,,FALSE
en-US,Legal  - Real Estate,access,,FALSE
en-US,Legal  - Real Estate,accident,,FALSE
en-US,Legal  - Real Estate,accommodate,,FALSE
en-US,Legal  - Real Estate,accommodation,,FALSE
en-US,Legal  - Real Estate,accord,,FALSE
en-US,Legal  - Real Estate,accordance with applicable,,FALSE
en-US,Legal  - Real Estate,according to the plat,,FALSE
en-US,Legal  - Real Estate,accrue,,FALSE
en-US,Legal  - Real Estate,accruing,,FALSE
en-US,Legal  - Real Estate,accumulated,,FALSE
en-US,Legal  - Real Estate,acquire,,FALSE
en-US,Legal  - Real Estate,acquisition,,FALSE
en-US,Legal  - Real Estate,acre,,FALSE
en-US,Legal  - Real Estate,acting on behalf of,,FALSE
en-US,Legal  - Real Estate,acting reasonably,,FALSE
en-US,Legal  - Real Estate,additional,,FALSE
en-US,Legal  - Real Estate,adjacent,,FALSE
en-US,Legal  - Real Estate,adjoining,,FALSE
en-US,Legal  - Real Estate,adjudicate,,FALSE
en-US,Legal  - Real Estate,advance,,FALSE
en-US,Legal  - Real Estate,advertise,,FALSE
en-US,Legal  - Real Estate,affect coverage,,FALSE
en-US,Legal  - Real Estate,affect lease,,FALSE
en-US,Legal  - Real Estate,affect structure,,FALSE
en-US,Legal  - Real Estate,affect value,,FALSE
en-US,Legal  - Real Estate,affix,,FALSE
en-US,Legal  - Real Estate,agency,,FALSE
en-US,Legal  - Real Estate,agent,,FALSE
en-US,Legal  - Real Estate,aggregate,,FALSE
en-US,Legal  - Real Estate,agreement,,FALSE
en-US,Legal  - Real Estate,agricultural,,FALSE
en-US,Legal  - Real Estate,aircraft,,FALSE
en-US,Legal  - Real Estate,airport,,FALSE
en-US,Legal  - Real Estate,alarm,,FALSE
en-US,Legal  - Real Estate,alley,,FALSE
en-US,Legal  - Real Estate,allocable,,FALSE
en-US,Legal  - Real Estate,allocate,,FALSE
en-US,Legal  - Real Estate,allowance,,FALSE
en-US,Legal  - Real Estate,along,,FALSE
en-US,Legal  - Real Estate,alter,,FALSE
en-US,Legal  - Real Estate,alterations,,FALSE
en-US,Legal  - Real Estate,amend lease,,FALSE
en-US,Legal  - Real Estate,American Arbitration Association,AAA,FALSE
en-US,Legal  - Real Estate,Americans with disabilities,,FALSE
en-US,Legal  - Real Estate,amortization,,FALSE
en-US,Legal  - Real Estate,amortize,,FALSE
en-US,Legal  - Real Estate,animal,,FALSE
en-US,Legal  - Real Estate,annex,,FALSE
en-US,Legal  - Real Estate,annoy,,FALSE
en-US,Legal  - Real Estate,annual adjustment,,FALSE
en-US,Legal  - Real Estate,annual increase,,FALSE
en-US,Legal  - Real Estate,annual rent,,FALSE
en-US,Legal  - Real Estate,annum,,FALSE
en-US,Legal  - Real Estate,antenna,,FALSE
en-US,Legal  - Real Estate,appearance,,FALSE
en-US,Legal  - Real Estate,appliance,,FALSE
en-US,Legal  - Real Estate,application,,FALSE
en-US,Legal  - Real Estate,appraisal,,FALSE
en-US,Legal  - Real Estate,appraise,,FALSE
en-US,Legal  - Real Estate,approval,,FALSE
en-US,Legal  - Real Estate,approve,,FALSE
en-US,Legal  - Real Estate,approving,,FALSE
en-US,Legal  - Real Estate,appurtenance,,FALSE
en-US,Legal  - Real Estate,appurtenant,,FALSE
en-US,Legal  - Real Estate,arbitrate,,FALSE
en-US,Legal  - Real Estate,arbitration,,FALSE
en-US,Legal  - Real Estate,arbitrator,,FALSE
en-US,Legal  - Real Estate,architect,,FALSE
en-US,Legal  - Real Estate,area,,FALSE
en-US,Legal  - Real Estate,arid,,FALSE
en-US,Legal  - Real Estate,arrears,,FALSE
en-US,Legal  - Real Estate,artificial,,FALSE
en-US,Legal  - Real Estate,asbestos,,FALSE
en-US,Legal  - Real Estate,ashes,,FALSE
en-US,Legal  - Real Estate,assess,,FALSE
en-US,Legal  - Real Estate,asset,,FALSE
en-US,Legal  - Real Estate,assign,,FALSE
en-US,Legal  - Real Estate,association,,FALSE
en-US,Legal  - Real Estate,assume responsibility,,FALSE
en-US,Legal  - Real Estate,assumes,,FALSE
en-US,Legal  - Real Estate,assumption,,FALSE
en-US,Legal  - Real Estate,ATTOM,,TRUE
en-US,Legal  - Real Estate,attorn,,FALSE
en-US,Legal  - Real Estate,attorney,,FALSE
en-US,Legal  - Real Estate,attributable,,FALSE
en-US,Legal  - Real Estate,auction,,FALSE
en-US,Legal  - Real Estate,audio,,FALSE
en-US,Legal  - Real Estate,authorities,,FALSE
en-US,Legal  - Real Estate,authority,,FALSE
en-US,Legal  - Real Estate,authorize,,FALSE
en-US,Legal  - Real Estate,automatic,,FALSE
en-US,Legal  - Real Estate,automobile,,FALSE
en-US,Legal  - Real Estate,availability,,FALSE
en-US,Legal  - Real Estate,available,,FALSE
en-US,Legal  - Real Estate,avenue,,FALSE
en-US,Legal  - Real Estate,avoir,,FALSE
en-US,Legal  - Real Estate,avoir expressement,,FALSE
en-US,Legal  - Real Estate,award,,FALSE
en-US,Legal  - Real Estate,awnings,,FALSE
en-US,Legal  - Real Estate,back access,,FALSE
en-US,Legal  - Real Estate,back entrance,,FALSE
en-US,Legal  - Real Estate,back side,,FALSE
en-US,Legal  - Real Estate,backside,,FALSE
en-US,Legal  - Real Estate,bail,,FALSE
en-US,Legal  - Real Estate,balance,,FALSE
en-US,Legal  - Real Estate,ballast,,FALSE
en-US,Legal  - Real Estate,balloon,,FALSE
en-US,Legal  - Real Estate,bankrupt,,FALSE
en-US,Legal  - Real Estate,banned,,FALSE
en-US,Legal  - Real Estate,banner,,FALSE
en-US,Legal  - Real Estate,banners painting,,FALSE
en-US,Legal  - Real Estate,base rent,,FALSE
en-US,Legal  - Real Estate,base term,,FALSE
en-US,Legal  - Real Estate,base year,,FALSE
en-US,Legal  - Real Estate,basement,,FALSE
en-US,Legal  - Real Estate,basin,,FALSE
en-US,Legal  - Real Estate,basis,,FALSE
en-US,Legal  - Real Estate,bathroom,,FALSE
en-US,Legal  - Real Estate,beams,,FALSE
en-US,Legal  - Real Estate,bear,,FALSE
en-US,Legal  - Real Estate,bed,,FALSE
en-US,Legal  - Real Estate,behind,,FALSE
en-US,Legal  - Real Estate,beneficiaries,,FALSE
en-US,Legal  - Real Estate,beneficiary,,FALSE
en-US,Legal  - Real Estate,betterment,,FALSE
en-US,Legal  - Real Estate,bicycle,,FALSE
en-US,Legal  - Real Estate,bind,,FALSE
en-US,Legal  - Real Estate,biomedical,,FALSE
en-US,Legal  - Real Estate,blinds,,FALSE
en-US,Legal  - Real Estate,block,,FALSE
en-US,Legal  - Real Estate,bodily injury,,FALSE
en-US,Legal  - Real Estate,bond,,FALSE
en-US,Legal  - Real Estate,bonus,,FALSE
en-US,Legal  - Real Estate,borne,,FALSE
en-US,Legal  - Real Estate,bottom,,FALSE
en-US,Legal  - Real Estate,boulevard,,FALSE
en-US,Legal  - Real Estate,bound,,FALSE
en-US,Legal  - Real Estate,boundary,,FALSE
en-US,Legal  - Real Estate,bounded,,FALSE
en-US,Legal  - Real Estate,boxes,,FALSE
en-US,Legal  - Real Estate,breach,,FALSE
en-US,Legal  - Real Estate,broker,,FALSE
en-US,Legal  - Real Estate,build,,FALSE
en-US,Legal  - Real Estate,bulky,,FALSE
en-US,Legal  - Real Estate,burial,,FALSE
en-US,Legal  - Real Estate,business,,FALSE
en-US,Legal  - Real Estate,buttes,,FALSE
en-US,Legal  - Real Estate,bylaws,,FALSE
en-US,Legal  - Real Estate,cabinet,,FALSE
en-US,Legal  - Real Estate,cable,,FALSE
en-US,Legal  - Real Estate,camera,,FALSE
en-US,Legal  - Real Estate,cancel,,FALSE
en-US,Legal  - Real Estate,canvass,,FALSE
en-US,Legal  - Real Estate,capacity,,FALSE
en-US,Legal  - Real Estate,capital expenditure,,FALSE
en-US,Legal  - Real Estate,capital improvement,,FALSE
en-US,Legal  - Real Estate,capital repair,,FALSE
en-US,Legal  - Real Estate,capital replacement,,FALSE
en-US,Legal  - Real Estate,capital stock,,FALSE
en-US,Legal  - Real Estate,capitalized,,FALSE
en-US,Legal  - Real Estate,car,,FALSE
en-US,Legal  - Real Estate,carcinogenic,,FALSE
en-US,Legal  - Real Estate,card access,,FALSE
en-US,Legal  - Real Estate,carelessness,,FALSE
en-US,Legal  - Real Estate,carpet,,FALSE
en-US,Legal  - Real Estate,carrier,,FALSE
en-US,Legal  - Real Estate,cash,,FALSE
en-US,Legal  - Real Estate,casualties,,FALSE
en-US,Legal  - Real Estate,casualty,,FALSE
en-US,Legal  - Real Estate,causeway,,FALSE
en-US,Legal  - Real Estate,cease,,FALSE
en-US,Legal  - Real Estate,ceiling,,FALSE
en-US,Legal  - Real Estate,cellar,,FALSE
en-US,Legal  - Real Estate,cement,,FALSE
en-US,Legal  - Real Estate,center,,FALSE
en-US,Legal  - Real Estate,certificate,,FALSE
en-US,Legal  - Real Estate,certified,,FALSE
en-US,Legal  - Real Estate,cessation,,FALSE
en-US,Legal  - Real Estate,change,,FALSE
en-US,Legal  - Real Estate,channel,,FALSE
en-US,Legal  - Real Estate,charge,,FALSE
en-US,Legal  - Real Estate,check,,FALSE
en-US,Legal  - Real Estate,chemical,,FALSE
en-US,Legal  - Real Estate,chilled,,FALSE
en-US,Legal  - Real Estate,chiller,,FALSE
en-US,Legal  - Real Estate,chord,,FALSE
en-US,Legal  - Real Estate,cinderblock,,FALSE
en-US,Legal  - Real Estate,circle drive,,FALSE
en-US,Legal  - Real Estate,citation,,FALSE
en-US,Legal  - Real Estate,cities,,FALSE
en-US,Legal  - Real Estate,city approval,,FALSE
en-US,Legal  - Real Estate,city building,,FALSE
en-US,Legal  - Real Estate,city code,,FALSE
en-US,Legal  - Real Estate,city law,,FALSE
en-US,Legal  - Real Estate,city ordinance,,FALSE
en-US,Legal  - Real Estate,city sewer,,FALSE
en-US,Legal  - Real Estate,civic,,FALSE
en-US,Legal  - Real Estate,civil code,,FALSE
en-US,Legal  - Real Estate,civil commotion,,FALSE
en-US,Legal  - Real Estate,civil disturbance,,FALSE
en-US,Legal  - Real Estate,civil riot,,FALSE
en-US,Legal  - Real Estate,claim,,FALSE
en-US,Legal  - Real Estate,class,,FALSE
en-US,Legal  - Real Estate,clean,,FALSE
en-US,Legal  - Real Estate,clerk,,FALSE
en-US,Legal  - Real Estate,closet,,FALSE
en-US,Legal  - Real Estate,closing,,FALSE
en-US,Legal  - Real Estate,clubhouse,,FALSE
en-US,Legal  - Real Estate,coal company,,FALSE
en-US,Legal  - Real Estate,code,,FALSE
en-US,Legal  - Real Estate,codification,,FALSE
en-US,Legal  - Real Estate,cold,,FALSE
en-US,Legal  - Real Estate,collateral,,FALSE
en-US,Legal  - Real Estate,collect,,FALSE
en-US,Legal  - Real Estate,collision,,FALSE
en-US,Legal  - Real Estate,colony,,FALSE
en-US,Legal  - Real Estate,color,,FALSE
en-US,Legal  - Real Estate,column,,FALSE
en-US,Legal  - Real Estate,combustible,,FALSE
en-US,Legal  - Real Estate,commence,,FALSE
en-US,Legal  - Real Estate,commencing,,FALSE
en-US,Legal  - Real Estate,commensurate,,FALSE
en-US,Legal  - Real Estate,commerce,,FALSE
en-US,Legal  - Real Estate,commercial,,FALSE
en-US,Legal  - Real Estate,commingle,,FALSE
en-US,Legal  - Real Estate,commission,,FALSE
en-US,Legal  - Real Estate,common area,,FALSE
en-US,Legal  - Real Estate,common control,,FALSE
en-US,Legal  - Real Estate,common landlord,,FALSE
en-US,Legal  - Real Estate,common line,,FALSE
en-US,Legal  - Real Estate,common tenants,,FALSE
en-US,Legal  - Real Estate,common walls,,FALSE
en-US,Legal  - Real Estate,commotion,,FALSE
en-US,Legal  - Real Estate,communities,,FALSE
en-US,Legal  - Real Estate,community,,FALSE
en-US,Legal  - Real Estate,comparable,,FALSE
en-US,Legal  - Real Estate,comparison,,FALSE
en-US,Legal  - Real Estate,compensate,,FALSE
en-US,Legal  - Real Estate,compensating,,FALSE
en-US,Legal  - Real Estate,compensation,,FALSE
en-US,Legal  - Real Estate,competent,,FALSE
en-US,Legal  - Real Estate,complete,,FALSE
en-US,Legal  - Real Estate,compliance,,FALSE
en-US,Legal  - Real Estate,complied,,FALSE
en-US,Legal  - Real Estate,comply,,FALSE
en-US,Legal  - Real Estate,component,,FALSE
en-US,Legal  - Real Estate,composition,,FALSE
en-US,Legal  - Real Estate,comprehensive,,FALSE
en-US,Legal  - Real Estate,compressors,,FALSE
en-US,Legal  - Real Estate,comprise,,FALSE
en-US,Legal  - Real Estate,comprising,,FALSE
en-US,Legal  - Real Estate,compute,,FALSE
en-US,Legal  - Real Estate,concession,,FALSE
en-US,Legal  - Real Estate,concrete,,FALSE
en-US,Legal  - Real Estate,concurrent,,FALSE
en-US,Legal  - Real Estate,condemn,,FALSE
en-US,Legal  - Real Estate,condition,,FALSE
en-US,Legal  - Real Estate,conduct,,FALSE
en-US,Legal  - Real Estate,conduit,,FALSE
en-US,Legal  - Real Estate,confer,,FALSE
en-US,Legal  - Real Estate,connected,,FALSE
en-US,Legal  - Real Estate,connection,,FALSE
en-US,Legal  - Real Estate,consecutive,,FALSE
en-US,Legal  - Real Estate,consent,,FALSE
en-US,Legal  - Real Estate,consequential,,FALSE
en-US,Legal  - Real Estate,conservation,,FALSE
en-US,Legal  - Real Estate,consideration,,FALSE
en-US,Legal  - Real Estate,construct,,FALSE
en-US,Legal  - Real Estate,construction,,FALSE
en-US,Legal  - Real Estate,constructive,,FALSE
en-US,Legal  - Real Estate,construe,,FALSE
en-US,Legal  - Real Estate,consummation,,FALSE
en-US,Legal  - Real Estate,contaminant,,FALSE
en-US,Legal  - Real Estate,contaminated,,FALSE
en-US,Legal  - Real Estate,contamination,,FALSE
en-US,Legal  - Real Estate,contemporaneous,,FALSE
en-US,Legal  - Real Estate,contiguous,,FALSE
en-US,Legal  - Real Estate,continental,,FALSE
en-US,Legal  - Real Estate,contingent,,FALSE
en-US,Legal  - Real Estate,continuance,,FALSE
en-US,Legal  - Real Estate,continuous,,FALSE
en-US,Legal  - Real Estate,contract,,FALSE
en-US,Legal  - Real Estate,contrary,,FALSE
en-US,Legal  - Real Estate,control,,FALSE
en-US,Legal  - Real Estate,conversion,,FALSE
en-US,Legal  - Real Estate,convert,,FALSE
en-US,Legal  - Real Estate,convey,,FALSE
en-US,Legal  - Real Estate,cooking,,FALSE
en-US,Legal  - Real Estate,cooling,,FALSE
en-US,Legal  - Real Estate,corner,,FALSE
en-US,Legal  - Real Estate,corporate,,FALSE
en-US,Legal  - Real Estate,corporation,,FALSE
en-US,Legal  - Real Estate,corridor,,FALSE
en-US,Legal  - Real Estate,corrosive,,FALSE
en-US,Legal  - Real Estate,cost,,FALSE
en-US,Legal  - Real Estate,counterclaim,,FALSE
en-US,Legal  - Real Estate,counterpart,,FALSE
en-US,Legal  - Real Estate,covenant,,FALSE
en-US,Legal  - Real Estate,cover,,FALSE
en-US,Legal  - Real Estate,credit,,FALSE
en-US,Legal  - Real Estate,creek,,FALSE
en-US,Legal  - Real Estate,criminal,,FALSE
en-US,Legal  - Real Estate,criteria,,FALSE
en-US,Legal  - Real Estate,crop,,FALSE
en-US,Legal  - Real Estate,cumulative,,FALSE
en-US,Legal  - Real Estate,currency,,FALSE
en-US,Legal  - Real Estate,curtain,,FALSE
en-US,Legal  - Real Estate,curve,,FALSE
en-US,Legal  - Real Estate,custom,,FALSE
en-US,Legal  - Real Estate,damage,,FALSE
en-US,Legal  - Real Estate,damaging,,FALSE
en-US,Legal  - Real Estate,damp,,FALSE
en-US,Legal  - Real Estate,dangerous,,FALSE
en-US,Legal  - Real Estate,data,,FALSE
en-US,Legal  - Real Estate,deadline,,FALSE
en-US,Legal  - Real Estate,deal,,FALSE
en-US,Legal  - Real Estate,death,,FALSE
en-US,Legal  - Real Estate,debris,,FALSE
en-US,Legal  - Real Estate,debt,,FALSE
en-US,Legal  - Real Estate,declaration,,FALSE
en-US,Legal  - Real Estate,declaratory,,FALSE
en-US,Legal  - Real Estate,declare,,FALSE
en-US,Legal  - Real Estate,decorate,,FALSE
en-US,Legal  - Real Estate,decoration,,FALSE
en-US,Legal  - Real Estate,decree,,FALSE
en-US,Legal  - Real Estate,dedicated,,FALSE
en-US,Legal  - Real Estate,dedication,,FALSE
en-US,Legal  - Real Estate,deduct,,FALSE
en-US,Legal  - Real Estate,deed,,FALSE
en-US,Legal  - Real Estate,deface,,FALSE
en-US,Legal  - Real Estate,default,,FALSE
en-US,Legal  - Real Estate,defect,,FALSE
en-US,Legal  - Real Estate,defend,,FALSE
en-US,Legal  - Real Estate,defense,,FALSE
en-US,Legal  - Real Estate,defer,,FALSE
en-US,Legal  - Real Estate,deficiencies,,FALSE
en-US,Legal  - Real Estate,deficiency,,FALSE
en-US,Legal  - Real Estate,delay,,FALSE
en-US,Legal  - Real Estate,delinquency,,FALSE
en-US,Legal  - Real Estate,delinquent,,FALSE
en-US,Legal  - Real Estate,demand,,FALSE
en-US,Legal  - Real Estate,demise,,FALSE
en-US,Legal  - Real Estate,demolish,,FALSE
en-US,Legal  - Real Estate,demolition,,FALSE
en-US,Legal  - Real Estate,denied,,FALSE
en-US,Legal  - Real Estate,denominated,,FALSE
en-US,Legal  - Real Estate,departing,,FALSE
en-US,Legal  - Real Estate,deposit,,FALSE
en-US,Legal  - Real Estate,depreciate,,FALSE
en-US,Legal  - Real Estate,depreciation,,FALSE
en-US,Legal  - Real Estate,deprive,,FALSE
en-US,Legal  - Real Estate,design,,FALSE
en-US,Legal  - Real Estate,destroy,,FALSE
en-US,Legal  - Real Estate,destruction,,FALSE
en-US,Legal  - Real Estate,detached,,FALSE
en-US,Legal  - Real Estate,detail,,FALSE
en-US,Legal  - Real Estate,detriment,,FALSE
en-US,Legal  - Real Estate,develop,,FALSE
en-US,Legal  - Real Estate,device,,FALSE
en-US,Legal  - Real Estate,diem,,FALSE
en-US,Legal  - Real Estate,dimension,,FALSE
en-US,Legal  - Real Estate,diminish,,FALSE
en-US,Legal  - Real Estate,disabilities,,FALSE
en-US,Legal  - Real Estate,disability,,FALSE
en-US,Legal  - Real Estate,disallowance,,FALSE
en-US,Legal  - Real Estate,disapproval,,FALSE
en-US,Legal  - Real Estate,disapprove,,FALSE
en-US,Legal  - Real Estate,disaster,,FALSE
en-US,Legal  - Real Estate,disburse,,FALSE
en-US,Legal  - Real Estate,discard,,FALSE
en-US,Legal  - Real Estate,discharge,,FALSE
en-US,Legal  - Real Estate,disclaim,,FALSE
en-US,Legal  - Real Estate,disclose,,FALSE
en-US,Legal  - Real Estate,disclosing,,FALSE
en-US,Legal  - Real Estate,disclosure,,FALSE
en-US,Legal  - Real Estate,discontinuance,,FALSE
en-US,Legal  - Real Estate,discontinue,,FALSE
en-US,Legal  - Real Estate,discount,,FALSE
en-US,Legal  - Real Estate,dismiss,,FALSE
en-US,Legal  - Real Estate,display,,FALSE
en-US,Legal  - Real Estate,disposal,,FALSE
en-US,Legal  - Real Estate,dispose,,FALSE
en-US,Legal  - Real Estate,disposing,,FALSE
en-US,Legal  - Real Estate,disposition,,FALSE
en-US,Legal  - Real Estate,dispossessed,,FALSE
en-US,Legal  - Real Estate,dispute,,FALSE
en-US,Legal  - Real Estate,dissimilar,,FALSE
en-US,Legal  - Real Estate,dissolution,,FALSE
en-US,Legal  - Real Estate,dissolve,,FALSE
en-US,Legal  - Real Estate,distance,,FALSE
en-US,Legal  - Real Estate,distinct,,FALSE
en-US,Legal  - Real Estate,distribute,,FALSE
en-US,Legal  - Real Estate,distribution,,FALSE
en-US,Legal  - Real Estate,district,,FALSE
en-US,Legal  - Real Estate,disturb,,FALSE
en-US,Legal  - Real Estate,divide,,FALSE
en-US,Legal  - Real Estate,dividends,,FALSE
en-US,Legal  - Real Estate,dividing,,FALSE
en-US,Legal  - Real Estate,divisible,,FALSE
en-US,Legal  - Real Estate,division,,FALSE
en-US,Legal  - Real Estate,dock,,FALSE
en-US,Legal  - Real Estate,domain,,FALSE
en-US,Legal  - Real Estate,domicile,,FALSE
en-US,Legal  - Real Estate,door,,FALSE
en-US,Legal  - Real Estate,drainage,,FALSE
en-US,Legal  - Real Estate,draperies,,FALSE
en-US,Legal  - Real Estate,drawing,,FALSE
en-US,Legal  - Real Estate,drill,,FALSE
en-US,Legal  - Real Estate,drive,,FALSE
en-US,Legal  - Real Estate,driving,,FALSE
en-US,Legal  - Real Estate,drywall,,FALSE
en-US,Legal  - Real Estate,duct,,FALSE
en-US,Legal  - Real Estate,dump,,FALSE
en-US,Legal  - Real Estate,duration,,FALSE
en-US,Legal  - Real Estate,dust,,FALSE
en-US,Legal  - Real Estate,duties,,FALSE
en-US,Legal  - Real Estate,duty,,FALSE
en-US,Legal  - Real Estate,earthquake,,FALSE
en-US,Legal  - Real Estate,easement,,FALSE
en-US,Legal  - Real Estate,east,,FALSE
en-US,Legal  - Real Estate,EBITDA,,TRUE
en-US,Legal  - Real Estate,economic,,FALSE
en-US,Legal  - Real Estate,egress,,FALSE
en-US,Legal  - Real Estate,eject,,FALSE
en-US,Legal  - Real Estate,electric,,FALSE
en-US,Legal  - Real Estate,elevator,,FALSE
en-US,Legal  - Real Estate,emergencies,,FALSE
en-US,Legal  - Real Estate,emergency,,FALSE
en-US,Legal  - Real Estate,eminent domain,,FALSE
en-US,Legal  - Real Estate,emission,,FALSE
en-US,Legal  - Real Estate,emit,,FALSE
en-US,Legal  - Real Estate,employ,,FALSE
en-US,Legal  - Real Estate,empty,,FALSE
en-US,Legal  - Real Estate,enable,,FALSE
en-US,Legal  - Real Estate,enabling,,FALSE
en-US,Legal  - Real Estate,enact,,FALSE
en-US,Legal  - Real Estate,enclose,,FALSE
en-US,Legal  - Real Estate,encumber,,FALSE
en-US,Legal  - Real Estate,encumbrance,,FALSE
en-US,Legal  - Real Estate,endanger,,FALSE
en-US,Legal  - Real Estate,endorse,,FALSE
en-US,Legal  - Real Estate,energy,,FALSE
en-US,Legal  - Real Estate,enforce,,FALSE
en-US,Legal  - Real Estate,enforcing,,FALSE
en-US,Legal  - Real Estate,engage,,FALSE
en-US,Legal  - Real Estate,engineer,,FALSE
en-US,Legal  - Real Estate,enjoin,,FALSE
en-US,Legal  - Real Estate,enjoy,,FALSE
en-US,Legal  - Real Estate,enter,,FALSE
en-US,Legal  - Real Estate,entertain,,FALSE
en-US,Legal  - Real Estate,entire,,FALSE
en-US,Legal  - Real Estate,entities,,FALSE
en-US,Legal  - Real Estate,entitle,,FALSE
en-US,Legal  - Real Estate,entitling,,FALSE
en-US,Legal  - Real Estate,entity,,FALSE
en-US,Legal  - Real Estate,entrance,,FALSE
en-US,Legal  - Real Estate,entries,,FALSE
en-US,Legal  - Real Estate,entry,,FALSE
en-US,Legal  - Real Estate,entryway,,FALSE
en-US,Legal  - Real Estate,environment,,FALSE
en-US,Legal  - Real Estate,environmental,,FALSE
en-US,Legal  - Real Estate,equal,,FALSE
en-US,Legal  - Real Estate,equipment,,FALSE
en-US,Legal  - Real Estate,equipped,,FALSE
en-US,Legal  - Real Estate,equitable,,FALSE
en-US,Legal  - Real Estate,equity,,FALSE
en-US,Legal  - Real Estate,equivalent,,FALSE
en-US,Legal  - Real Estate,eradicate,,FALSE
en-US,Legal  - Real Estate,erect,,FALSE
en-US,Legal  - Real Estate,escalator,,FALSE
en-US,Legal  - Real Estate,escape,,FALSE
en-US,Legal  - Real Estate,escrow,,FALSE
en-US,Legal  - Real Estate,estate,,FALSE
en-US,Legal  - Real Estate,estimate,,FALSE
en-US,Legal  - Real Estate,estimation,,FALSE
en-US,Legal  - Real Estate,estopped,,FALSE
en-US,Legal  - Real Estate,estoppel,,FALSE
en-US,Legal  - Real Estate,eviction,,FALSE
en-US,Legal  - Real Estate,evidence,,FALSE
en-US,Legal  - Real Estate,evidencing,,FALSE
en-US,Legal  - Real Estate,exact,,FALSE
en-US,Legal  - Real Estate,examination,,FALSE
en-US,Legal  - Real Estate,examine,,FALSE
en-US,Legal  - Real Estate,examining,,FALSE
en-US,Legal  - Real Estate,excavate,,FALSE
en-US,Legal  - Real Estate,excavation,,FALSE
en-US,Legal  - Real Estate,exceed,,FALSE
en-US,Legal  - Real Estate,excess,,FALSE
en-US,Legal  - Real Estate,excessive,,FALSE
en-US,Legal  - Real Estate,exchange,,FALSE
en-US,Legal  - Real Estate,excise,,FALSE
en-US,Legal  - Real Estate,exclusive,,FALSE
en-US,Legal  - Real Estate,exemption,,FALSE
en-US,Legal  - Real Estate,exercise,,FALSE
en-US,Legal  - Real Estate,exist,,FALSE
en-US,Legal  - Real Estate,existing,,FALSE
en-US,Legal  - Real Estate,exit,,FALSE
en-US,Legal  - Real Estate,expand,,FALSE
en-US,Legal  - Real Estate,expansion,,FALSE
en-US,Legal  - Real Estate,expansion date,,FALSE
en-US,Legal  - Real Estate,expansion space,,FALSE
en-US,Legal  - Real Estate,expend,,FALSE
en-US,Legal  - Real Estate,expenditure,,FALSE
en-US,Legal  - Real Estate,expense,,FALSE
en-US,Legal  - Real Estate,expert,,FALSE
en-US,Legal  - Real Estate,expiration,,FALSE
en-US,Legal  - Real Estate,expiration date,,FALSE
en-US,Legal  - Real Estate,expiration term,,FALSE
en-US,Legal  - Real Estate,expire,,FALSE
en-US,Legal  - Real Estate,expiry,,FALSE
en-US,Legal  - Real Estate,exploration,,FALSE
en-US,Legal  - Real Estate,explosion,,FALSE
en-US,Legal  - Real Estate,explosive,,FALSE
en-US,Legal  - Real Estate,export,,FALSE
en-US,Legal  - Real Estate,exposed,,FALSE
en-US,Legal  - Real Estate,express,,FALSE
en-US,Legal  - Real Estate,expropriation,,FALSE
en-US,Legal  - Real Estate,extend,,FALSE
en-US,Legal  - Real Estate,extend term,,FALSE
en-US,Legal  - Real Estate,extend term lease,,FALSE
en-US,Legal  - Real Estate,extended,,FALSE
en-US,Legal  - Real Estate,extended term,,FALSE
en-US,Legal  - Real Estate,extension,,FALSE
en-US,Legal  - Real Estate,extension term,,FALSE
en-US,Legal  - Real Estate,exterior,,FALSE
en-US,Legal  - Real Estate,exterminate,,FALSE
en-US,Legal  - Real Estate,exterminating,,FALSE
en-US,Legal  - Real Estate,exterminator,,FALSE
en-US,Legal  - Real Estate,external,,FALSE
en-US,Legal  - Real Estate,extra,,FALSE
en-US,Legal  - Real Estate,extra space,,FALSE
en-US,Legal  - Real Estate,extraordinary,,FALSE
en-US,Legal  - Real Estate,faces,,FALSE
en-US,Legal  - Real Estate,facia,,FALSE
en-US,Legal  - Real Estate,facilities,,FALSE
en-US,Legal  - Real Estate,facilities,,FALSE
en-US,Legal  - Real Estate,facilities therein,,FALSE
en-US,Legal  - Real Estate,facility,,FALSE
en-US,Legal  - Real Estate,facing,,FALSE
en-US,Legal  - Real Estate,fair,,FALSE
en-US,Legal  - Real Estate,fair market,,FALSE
en-US,Legal  - Real Estate,fall,,FALSE
en-US,Legal  - Real Estate,falling,,FALSE
en-US,Legal  - Real Estate,family,,FALSE
en-US,Legal  - Real Estate,farming,,FALSE
en-US,Legal  - Real Estate,FASB,,TRUE
en-US,Legal  - Real Estate,fashion,,FALSE
en-US,Legal  - Real Estate,faucet,,FALSE
en-US,Legal  - Real Estate,fault,,FALSE
en-US,Legal  - Real Estate,faulty,,FALSE
en-US,Legal  - Real Estate,federal state,,FALSE
en-US,Legal  - Real Estate,fees,,FALSE
en-US,Legal  - Real Estate,feet,,FALSE
en-US,Legal  - Real Estate,fence,,FALSE
en-US,Legal  - Real Estate,fertilizer,,FALSE
en-US,Legal  - Real Estate,fiduciary,,FALSE
en-US,Legal  - Real Estate,field,,FALSE
en-US,Legal  - Real Estate,file,,FALSE
en-US,Legal  - Real Estate,filing,,FALSE
en-US,Legal  - Real Estate,fill,,FALSE
en-US,Legal  - Real Estate,finance,,FALSE
en-US,Legal  - Real Estate,financial,,FALSE
en-US,Legal  - Real Estate,financing,,FALSE
en-US,Legal  - Real Estate,finder,,FALSE
en-US,Legal  - Real Estate,finders fee,,FALSE
en-US,Legal  - Real Estate,fine,,FALSE
en-US,Legal  - Real Estate,fines,,FALSE
en-US,Legal  - Real Estate,finish,,FALSE
en-US,Legal  - Real Estate,fire,,FALSE
en-US,Legal  - Real Estate,fire casualty,,FALSE
en-US,Legal  - Real Estate,firm,,FALSE
en-US,Legal  - Real Estate,first amendment lease,,FALSE
en-US,Legal  - Real Estate,first extension,,FALSE
en-US,Legal  - Real Estate,first offer,,FALSE
en-US,Legal  - Real Estate,fiscal,,FALSE
en-US,Legal  - Real Estate,fitness,,FALSE
en-US,Legal  - Real Estate,fitting,,FALSE
en-US,Legal  - Real Estate,fixed,,FALSE
en-US,Legal  - Real Estate,fixed rent,,FALSE
en-US,Legal  - Real Estate,fixtures,,FALSE
en-US,Legal  - Real Estate,flags,,FALSE
en-US,Legal  - Real Estate,flood,,FALSE
en-US,Legal  - Real Estate,flood insurance,,FALSE
en-US,Legal  - Real Estate,floor,,FALSE
en-US,Legal  - Real Estate,floor plan,,FALSE
en-US,Legal  - Real Estate,floor space,,FALSE
en-US,Legal  - Real Estate,floors,,FALSE
en-US,Legal  - Real Estate,flow,,FALSE
en-US,Legal  - Real Estate,flowers,,FALSE
en-US,Legal  - Real Estate,fluid,,FALSE
en-US,Legal  - Real Estate,food,,FALSE
en-US,Legal  - Real Estate,foot,,FALSE
en-US,Legal  - Real Estate,footage,,FALSE
en-US,Legal  - Real Estate,forbearance,,FALSE
en-US,Legal  - Real Estate,force,,FALSE
en-US,Legal  - Real Estate,forcible,,FALSE
en-US,Legal  - Real Estate,foreclosure,,FALSE
en-US,Legal  - Real Estate,foreign,,FALSE
en-US,Legal  - Real Estate,foreseeable,,FALSE
en-US,Legal  - Real Estate,foreseen,,FALSE
en-US,Legal  - Real Estate,forfeit,,FALSE
en-US,Legal  - Real Estate,forfeiture,,FALSE
en-US,Legal  - Real Estate,forgive,,FALSE
en-US,Legal  - Real Estate,forklift,,FALSE
en-US,Legal  - Real Estate,formal,,FALSE
en-US,Legal  - Real Estate,former,,FALSE
en-US,Legal  - Real Estate,formula,,FALSE
en-US,Legal  - Real Estate,foundation,,FALSE
en-US,Legal  - Real Estate,fraction,,FALSE
en-US,Legal  - Real Estate,frame,,FALSE
en-US,Legal  - Real Estate,franchise,,FALSE
en-US,Legal  - Real Estate,free,,FALSE
en-US,Legal  - Real Estate,freeway,,FALSE
en-US,Legal  - Real Estate,freight,,FALSE
en-US,Legal  - Real Estate,front,,FALSE
en-US,Legal  - Real Estate,fuel,,FALSE
en-US,Legal  - Real Estate,fumes,,FALSE
en-US,Legal  - Real Estate,functional,,FALSE
en-US,Legal  - Real Estate,functioning,,FALSE
en-US,Legal  - Real Estate,furnish,,FALSE
en-US,Legal  - Real Estate,furniture,,FALSE
en-US,Legal  - Real Estate,future,,FALSE
en-US,Legal  - Real Estate,gain,,FALSE
en-US,Legal  - Real Estate,garage,,FALSE
en-US,Legal  - Real Estate,garbage,,FALSE
en-US,Legal  - Real Estate,gas,,FALSE
en-US,Legal  - Real Estate,gender,,FALSE
en-US,Legal  - Real Estate,generally accepted accounting,,FALSE
en-US,Legal  - Real Estate,generators,,FALSE
en-US,Legal  - Real Estate,geographic,,FALSE
en-US,Legal  - Real Estate,give notice,,FALSE
en-US,Legal  - Real Estate,glass,,FALSE
en-US,Legal  - Real Estate,global,,FALSE
en-US,Legal  - Real Estate,good condition,,FALSE
en-US,Legal  - Real Estate,good faith,,FALSE
en-US,Legal  - Real Estate,good order,,FALSE
en-US,Legal  - Real Estate,good repair,,FALSE
en-US,Legal  - Real Estate,good state,,FALSE
en-US,Legal  - Real Estate,goods,,FALSE
en-US,Legal  - Real Estate,goodwill,,FALSE
en-US,Legal  - Real Estate,govern,,FALSE
en-US,Legal  - Real Estate,grace period,,FALSE
en-US,Legal  - Real Estate,grade,,FALSE
en-US,Legal  - Real Estate,grant,,FALSE
en-US,Legal  - Real Estate,graphic,,FALSE
en-US,Legal  - Real Estate,greenway,,FALSE
en-US,Legal  - Real Estate,gross income,,FALSE
en-US,Legal  - Real Estate,gross lease,,FALSE
en-US,Legal  - Real Estate,gross negligence,,FALSE
en-US,Legal  - Real Estate,gross rentable,,FALSE
en-US,Legal  - Real Estate,ground,,FALSE
en-US,Legal  - Real Estate,grow,,FALSE
en-US,Legal  - Real Estate,guarantee,,FALSE
en-US,Legal  - Real Estate,guaranties,,FALSE
en-US,Legal  - Real Estate,guarantor,,FALSE
en-US,Legal  - Real Estate,guaranty,,FALSE
en-US,Legal  - Real Estate,guard,,FALSE
en-US,Legal  - Real Estate,guest,,FALSE
en-US,Legal  - Real Estate,guidelines,,FALSE
en-US,Legal  - Real Estate,guilty,,FALSE
en-US,Legal  - Real Estate,hall,,FALSE
en-US,Legal  - Real Estate,hang,,FALSE
en-US,Legal  - Real Estate,harbor,,FALSE
en-US,Legal  - Real Estate,hardware,,FALSE
en-US,Legal  - Real Estate,harm,,FALSE
en-US,Legal  - Real Estate,harmless,,FALSE
en-US,Legal  - Real Estate,hazard,,FALSE
en-US,Legal  - Real Estate,hazardous,,FALSE
en-US,Legal  - Real Estate,hazardous materials,,FALSE
en-US,Legal  - Real Estate,health,,FALSE
en-US,Legal  - Real Estate,heat,,FALSE
en-US,Legal  - Real Estate,heavy,,FALSE
en-US,Legal  - Real Estate,height,,FALSE
en-US,Legal  - Real Estate,heir,,FALSE
en-US,Legal  - Real Estate,high,,FALSE
en-US,Legal  - Real Estate,highway,,FALSE
en-US,Legal  - Real Estate,hill,,FALSE
en-US,Legal  - Real Estate,hinder,,FALSE
en-US,Legal  - Real Estate,hindrance,,FALSE
en-US,Legal  - Real Estate,hire,,FALSE
en-US,Legal  - Real Estate,hiring,,FALSE
en-US,Legal  - Real Estate,hold harmless,,FALSE
en-US,Legal  - Real Estate,hole,,FALSE
en-US,Legal  - Real Estate,hospital,,FALSE
en-US,Legal  - Real Estate,hostile,,FALSE
en-US,Legal  - Real Estate,hour,,FALSE
en-US,Legal  - Real Estate,house,,FALSE
en-US,Legal  - Real Estate,housing,,FALSE
en-US,Legal  - Real Estate,hundred dollars,,FALSE
en-US,Legal  - Real Estate,hung,,FALSE
en-US,Legal  - Real Estate,HVAC,"heating, ventilation, and air conditioning",TRUE
en-US,Legal  - Real Estate,identical,,FALSE
en-US,Legal  - Real Estate,identification,,FALSE
en-US,Legal  - Real Estate,identified,,FALSE
en-US,Legal  - Real Estate,identifies,,FALSE
en-US,Legal  - Real Estate,identify,,FALSE
en-US,Legal  - Real Estate,illegal,,FALSE
en-US,Legal  - Real Estate,illegible,,FALSE
en-US,Legal  - Real Estate,illumination,,FALSE
en-US,Legal  - Real Estate,immovable,,FALSE
en-US,Legal  - Real Estate,impair,,FALSE
en-US,Legal  - Real Estate,impede,,FALSE
en-US,Legal  - Real Estate,implement,,FALSE
en-US,Legal  - Real Estate,implied,,FALSE
en-US,Legal  - Real Estate,impose,,FALSE
en-US,Legal  - Real Estate,imposing,,FALSE
en-US,Legal  - Real Estate,improve,,FALSE
en-US,Legal  - Real Estate,improvements,,FALSE
en-US,Legal  - Real Estate,improving,,FALSE
en-US,Legal  - Real Estate,impute,,FALSE
en-US,Legal  - Real Estate,imputed,,FALSE
en-US,Legal  - Real Estate,incentive,,FALSE
en-US,Legal  - Real Estate,inch,,FALSE
en-US,Legal  - Real Estate,incident,,FALSE
en-US,Legal  - Real Estate,incineration,,FALSE
en-US,Legal  - Real Estate,income,,FALSE
en-US,Legal  - Real Estate,inconvenience,,FALSE
en-US,Legal  - Real Estate,incorporated,,FALSE
en-US,Legal  - Real Estate,increasing,,FALSE
en-US,Legal  - Real Estate,incur,,FALSE
en-US,Legal  - Real Estate,indebtedness,,FALSE
en-US,Legal  - Real Estate,indemity,,FALSE
en-US,Legal  - Real Estate,indemnification,,FALSE
en-US,Legal  - Real Estate,indemnified,,FALSE
en-US,Legal  - Real Estate,indemnifies,,FALSE
en-US,Legal  - Real Estate,indemnify,,FALSE
en-US,Legal  - Real Estate,index,,FALSE
en-US,Legal  - Real Estate,indoor,,FALSE
en-US,Legal  - Real Estate,industrial,,FALSE
en-US,Legal  - Real Estate,industries,,FALSE
en-US,Legal  - Real Estate,industry,,FALSE
en-US,Legal  - Real Estate,infested,,FALSE
en-US,Legal  - Real Estate,inflammable,,FALSE
en-US,Legal  - Real Estate,ingress,,FALSE
en-US,Legal  - Real Estate,initial,,FALSE
en-US,Legal  - Real Estate,injure,,FALSE
en-US,Legal  - Real Estate,injuries,,FALSE
en-US,Legal  - Real Estate,injury,,FALSE
en-US,Legal  - Real Estate,inland,,FALSE
en-US,Legal  - Real Estate,inline,,FALSE
en-US,Legal  - Real Estate,inside,,FALSE
en-US,Legal  - Real Estate,insolvency,,FALSE
en-US,Legal  - Real Estate,insolvent,,FALSE
en-US,Legal  - Real Estate,inspect,,FALSE
en-US,Legal  - Real Estate,inspection,,FALSE
en-US,Legal  - Real Estate,install,,FALSE
en-US,Legal  - Real Estate,installation,,FALSE
en-US,Legal  - Real Estate,installations,,FALSE
en-US,Legal  - Real Estate,installed,,FALSE
en-US,Legal  - Real Estate,installment,,FALSE
en-US,Legal  - Real Estate,installments,,FALSE
en-US,Legal  - Real Estate,institute,,FALSE
en-US,Legal  - Real Estate,institution,,FALSE
en-US,Legal  - Real Estate,institutional,,FALSE
en-US,Legal  - Real Estate,instruct,,FALSE
en-US,Legal  - Real Estate,insurable,,FALSE
en-US,Legal  - Real Estate,insurable improvements,,FALSE
en-US,Legal  - Real Estate,insurance,,FALSE
en-US,Legal  - Real Estate,insurance company,,FALSE
en-US,Legal  - Real Estate,insurance policies,,FALSE
en-US,Legal  - Real Estate,insurance policy,,FALSE
en-US,Legal  - Real Estate,insure,,FALSE
en-US,Legal  - Real Estate,insured,,FALSE
en-US,Legal  - Real Estate,insuring,,FALSE
en-US,Legal  - Real Estate,intact,,FALSE
en-US,Legal  - Real Estate,interest,,FALSE
en-US,Legal  - Real Estate,interfere,,FALSE
en-US,Legal  - Real Estate,interior,,FALSE
en-US,Legal  - Real Estate,internal,,FALSE
en-US,Legal  - Real Estate,international,,FALSE
en-US,Legal  - Real Estate,internet,,FALSE
en-US,Legal  - Real Estate,interrupt,,FALSE
en-US,Legal  - Real Estate,interstate,,FALSE
en-US,Legal  - Real Estate,inure,,FALSE
en-US,Legal  - Real Estate,invalid,,FALSE
en-US,Legal  - Real Estate,invasion,,FALSE
en-US,Legal  - Real Estate,inventory,,FALSE
en-US,Legal  - Real Estate,investment,,FALSE
en-US,Legal  - Real Estate,investor,,FALSE
en-US,Legal  - Real Estate,invoice,,FALSE
en-US,Legal  - Real Estate,irrevocable,,FALSE
en-US,Legal  - Real Estate,irrigate,,FALSE
en-US,Legal  - Real Estate,irrigation,,FALSE
en-US,Legal  - Real Estate,issuance,,FALSE
en-US,Legal  - Real Estate,issue,,FALSE
en-US,Legal  - Real Estate,IVAC,,FALSE
en-US,Legal  - Real Estate,janitorial,,FALSE
en-US,Legal  - Real Estate,join,,FALSE
en-US,Legal  - Real Estate,joinder,,FALSE
en-US,Legal  - Real Estate,joint,,FALSE
en-US,Legal  - Real Estate,judgement,,FALSE
en-US,Legal  - Real Estate,judicial,,FALSE
en-US,Legal  - Real Estate,jurisdiction,,FALSE
en-US,Legal  - Real Estate,juvenile,,FALSE
en-US,Legal  - Real Estate,kept,,FALSE
en-US,Legal  - Real Estate,keys,,FALSE
en-US,Legal  - Real Estate,kilometers,,FALSE
en-US,Legal  - Real Estate,kitchen,,FALSE
en-US,Legal  - Real Estate,labor,,FALSE
en-US,Legal  - Real Estate,lake,,FALSE
en-US,Legal  - Real Estate,land,,FALSE
en-US,Legal  - Real Estate,landlord,,FALSE
en-US,Legal  - Real Estate,landlord tenant,,FALSE
en-US,Legal  - Real Estate,landscape,,FALSE
en-US,Legal  - Real Estate,lane,,FALSE
en-US,Legal  - Real Estate,lapse,,FALSE
en-US,Legal  - Real Estate,late charge,,FALSE
en-US,Legal  - Real Estate,late installments,,FALSE
en-US,Legal  - Real Estate,late payment,,FALSE
en-US,Legal  - Real Estate,latent,,FALSE
en-US,Legal  - Real Estate,law,,FALSE
en-US,Legal  - Real Estate,layout,,FALSE
en-US,Legal  - Real Estate,lazardous,,FALSE
en-US,Legal  - Real Estate,leaching,,FALSE
en-US,Legal  - Real Estate,leak,,FALSE
en-US,Legal  - Real Estate,leasable,,FALSE
en-US,Legal  - Real Estate,lease,,FALSE
en-US,Legal  - Real Estate,leasing,,FALSE
en-US,Legal  - Real Estate,legal,,FALSE
en-US,Legal  - Real Estate,lend,,FALSE
en-US,Legal  - Real Estate,lender,,FALSE
en-US,Legal  - Real Estate,length,,FALSE
en-US,Legal  - Real Estate,lessee,,FALSE
en-US,Legal  - Real Estate,lessor,,FALSE
en-US,Legal  - Real Estate,letter of credit,,FALSE
en-US,Legal  - Real Estate,letter of intent,,FALSE
en-US,Legal  - Real Estate,lettering,,FALSE
en-US,Legal  - Real Estate,level,,FALSE
en-US,Legal  - Real Estate,levied,,FALSE
en-US,Legal  - Real Estate,levies,,FALSE
en-US,Legal  - Real Estate,levy,,FALSE
en-US,Legal  - Real Estate,liabilities,,FALSE
en-US,Legal  - Real Estate,liability,,FALSE
en-US,Legal  - Real Estate,liable,,FALSE
en-US,Legal  - Real Estate,liazardous,,FALSE
en-US,Legal  - Real Estate,liazardous materials,,FALSE
en-US,Legal  - Real Estate,license,,FALSE
en-US,Legal  - Real Estate,licensor,,FALSE
en-US,Legal  - Real Estate,lien,,FALSE
en-US,Legal  - Real Estate,lieu,,FALSE
en-US,Legal  - Real Estate,light,,FALSE
en-US,Legal  - Real Estate,limit,,FALSE
en-US,Legal  - Real Estate,limited,,FALSE
en-US,Legal  - Real Estate,limited company,,FALSE
en-US,Legal  - Real Estate,limited liability,,FALSE
en-US,Legal  - Real Estate,limited liability company,,FALSE
en-US,Legal  - Real Estate,limited liability partnership,,FALSE
en-US,Legal  - Real Estate,limited partnership,,FALSE
en-US,Legal  - Real Estate,listed,,FALSE
en-US,Legal  - Real Estate,litigating,,FALSE
en-US,Legal  - Real Estate,litigation,,FALSE
en-US,Legal  - Real Estate,live,,FALSE
en-US,Legal  - Real Estate,living,,FALSE
en-US,Legal  - Real Estate,load,,FALSE
en-US,Legal  - Real Estate,loan,,FALSE
en-US,Legal  - Real Estate,lobby,,FALSE
en-US,Legal  - Real Estate,local,,FALSE
en-US,Legal  - Real Estate,locality,,FALSE
en-US,Legal  - Real Estate,locate,,FALSE
en-US,Legal  - Real Estate,location,,FALSE
en-US,Legal  - Real Estate,lock,,FALSE
en-US,Legal  - Real Estate,lodging,,FALSE
en-US,Legal  - Real Estate,loss,,FALSE
en-US,Legal  - Real Estate,lost,,FALSE
en-US,Legal  - Real Estate,lot,,FALSE
en-US,Legal  - Real Estate,loud,,FALSE
en-US,Legal  - Real Estate,lower,,FALSE
en-US,Legal  - Real Estate,machine,,FALSE
en-US,Legal  - Real Estate,mail,,FALSE
en-US,Legal  - Real Estate,main lease,,FALSE
en-US,Legal  - Real Estate,main lobby,,FALSE
en-US,Legal  - Real Estate,main sprinkler,,FALSE
en-US,Legal  - Real Estate,maintain,,FALSE
en-US,Legal  - Real Estate,maintenance,,FALSE
en-US,Legal  - Real Estate,majeure,,FALSE
en-US,Legal  - Real Estate,major,,FALSE
en-US,Legal  - Real Estate,malfunction,,FALSE
en-US,Legal  - Real Estate,management,,FALSE
en-US,Legal  - Real Estate,manager,,FALSE
en-US,Legal  - Real Estate,managing,,FALSE
en-US,Legal  - Real Estate,mandated,,FALSE
en-US,Legal  - Real Estate,mandatory,,FALSE
en-US,Legal  - Real Estate,manufacture,,FALSE
en-US,Legal  - Real Estate,manufacturing,,FALSE
en-US,Legal  - Real Estate,maps,,FALSE
en-US,Legal  - Real Estate,margin,,FALSE
en-US,Legal  - Real Estate,market,,FALSE
en-US,Legal  - Real Estate,marquee,,FALSE
en-US,Legal  - Real Estate,master agreement,,FALSE
en-US,Legal  - Real Estate,master equipment,,FALSE
en-US,Legal  - Real Estate,master lease,,FALSE
en-US,Legal  - Real Estate,material,,FALSE
en-US,Legal  - Real Estate,matter,,FALSE
en-US,Legal  - Real Estate,maximum,,FALSE
en-US,Legal  - Real Estate,measure,,FALSE
en-US,Legal  - Real Estate,mechanic,,FALSE
en-US,Legal  - Real Estate,medical,,FALSE
en-US,Legal  - Real Estate,merchandise,,FALSE
en-US,Legal  - Real Estate,merge,,FALSE
en-US,Legal  - Real Estate,meter,,FALSE
en-US,Legal  - Real Estate,mile,,FALSE
en-US,Legal  - Real Estate,mine,,FALSE
en-US,Legal  - Real Estate,minimis,,FALSE
en-US,Legal  - Real Estate,minimum,,FALSE
en-US,Legal  - Real Estate,mining,,FALSE
en-US,Legal  - Real Estate,misconduct,,FALSE
en-US,Legal  - Real Estate,misrepresentation,,FALSE
en-US,Legal  - Real Estate,mitigate,,FALSE
en-US,Legal  - Real Estate,mitigation,,FALSE
en-US,Legal  - Real Estate,modification,,FALSE
en-US,Legal  - Real Estate,modified,,FALSE
en-US,Legal  - Real Estate,modify,,FALSE
en-US,Legal  - Real Estate,monetary,,FALSE
en-US,Legal  - Real Estate,money,,FALSE
en-US,Legal  - Real Estate,monies,,FALSE
en-US,Legal  - Real Estate,monitor,,FALSE
en-US,Legal  - Real Estate,month,,FALSE
en-US,Legal  - Real Estate,monthly,,FALSE
en-US,Legal  - Real Estate,monument,,FALSE
en-US,Legal  - Real Estate,mortgage,,FALSE
en-US,Legal  - Real Estate,mounted,,FALSE
en-US,Legal  - Real Estate,movable,,FALSE
en-US,Legal  - Real Estate,move,,FALSE
en-US,Legal  - Real Estate,moving,,FALSE
en-US,Legal  - Real Estate,municipal,,FALSE
en-US,Legal  - Real Estate,music,,FALSE
en-US,Legal  - Real Estate,mutual,,FALSE
en-US,Legal  - Real Estate,natural,,FALSE
en-US,Legal  - Real Estate,nature,,FALSE
en-US,Legal  - Real Estate,navigable,,FALSE
en-US,Legal  - Real Estate,near,,FALSE
en-US,Legal  - Real Estate,neglect,,FALSE
en-US,Legal  - Real Estate,negligence,,FALSE
en-US,Legal  - Real Estate,negligent,,FALSE
en-US,Legal  - Real Estate,negotiable,,FALSE
en-US,Legal  - Real Estate,negotiate,,FALSE
en-US,Legal  - Real Estate,negotiation,,FALSE
en-US,Legal  - Real Estate,neighbor,,FALSE
en-US,Legal  - Real Estate,neighboring,,FALSE
en-US,Legal  - Real Estate,networks,,FALSE
en-US,Legal  - Real Estate,noise,,FALSE
en-US,Legal  - Real Estate,noncancelable,,FALSE
en-US,Legal  - Real Estate,noncompliance,,FALSE
en-US,Legal  - Real Estate,nondisturbance,,FALSE
en-US,Legal  - Real Estate,nonexclusive,,FALSE
en-US,Legal  - Real Estate,nonexclusive license,,FALSE
en-US,Legal  - Real Estate,nonowned,,FALSE
en-US,Legal  - Real Estate,nonpayment,,FALSE
en-US,Legal  - Real Estate,nonperformance,,FALSE
en-US,Legal  - Real Estate,nonrecurring,,FALSE
en-US,Legal  - Real Estate,nonreserved parking,,FALSE
en-US,Legal  - Real Estate,nonstructural,,FALSE
en-US,Legal  - Real Estate,nontoxic,,FALSE
en-US,Legal  - Real Estate,normal business,,FALSE
en-US,Legal  - Real Estate,normal course of business,,FALSE
en-US,Legal  - Real Estate,normal operation,,FALSE
en-US,Legal  - Real Estate,north,,FALSE
en-US,Legal  - Real Estate,notary,,FALSE
en-US,Legal  - Real Estate,notice,,FALSE
en-US,Legal  - Real Estate,notification,,FALSE
en-US,Legal  - Real Estate,notified,,FALSE
en-US,Legal  - Real Estate,notify,,FALSE
en-US,Legal  - Real Estate,nuisance,,FALSE
en-US,Legal  - Real Estate,number,,FALSE
en-US,Legal  - Real Estate,object,,FALSE
en-US,Legal  - Real Estate,obligate,,FALSE
en-US,Legal  - Real Estate,obligation,,FALSE
en-US,Legal  - Real Estate,observe,,FALSE
en-US,Legal  - Real Estate,obstruct,,FALSE
en-US,Legal  - Real Estate,obtain,,FALSE
en-US,Legal  - Real Estate,occupancy,,FALSE
en-US,Legal  - Real Estate,occupant,,FALSE
en-US,Legal  - Real Estate,occupation,,FALSE
en-US,Legal  - Real Estate,occupied,,FALSE
en-US,Legal  - Real Estate,occupy,,FALSE
en-US,Legal  - Real Estate,ocean,,FALSE
en-US,Legal  - Real Estate,odor,,FALSE
en-US,Legal  - Real Estate,offending,,FALSE
en-US,Legal  - Real Estate,offensive,,FALSE
en-US,Legal  - Real Estate,offer,,FALSE
en-US,Legal  - Real Estate,office,,FALSE
en-US,Legal  - Real Estate,offsite,,FALSE
en-US,Legal  - Real Estate,omission,,FALSE
en-US,Legal  - Real Estate,omit,,FALSE
en-US,Legal  - Real Estate,onsite,,FALSE
en-US,Legal  - Real Estate,operable,,FALSE
en-US,Legal  - Real Estate,operable automobiles,,FALSE
en-US,Legal  - Real Estate,operate,,FALSE
en-US,Legal  - Real Estate,operation,,FALSE
en-US,Legal  - Real Estate,operative,,FALSE
en-US,Legal  - Real Estate,ordinance,,FALSE
en-US,Legal  - Real Estate,original,,FALSE
en-US,Legal  - Real Estate,outdoor,,FALSE
en-US,Legal  - Real Estate,outlet,,FALSE
en-US,Legal  - Real Estate,outside,,FALSE
en-US,Legal  - Real Estate,outstanding,,FALSE
en-US,Legal  - Real Estate,overage,,FALSE
en-US,Legal  - Real Estate,overdue,,FALSE
en-US,Legal  - Real Estate,overhaul,,FALSE
en-US,Legal  - Real Estate,overhead,,FALSE
en-US,Legal  - Real Estate,overload,,FALSE
en-US,Legal  - Real Estate,overnight,,FALSE
en-US,Legal  - Real Estate,overpayment,,FALSE
en-US,Legal  - Real Estate,owe,,FALSE
en-US,Legal  - Real Estate,owing,,FALSE
en-US,Legal  - Real Estate,own,,FALSE
en-US,Legal  - Real Estate,owner,,FALSE
en-US,Legal  - Real Estate,ownership,,FALSE
en-US,Legal  - Real Estate,paid,,FALSE
en-US,Legal  - Real Estate,paint,,FALSE
en-US,Legal  - Real Estate,panel,,FALSE
en-US,Legal  - Real Estate,parcel,,FALSE
en-US,Legal  - Real Estate,park,,FALSE
en-US,Legal  - Real Estate,parking,,FALSE
en-US,Legal  - Real Estate,parkway,,FALSE
en-US,Legal  - Real Estate,partial,,FALSE
en-US,Legal  - Real Estate,parties,,FALSE
en-US,Legal  - Real Estate,partitions,,FALSE
en-US,Legal  - Real Estate,parts,,FALSE
en-US,Legal  - Real Estate,pass keys,,FALSE
en-US,Legal  - Real Estate,passage,,FALSE
en-US,Legal  - Real Estate,passageway,,FALSE
en-US,Legal  - Real Estate,passageways,,FALSE
en-US,Legal  - Real Estate,passenger,,FALSE
en-US,Legal  - Real Estate,passes,,FALSE
en-US,Legal  - Real Estate,patrol,,FALSE
en-US,Legal  - Real Estate,patron,,FALSE
en-US,Legal  - Real Estate,patronage,,FALSE
en-US,Legal  - Real Estate,pave,,FALSE
en-US,Legal  - Real Estate,paving,,FALSE
en-US,Legal  - Real Estate,payable,,FALSE
en-US,Legal  - Real Estate,payable equal,,FALSE
en-US,Legal  - Real Estate,payable tenant,,FALSE
en-US,Legal  - Real Estate,payee,,FALSE
en-US,Legal  - Real Estate,payment,,FALSE
en-US,Legal  - Real Estate,payment data amendment,,FALSE
en-US,Legal  - Real Estate,payment payable,,FALSE
en-US,Legal  - Real Estate,payments,,FALSE
en-US,Legal  - Real Estate,peace,,FALSE
en-US,Legal  - Real Estate,peddling,,FALSE
en-US,Legal  - Real Estate,pedestal,,FALSE
en-US,Legal  - Real Estate,penalties,,FALSE
en-US,Legal  - Real Estate,penalty,,FALSE
en-US,Legal  - Real Estate,penetration,,FALSE
en-US,Legal  - Real Estate,pennant,,FALSE
en-US,Legal  - Real Estate,pennsylvania,,FALSE
en-US,Legal  - Real Estate,people,,FALSE
en-US,Legal  - Real Estate,percent,,FALSE
en-US,Legal  - Real Estate,percentage,,FALSE
en-US,Legal  - Real Estate,perfected,,FALSE
en-US,Legal  - Real Estate,perform,,FALSE
en-US,Legal  - Real Estate,peril,,FALSE
en-US,Legal  - Real Estate,period,,FALSE
en-US,Legal  - Real Estate,period square,,FALSE
en-US,Legal  - Real Estate,period square foot,,FALSE
en-US,Legal  - Real Estate,permanent,,FALSE
en-US,Legal  - Real Estate,permission,,FALSE
en-US,Legal  - Real Estate,permit,,FALSE
en-US,Legal  - Real Estate,permits,,FALSE
en-US,Legal  - Real Estate,permitted,,FALSE
en-US,Legal  - Real Estate,perpetua,,FALSE
en-US,Legal  - Real Estate,perpetual,,FALSE
en-US,Legal  - Real Estate,personal,,FALSE
en-US,Legal  - Real Estate,personal property,,FALSE
en-US,Legal  - Real Estate,pest,,FALSE
en-US,Legal  - Real Estate,pest control,,FALSE
en-US,Legal  - Real Estate,petition,,FALSE
en-US,Legal  - Real Estate,petroleum,,FALSE
en-US,Legal  - Real Estate,phase,,FALSE
en-US,Legal  - Real Estate,physical,,FALSE
en-US,Legal  - Real Estate,pile,,FALSE
en-US,Legal  - Real Estate,pilot,,FALSE
en-US,Legal  - Real Estate,pipe,,FALSE
en-US,Legal  - Real Estate,pipeline,,FALSE
en-US,Legal  - Real Estate,piping,,FALSE
en-US,Legal  - Real Estate,plane,,FALSE
en-US,Legal  - Real Estate,plans,,FALSE
en-US,Legal  - Real Estate,plant,,FALSE
en-US,Legal  - Real Estate,plaster,,FALSE
en-US,Legal  - Real Estate,plat,,FALSE
en-US,Legal  - Real Estate,plate,,FALSE
en-US,Legal  - Real Estate,plaza,,FALSE
en-US,Legal  - Real Estate,pledge,,FALSE
en-US,Legal  - Real Estate,plot,,FALSE
en-US,Legal  - Real Estate,plumbing,,FALSE
en-US,Legal  - Real Estate,pole,,FALSE
en-US,Legal  - Real Estate,policies,,FALSE
en-US,Legal  - Real Estate,policy,,FALSE
en-US,Legal  - Real Estate,pollutant,,FALSE
en-US,Legal  - Real Estate,pollution,,FALSE
en-US,Legal  - Real Estate,pond,,FALSE
en-US,Legal  - Real Estate,portable,,FALSE
en-US,Legal  - Real Estate,portion,,FALSE
en-US,Legal  - Real Estate,position,,FALSE
en-US,Legal  - Real Estate,possess,,FALSE
en-US,Legal  - Real Estate,possession,,FALSE
en-US,Legal  - Real Estate,postage,,FALSE
en-US,Legal  - Real Estate,postal,,FALSE
en-US,Legal  - Real Estate,posting,,FALSE
en-US,Legal  - Real Estate,power,,FALSE
en-US,Legal  - Real Estate,power source,,FALSE
en-US,Legal  - Real Estate,precious,,FALSE
en-US,Legal  - Real Estate,preclude,,FALSE
en-US,Legal  - Real Estate,predecessor,,FALSE
en-US,Legal  - Real Estate,preferred,,FALSE
en-US,Legal  - Real Estate,prejudice,,FALSE
en-US,Legal  - Real Estate,premise,,FALSE
en-US,Legal  - Real Estate,premises,,FALSE
en-US,Legal  - Real Estate,premises condition,,FALSE
en-US,Legal  - Real Estate,premises good,,FALSE
en-US,Legal  - Real Estate,premises lessor,,FALSE
en-US,Legal  - Real Estate,premises located,,FALSE
en-US,Legal  - Real Estate,premises subject,,FALSE
en-US,Legal  - Real Estate,premises used,,FALSE
en-US,Legal  - Real Estate,premium,,FALSE
en-US,Legal  - Real Estate,prepaid,,FALSE
en-US,Legal  - Real Estate,prepay,,FALSE
en-US,Legal  - Real Estate,presence,,FALSE
en-US,Legal  - Real Estate,present,,FALSE
en-US,Legal  - Real Estate,preservation,,FALSE
en-US,Legal  - Real Estate,preserve,,FALSE
en-US,Legal  - Real Estate,prevail,,FALSE
en-US,Legal  - Real Estate,prevailing,,FALSE
en-US,Legal  - Real Estate,prevailing market,,FALSE
en-US,Legal  - Real Estate,prevailing market rate,,FALSE
en-US,Legal  - Real Estate,prevent,,FALSE
en-US,Legal  - Real Estate,previous,,FALSE
en-US,Legal  - Real Estate,price,,FALSE
en-US,Legal  - Real Estate,primary landlord,,FALSE
en-US,Legal  - Real Estate,prime,,FALSE
en-US,Legal  - Real Estate,principal,,FALSE
en-US,Legal  - Real Estate,principals,,FALSE
en-US,Legal  - Real Estate,prior written,,FALSE
en-US,Legal  - Real Estate,prior written consent,,FALSE
en-US,Legal  - Real Estate,private,,FALSE
en-US,Legal  - Real Estate,privilege,,FALSE
en-US,Legal  - Real Estate,proceedings,,FALSE
en-US,Legal  - Real Estate,proceeds,,FALSE
en-US,Legal  - Real Estate,procure,,FALSE
en-US,Legal  - Real Estate,produce,,FALSE
en-US,Legal  - Real Estate,producing,,FALSE
en-US,Legal  - Real Estate,product,,FALSE
en-US,Legal  - Real Estate,professional,,FALSE
en-US,Legal  - Real Estate,profit,,FALSE
en-US,Legal  - Real Estate,prohibit,,FALSE
en-US,Legal  - Real Estate,project,,FALSE
en-US,Legal  - Real Estate,promissory,,FALSE
en-US,Legal  - Real Estate,promotional,,FALSE
en-US,Legal  - Real Estate,propane,,FALSE
en-US,Legal  - Real Estate,properties,,FALSE
en-US,Legal  - Real Estate,property,,FALSE
en-US,Legal  - Real Estate,property damage,,FALSE
en-US,Legal  - Real Estate,property taxes,,FALSE
en-US,Legal  - Real Estate,property tenant,,FALSE
en-US,Legal  - Real Estate,proportion,,FALSE
en-US,Legal  - Real Estate,proposal,,FALSE
en-US,Legal  - Real Estate,propose,,FALSE
en-US,Legal  - Real Estate,prorata,,FALSE
en-US,Legal  - Real Estate,prorate,,FALSE
en-US,Legal  - Real Estate,prorated,,FALSE
en-US,Legal  - Real Estate,proration,,FALSE
en-US,Legal  - Real Estate,prospective,,FALSE
en-US,Legal  - Real Estate,protect,,FALSE
en-US,Legal  - Real Estate,provide tenant,,FALSE
en-US,Legal  - Real Estate,provided,,FALSE
en-US,Legal  - Real Estate,provided tenant,,FALSE
en-US,Legal  - Real Estate,province,,FALSE
en-US,Legal  - Real Estate,public,,FALSE
en-US,Legal  - Real Estate,pump,,FALSE
en-US,Legal  - Real Estate,punitive,,FALSE
en-US,Legal  - Real Estate,purchase,,FALSE
en-US,Legal  - Real Estate,purchasing,,FALSE
en-US,Legal  - Real Estate,pursuant lease,,FALSE
en-US,Legal  - Real Estate,qualifications,,FALSE
en-US,Legal  - Real Estate,qualified,,FALSE
en-US,Legal  - Real Estate,quality,,FALSE
en-US,Legal  - Real Estate,quantity,,FALSE
en-US,Legal  - Real Estate,quarterly,,FALSE
en-US,Legal  - Real Estate,quiet,,FALSE
en-US,Legal  - Real Estate,quit,,FALSE
en-US,Legal  - Real Estate,quitclaim,,FALSE
en-US,Legal  - Real Estate,racine,,FALSE
en-US,Legal  - Real Estate,radio,,FALSE
en-US,Legal  - Real Estate,radius,,FALSE
en-US,Legal  - Real Estate,radon,,FALSE
en-US,Legal  - Real Estate,railroad,,FALSE
en-US,Legal  - Real Estate,rain,,FALSE
en-US,Legal  - Real Estate,ranch,,FALSE
en-US,Legal  - Real Estate,rata,,FALSE
en-US,Legal  - Real Estate,rata share,,FALSE
en-US,Legal  - Real Estate,ratable,,FALSE
en-US,Legal  - Real Estate,rate,,FALSE
en-US,Legal  - Real Estate,rating,,FALSE
en-US,Legal  - Real Estate,ratio,,FALSE
en-US,Legal  - Real Estate,ready,,FALSE
en-US,Legal  - Real Estate,real,,FALSE
en-US,Legal  - Real Estate,real estate,,FALSE
en-US,Legal  - Real Estate,real estate broker,,FALSE
en-US,Legal  - Real Estate,real estate investment trust,REIT,FALSE
en-US,Legal  - Real Estate,real property,,FALSE
en-US,Legal  - Real Estate,realize,,FALSE
en-US,Legal  - Real Estate,realty,,FALSE
en-US,Legal  - Real Estate,reasonable,,FALSE
en-US,Legal  - Real Estate,reasonable efforts obtain,,FALSE
en-US,Legal  - Real Estate,rebate,,FALSE
en-US,Legal  - Real Estate,rebuild,,FALSE
en-US,Legal  - Real Estate,rebuilt,,FALSE
en-US,Legal  - Real Estate,recapture,,FALSE
en-US,Legal  - Real Estate,receipt tenant,,FALSE
en-US,Legal  - Real Estate,receptacle,,FALSE
en-US,Legal  - Real Estate,reception,,FALSE
en-US,Legal  - Real Estate,recipient,,FALSE
en-US,Legal  - Real Estate,reciprocal,,FALSE
en-US,Legal  - Real Estate,reclamation,,FALSE
en-US,Legal  - Real Estate,recognition,,FALSE
en-US,Legal  - Real Estate,recognize,,FALSE
en-US,Legal  - Real Estate,reconfiguration,,FALSE
en-US,Legal  - Real Estate,reconstruct,,FALSE
en-US,Legal  - Real Estate,record,,FALSE
en-US,Legal  - Real Estate,recourse,,FALSE
en-US,Legal  - Real Estate,recover,,FALSE
en-US,Legal  - Real Estate,recur,,FALSE
en-US,Legal  - Real Estate,recycle,,FALSE
en-US,Legal  - Real Estate,recycling,,FALSE
en-US,Legal  - Real Estate,reduce,,FALSE
en-US,Legal  - Real Estate,reduction date,,FALSE
en-US,Legal  - Real Estate,reenter,,FALSE
en-US,Legal  - Real Estate,reentry,,FALSE
en-US,Legal  - Real Estate,refer,,FALSE
en-US,Legal  - Real Estate,reference,,FALSE
en-US,Legal  - Real Estate,referred,,FALSE
en-US,Legal  - Real Estate,refinance,,FALSE
en-US,Legal  - Real Estate,refinancing,,FALSE
en-US,Legal  - Real Estate,refrigerator,,FALSE
en-US,Legal  - Real Estate,refund,,FALSE
en-US,Legal  - Real Estate,refundable,,FALSE
en-US,Legal  - Real Estate,refusal,,FALSE
en-US,Legal  - Real Estate,refuse,,FALSE
en-US,Legal  - Real Estate,regard,,FALSE
en-US,Legal  - Real Estate,region,,FALSE
en-US,Legal  - Real Estate,regional,,FALSE
en-US,Legal  - Real Estate,register,,FALSE
en-US,Legal  - Real Estate,registrant,,FALSE
en-US,Legal  - Real Estate,registry,,FALSE
en-US,Legal  - Real Estate,regulate,,FALSE
en-US,Legal  - Real Estate,regulation,,FALSE
en-US,Legal  - Real Estate,regulations,,FALSE
en-US,Legal  - Real Estate,reimbursable,,FALSE
en-US,Legal  - Real Estate,reimburse,,FALSE
en-US,Legal  - Real Estate,reimburse landlord,,FALSE
en-US,Legal  - Real Estate,reinstate,,FALSE
en-US,Legal  - Real Estate,relationship,,FALSE
en-US,Legal  - Real Estate,release,,FALSE
en-US,Legal  - Real Estate,relet,,FALSE
en-US,Legal  - Real Estate,reletting,,FALSE
en-US,Legal  - Real Estate,relocate,,FALSE
en-US,Legal  - Real Estate,relocation,,FALSE
en-US,Legal  - Real Estate,remainder,,FALSE
en-US,Legal  - Real Estate,remediate,,FALSE
en-US,Legal  - Real Estate,remediation,,FALSE
en-US,Legal  - Real Estate,remedies,,FALSE
en-US,Legal  - Real Estate,remit,,FALSE
en-US,Legal  - Real Estate,remodel,,FALSE
en-US,Legal  - Real Estate,remote,,FALSE
en-US,Legal  - Real Estate,removable,,FALSE
en-US,Legal  - Real Estate,removal,,FALSE
en-US,Legal  - Real Estate,remove,,FALSE
en-US,Legal  - Real Estate,removing,,FALSE
en-US,Legal  - Real Estate,render,,FALSE
en-US,Legal  - Real Estate,renegotiate,,FALSE
en-US,Legal  - Real Estate,renew,,FALSE
en-US,Legal  - Real Estate,renewable,,FALSE
en-US,Legal  - Real Estate,renewal,,FALSE
en-US,Legal  - Real Estate,renewal option,,FALSE
en-US,Legal  - Real Estate,renewal period,,FALSE
en-US,Legal  - Real Estate,renewal period square,,FALSE
en-US,Legal  - Real Estate,renewal term,,FALSE
en-US,Legal  - Real Estate,renewal thereof,,FALSE
en-US,Legal  - Real Estate,renovate,,FALSE
en-US,Legal  - Real Estate,renovating,,FALSE
en-US,Legal  - Real Estate,renovation,,FALSE
en-US,Legal  - Real Estate,rent,,FALSE
en-US,Legal  - Real Estate,rent commencement,,FALSE
en-US,Legal  - Real Estate,rent commencement date,,FALSE
en-US,Legal  - Real Estate,rent paid,,FALSE
en-US,Legal  - Real Estate,rent payable,,FALSE
en-US,Legal  - Real Estate,rent payment,,FALSE
en-US,Legal  - Real Estate,rentable,,FALSE
en-US,Legal  - Real Estate,rentable area,,FALSE
en-US,Legal  - Real Estate,rentable square,,FALSE
en-US,Legal  - Real Estate,rentable square feet,,FALSE
en-US,Legal  - Real Estate,rentable square foot,,FALSE
en-US,Legal  - Real Estate,rental,,FALSE
en-US,Legal  - Real Estate,rents,,FALSE
en-US,Legal  - Real Estate,reorganization,,FALSE
en-US,Legal  - Real Estate,repaid,,FALSE
en-US,Legal  - Real Estate,repair,,FALSE
en-US,Legal  - Real Estate,repairs,,FALSE
en-US,Legal  - Real Estate,repairs made,,FALSE
en-US,Legal  - Real Estate,repairs or alterations,,FALSE
en-US,Legal  - Real Estate,repay,,FALSE
en-US,Legal  - Real Estate,replace,,FALSE
en-US,Legal  - Real Estate,replaced,,FALSE
en-US,Legal  - Real Estate,replaced entirety following,,FALSE
en-US,Legal  - Real Estate,replacement,,FALSE
en-US,Legal  - Real Estate,replacements,,FALSE
en-US,Legal  - Real Estate,replacing,,FALSE
en-US,Legal  - Real Estate,replenish,,FALSE
en-US,Legal  - Real Estate,report,,FALSE
en-US,Legal  - Real Estate,repossess,,FALSE
en-US,Legal  - Real Estate,request,,FALSE
en-US,Legal  - Real Estate,required landlord,,FALSE
en-US,Legal  - Real Estate,required obtained,,FALSE
en-US,Legal  - Real Estate,requirements,,FALSE
en-US,Legal  - Real Estate,research,,FALSE
en-US,Legal  - Real Estate,reservation,,FALSE
en-US,Legal  - Real Estate,reserve,,FALSE
en-US,Legal  - Real Estate,reserved,,FALSE
en-US,Legal  - Real Estate,reserves,,FALSE
en-US,Legal  - Real Estate,reserves right,,FALSE
en-US,Legal  - Real Estate,residence,,FALSE
en-US,Legal  - Real Estate,resident,,FALSE
en-US,Legal  - Real Estate,residential,,FALSE
en-US,Legal  - Real Estate,residual,,FALSE
en-US,Legal  - Real Estate,residue,,FALSE
en-US,Legal  - Real Estate,resort,,FALSE
en-US,Legal  - Real Estate,resource,,FALSE
en-US,Legal  - Real Estate,responsibility,,FALSE
en-US,Legal  - Real Estate,responsible,,FALSE
en-US,Legal  - Real Estate,restated,,FALSE
en-US,Legal  - Real Estate,restaurant,,FALSE
en-US,Legal  - Real Estate,restoration,,FALSE
en-US,Legal  - Real Estate,restore,,FALSE
en-US,Legal  - Real Estate,restoring,,FALSE
en-US,Legal  - Real Estate,restrain,,FALSE
en-US,Legal  - Real Estate,restrict,,FALSE
en-US,Legal  - Real Estate,restrictions,,FALSE
en-US,Legal  - Real Estate,restroom,,FALSE
en-US,Legal  - Real Estate,restructure,,FALSE
en-US,Legal  - Real Estate,restructuring,,FALSE
en-US,Legal  - Real Estate,resubdivision,,FALSE
en-US,Legal  - Real Estate,retail,,FALSE
en-US,Legal  - Real Estate,retain,,FALSE
en-US,Legal  - Real Estate,retention,,FALSE
en-US,Legal  - Real Estate,retirement,,FALSE
en-US,Legal  - Real Estate,return,,FALSE
en-US,Legal  - Real Estate,revenue,,FALSE
en-US,Legal  - Real Estate,reverse,,FALSE
en-US,Legal  - Real Estate,revert,,FALSE
en-US,Legal  - Real Estate,revised,,FALSE
en-US,Legal  - Real Estate,revocable,,FALSE
en-US,Legal  - Real Estate,revoke,,FALSE
en-US,Legal  - Real Estate,ridge,,FALSE
en-US,Legal  - Real Estate,right of first,,FALSE
en-US,Legal  - Real Estate,right of first offer,,FALSE
en-US,Legal  - Real Estate,rights,,FALSE
en-US,Legal  - Real Estate,riot,,FALSE
en-US,Legal  - Real Estate,rise,,FALSE
en-US,Legal  - Real Estate,risk,,FALSE
en-US,Legal  - Real Estate,riverside,,FALSE
en-US,Legal  - Real Estate,road,,FALSE
en-US,Legal  - Real Estate,roadway,,FALSE
en-US,Legal  - Real Estate,rodent,,FALSE
en-US,Legal  - Real Estate,roof,,FALSE
en-US,Legal  - Real Estate,rooftop,,FALSE
en-US,Legal  - Real Estate,room,,FALSE
en-US,Legal  - Real Estate,route,,FALSE
en-US,Legal  - Real Estate,royalties,,FALSE
en-US,Legal  - Real Estate,royalty,,FALSE
en-US,Legal  - Real Estate,rubbish,,FALSE
en-US,Legal  - Real Estate,rug,,FALSE
en-US,Legal  - Real Estate,rule,,FALSE
en-US,Legal  - Real Estate,ruling,,FALSE
en-US,Legal  - Real Estate,sabotage,,FALSE
en-US,Legal  - Real Estate,safe,,FALSE
en-US,Legal  - Real Estate,safe attractive,,FALSE
en-US,Legal  - Real Estate,safety,,FALSE
en-US,Legal  - Real Estate,sale,,FALSE
en-US,Legal  - Real Estate,salvageable,,FALSE
en-US,Legal  - Real Estate,sash,,FALSE
en-US,Legal  - Real Estate,satellite,,FALSE
en-US,Legal  - Real Estate,satisfactory,,FALSE
en-US,Legal  - Real Estate,satisfied,,FALSE
en-US,Legal  - Real Estate,satisfies,,FALSE
en-US,Legal  - Real Estate,satisfy,,FALSE
en-US,Legal  - Real Estate,scaffolding,,FALSE
en-US,Legal  - Real Estate,schedules thereto,,FALSE
en-US,Legal  - Real Estate,school,,FALSE
en-US,Legal  - Real Estate,screens,,FALSE
en-US,Legal  - Real Estate,secretary,,FALSE
en-US,Legal  - Real Estate,secure,,FALSE
en-US,Legal  - Real Estate,securing,,FALSE
en-US,Legal  - Real Estate,securities,,FALSE
en-US,Legal  - Real Estate,security,,FALSE
en-US,Legal  - Real Estate,security deposit,,FALSE
en-US,Legal  - Real Estate,sediment,,FALSE
en-US,Legal  - Real Estate,seize,,FALSE
en-US,Legal  - Real Estate,seizure,,FALSE
en-US,Legal  - Real Estate,sell,,FALSE
en-US,Legal  - Real Estate,serve,,FALSE
en-US,Legal  - Real Estate,service,,FALSE
en-US,Legal  - Real Estate,servicing,,FALSE
en-US,Legal  - Real Estate,setback,,FALSE
en-US,Legal  - Real Estate,setoff,,FALSE
en-US,Legal  - Real Estate,settle,,FALSE
en-US,Legal  - Real Estate,settlement,,FALSE
en-US,Legal  - Real Estate,severability,,FALSE
en-US,Legal  - Real Estate,severable,,FALSE
en-US,Legal  - Real Estate,several,,FALSE
en-US,Legal  - Real Estate,severally,,FALSE
en-US,Legal  - Real Estate,sewage,,FALSE
en-US,Legal  - Real Estate,sewer,,FALSE
en-US,Legal  - Real Estate,shades,,FALSE
en-US,Legal  - Real Estate,shafts,,FALSE
en-US,Legal  - Real Estate,share,,FALSE
en-US,Legal  - Real Estate,shed,,FALSE
en-US,Legal  - Real Estate,sheet,,FALSE
en-US,Legal  - Real Estate,sheetrock,,FALSE
en-US,Legal  - Real Estate,shelves,,FALSE
en-US,Legal  - Real Estate,shipment,,FALSE
en-US,Legal  - Real Estate,shipped,,FALSE
en-US,Legal  - Real Estate,shipping,,FALSE
en-US,Legal  - Real Estate,shop,,FALSE
en-US,Legal  - Real Estate,short,,FALSE
en-US,Legal  - Real Estate,shortage,,FALSE
en-US,Legal  - Real Estate,shortfall,,FALSE
en-US,Legal  - Real Estate,shown,,FALSE
en-US,Legal  - Real Estate,shutdown,,FALSE
en-US,Legal  - Real Estate,side,,FALSE
en-US,Legal  - Real Estate,sidewalk,,FALSE
en-US,Legal  - Real Estate,sign,,FALSE
en-US,Legal  - Real Estate,signage,,FALSE
en-US,Legal  - Real Estate,signed parties,,FALSE
en-US,Legal  - Real Estate,signed party charged,,FALSE
en-US,Legal  - Real Estate,sills,,FALSE
en-US,Legal  - Real Estate,simple,,FALSE
en-US,Legal  - Real Estate,simultaneous,,FALSE
en-US,Legal  - Real Estate,simultaneously,,FALSE
en-US,Legal  - Real Estate,sink,,FALSE
en-US,Legal  - Real Estate,site,,FALSE
en-US,Legal  - Real Estate,situated,,FALSE
en-US,Legal  - Real Estate,size,,FALSE
en-US,Legal  - Real Estate,skylight,,FALSE
en-US,Legal  - Real Estate,sleeping,,FALSE
en-US,Legal  - Real Estate,slide,,FALSE
en-US,Legal  - Real Estate,small,,FALSE
en-US,Legal  - Real Estate,smoke,,FALSE
en-US,Legal  - Real Estate,snow,,FALSE
en-US,Legal  - Real Estate,soft,,FALSE
en-US,Legal  - Real Estate,soil,,FALSE
en-US,Legal  - Real Estate,solar,,FALSE
en-US,Legal  - Real Estate,sold,,FALSE
en-US,Legal  - Real Estate,sole,,FALSE
en-US,Legal  - Real Estate,solicit,,FALSE
en-US,Legal  - Real Estate,solid,,FALSE
en-US,Legal  - Real Estate,sound,,FALSE
en-US,Legal  - Real Estate,south,,FALSE
en-US,Legal  - Real Estate,south degrees minutes,,FALSE
en-US,Legal  - Real Estate,space,,FALSE
en-US,Legal  - Real Estate,spaces,,FALSE
en-US,Legal  - Real Estate,specifically modified,,FALSE
en-US,Legal  - Real Estate,specifically provided,,FALSE
en-US,Legal  - Real Estate,spend,,FALSE
en-US,Legal  - Real Estate,spill,,FALSE
en-US,Legal  - Real Estate,spray,,FALSE
en-US,Legal  - Real Estate,sprinkler,,FALSE
en-US,Legal  - Real Estate,square feet,,FALSE
en-US,Legal  - Real Estate,square foot,,FALSE
en-US,Legal  - Real Estate,stadium,,FALSE
en-US,Legal  - Real Estate,stairway,,FALSE
en-US,Legal  - Real Estate,state local,,FALSE
en-US,Legal  - Real Estate,states,,FALSE
en-US,Legal  - Real Estate,status,,FALSE
en-US,Legal  - Real Estate,statute,,FALSE
en-US,Legal  - Real Estate,statutory,,FALSE
en-US,Legal  - Real Estate,steam,,FALSE
en-US,Legal  - Real Estate,steel,,FALSE
en-US,Legal  - Real Estate,stipulations,,FALSE
en-US,Legal  - Real Estate,storage,,FALSE
en-US,Legal  - Real Estate,store,,FALSE
en-US,Legal  - Real Estate,storing,,FALSE
en-US,Legal  - Real Estate,storm,,FALSE
en-US,Legal  - Real Estate,straight line,,FALSE
en-US,Legal  - Real Estate,stream,,FALSE
en-US,Legal  - Real Estate,street,,FALSE
en-US,Legal  - Real Estate,structural,,FALSE
en-US,Legal  - Real Estate,structure,,FALSE
en-US,Legal  - Real Estate,studio,,FALSE
en-US,Legal  - Real Estate,style,,FALSE
en-US,Legal  - Real Estate,subcontract,,FALSE
en-US,Legal  - Real Estate,subcontractors,,FALSE
en-US,Legal  - Real Estate,subdivision,,FALSE
en-US,Legal  - Real Estate,subfloor,,FALSE
en-US,Legal  - Real Estate,subject,,FALSE
en-US,Legal  - Real Estate,sublandlord,,FALSE
en-US,Legal  - Real Estate,sublease,,FALSE
en-US,Legal  - Real Estate,subleasing,,FALSE
en-US,Legal  - Real Estate,sublessee,,FALSE
en-US,Legal  - Real Estate,sublessor,,FALSE
en-US,Legal  - Real Estate,sublet,,FALSE
en-US,Legal  - Real Estate,subletting,,FALSE
en-US,Legal  - Real Estate,sublicense,,FALSE
en-US,Legal  - Real Estate,submission,,FALSE
en-US,Legal  - Real Estate,submit,,FALSE
en-US,Legal  - Real Estate,subordinate,,FALSE
en-US,Legal  - Real Estate,subordination,,FALSE
en-US,Legal  - Real Estate,subrental,,FALSE
en-US,Legal  - Real Estate,subrogation,,FALSE
en-US,Legal  - Real Estate,substance,,FALSE
en-US,Legal  - Real Estate,substances,,FALSE
en-US,Legal  - Real Estate,substandard,,FALSE
en-US,Legal  - Real Estate,substantial completion,,FALSE
en-US,Legal  - Real Estate,substitute,,FALSE
en-US,Legal  - Real Estate,substituting,,FALSE
en-US,Legal  - Real Estate,substitutions,,FALSE
en-US,Legal  - Real Estate,subsurface,,FALSE
en-US,Legal  - Real Estate,subtenant,,FALSE
en-US,Legal  - Real Estate,succession,,FALSE
en-US,Legal  - Real Estate,successive,,FALSE
en-US,Legal  - Real Estate,successive actions,,FALSE
en-US,Legal  - Real Estate,successor,,FALSE
en-US,Legal  - Real Estate,successor interest,,FALSE
en-US,Legal  - Real Estate,successors,,FALSE
en-US,Legal  - Real Estate,suit,,FALSE
en-US,Legal  - Real Estate,suitable,,FALSE
en-US,Legal  - Real Estate,suite,,FALSE
en-US,Legal  - Real Estate,suites,,FALSE
en-US,Legal  - Real Estate,superior,,FALSE
en-US,Legal  - Real Estate,supplier,,FALSE
en-US,Legal  - Real Estate,supplies,,FALSE
en-US,Legal  - Real Estate,supply,,FALSE
en-US,Legal  - Real Estate,support,,FALSE
en-US,Legal  - Real Estate,supported,,FALSE
en-US,Legal  - Real Estate,supporting,,FALSE
en-US,Legal  - Real Estate,surcharge,,FALSE
en-US,Legal  - Real Estate,sureties,,FALSE
en-US,Legal  - Real Estate,surety,,FALSE
en-US,Legal  - Real Estate,surface,,FALSE
en-US,Legal  - Real Estate,surrender,,FALSE
en-US,Legal  - Real Estate,surrounding,,FALSE
en-US,Legal  - Real Estate,surveillance,,FALSE
en-US,Legal  - Real Estate,survey,,FALSE
en-US,Legal  - Real Estate,suspend,,FALSE
en-US,Legal  - Real Estate,suspension,,FALSE
en-US,Legal  - Real Estate,sweep,,FALSE
en-US,Legal  - Real Estate,swept,,FALSE
en-US,Legal  - Real Estate,switch,,FALSE
en-US,Legal  - Real Estate,system,,FALSE
en-US,Legal  - Real Estate,systems,,FALSE
en-US,Legal  - Real Estate,tangible,,FALSE
en-US,Legal  - Real Estate,tank,,FALSE
en-US,Legal  - Real Estate,taps,,FALSE
en-US,Legal  - Real Estate,tax,,FALSE
en-US,Legal  - Real Estate,taxation,,FALSE
en-US,Legal  - Real Estate,taxes,,FALSE
en-US,Legal  - Real Estate,technician,,FALSE
en-US,Legal  - Real Estate,technologies,,FALSE
en-US,Legal  - Real Estate,telecommunications,,FALSE
en-US,Legal  - Real Estate,telephone,,FALSE
en-US,Legal  - Real Estate,temperature,,FALSE
en-US,Legal  - Real Estate,temporarily,,FALSE
en-US,Legal  - Real Estate,temporary,,FALSE
en-US,Legal  - Real Estate,tenancy,,FALSE
en-US,Legal  - Real Estate,tenant,,FALSE
en-US,Legal  - Real Estate,tenant agrees,,FALSE
en-US,Legal  - Real Estate,tenant covenants,,FALSE
en-US,Legal  - Real Estate,tenant entitled,,FALSE
en-US,Legal  - Real Estate,tenant fails,,FALSE
en-US,Legal  - Real Estate,tenant hereby,,FALSE
en-US,Legal  - Real Estate,tenant improvement,,FALSE
en-US,Legal  - Real Estate,tenant improvements,,FALSE
en-US,Legal  - Real Estate,tenant insall,,FALSE
en-US,Legal  - Real Estate,tenant landlord,,FALSE
en-US,Legal  - Real Estate,tenant leases,,FALSE
en-US,Legal  - Real Estate,tenant leases premises,,FALSE
en-US,Legal  - Real Estate,tenant obligations,,FALSE
en-US,Legal  - Real Estate,tenant occupancy,,FALSE
en-US,Legal  - Real Estate,tenant occupant,,FALSE
en-US,Legal  - Real Estate,tenant owner,,FALSE
en-US,Legal  - Real Estate,tenant rata,,FALSE
en-US,Legal  - Real Estate,tenant responsible,,FALSE
en-US,Legal  - Real Estate,tenant right,,FALSE
en-US,Legal  - Real Estate,tenants,,FALSE
en-US,Legal  - Real Estate,tender,,FALSE
en-US,Legal  - Real Estate,term,,FALSE
en-US,Legal  - Real Estate,term landlord,,FALSE
en-US,Legal  - Real Estate,term lease,,FALSE
en-US,Legal  - Real Estate,term tenant,,FALSE
en-US,Legal  - Real Estate,terminate,,FALSE
en-US,Legal  - Real Estate,terminate lease,,FALSE
en-US,Legal  - Real Estate,terminating,,FALSE
en-US,Legal  - Real Estate,termination,,FALSE
en-US,Legal  - Real Estate,termination date,,FALSE
en-US,Legal  - Real Estate,terms and conditions,,FALSE
en-US,Legal  - Real Estate,terms waived,,FALSE
en-US,Legal  - Real Estate,test,,FALSE
en-US,Legal  - Real Estate,testing,,FALSE
en-US,Legal  - Real Estate,theft,,FALSE
en-US,Legal  - Real Estate,therefor,,FALSE
en-US,Legal  - Real Estate,therefrom,,FALSE
en-US,Legal  - Real Estate,third amendment lease,,FALSE
en-US,Legal  - Real Estate,third party,,FALSE
en-US,Legal  - Real Estate,threat,,FALSE
en-US,Legal  - Real Estate,throughout,,FALSE
en-US,Legal  - Real Estate,throw,,FALSE
en-US,Legal  - Real Estate,tile,,FALSE
en-US,Legal  - Real Estate,tiling,,FALSE
en-US,Legal  - Real Estate,time essence,,FALSE
en-US,Legal  - Real Estate,title,,FALSE
en-US,Legal  - Real Estate,toilet,,FALSE
en-US,Legal  - Real Estate,tools,,FALSE
en-US,Legal  - Real Estate,tornado,,FALSE
en-US,Legal  - Real Estate,tort,,FALSE
en-US,Legal  - Real Estate,tower,,FALSE
en-US,Legal  - Real Estate,town,,FALSE
en-US,Legal  - Real Estate,township,,FALSE
en-US,Legal  - Real Estate,toxic,,FALSE
en-US,Legal  - Real Estate,tract,,FALSE
en-US,Legal  - Real Estate,trade fixture,,FALSE
en-US,Legal  - Real Estate,trade fixtures,,FALSE
en-US,Legal  - Real Estate,traffic,,FALSE
en-US,Legal  - Real Estate,trailer,,FALSE
en-US,Legal  - Real Estate,transact,,FALSE
en-US,Legal  - Real Estate,transfer,,FALSE
en-US,Legal  - Real Estate,transferee,,FALSE
en-US,Legal  - Real Estate,transferor,,FALSE
en-US,Legal  - Real Estate,transferred,,FALSE
en-US,Legal  - Real Estate,transformer,,FALSE
en-US,Legal  - Real Estate,transport,,FALSE
en-US,Legal  - Real Estate,trash,,FALSE
en-US,Legal  - Real Estate,treat,,FALSE
en-US,Legal  - Real Estate,tree,,FALSE
en-US,Legal  - Real Estate,trespass,,FALSE
en-US,Legal  - Real Estate,trim,,FALSE
en-US,Legal  - Real Estate,truck,,FALSE
en-US,Legal  - Real Estate,trust,,FALSE
en-US,Legal  - Real Estate,trustee,,FALSE
en-US,Legal  - Real Estate,twelve,,FALSE
en-US,Legal  - Real Estate,umbrella policy,,FALSE
en-US,Legal  - Real Estate,unamortized,,FALSE
en-US,Legal  - Real Estate,unanticipated,,FALSE
en-US,Legal  - Real Estate,unassigned,,FALSE
en-US,Legal  - Real Estate,unauthorize,,FALSE
en-US,Legal  - Real Estate,unchanged,,FALSE
en-US,Legal  - Real Estate,underground,,FALSE
en-US,Legal  - Real Estate,underpayment,,FALSE
en-US,Legal  - Real Estate,understandings parties,,FALSE
en-US,Legal  - Real Estate,undertake,,FALSE
en-US,Legal  - Real Estate,undertaking,,FALSE
en-US,Legal  - Real Estate,underwriter,,FALSE
en-US,Legal  - Real Estate,underwriting,,FALSE
en-US,Legal  - Real Estate,undeveloped,,FALSE
en-US,Legal  - Real Estate,undischarged,,FALSE
en-US,Legal  - Real Estate,unenforceable,,FALSE
en-US,Legal  - Real Estate,unfettered,,FALSE
en-US,Legal  - Real Estate,unfit,,FALSE
en-US,Legal  - Real Estate,uninsured,,FALSE
en-US,Legal  - Real Estate,unit,,FALSE
en-US,Legal  - Real Estate,united,,FALSE
en-US,Legal  - Real Estate,united states,,FALSE
en-US,Legal  - Real Estate,unless expressly,,FALSE
en-US,Legal  - Real Estate,unless expressly agreed,,FALSE
en-US,Legal  - Real Estate,unless otherwise,,FALSE
en-US,Legal  - Real Estate,unless otherwise defined,,FALSE
en-US,Legal  - Real Estate,unless parties,,FALSE
en-US,Legal  - Real Estate,unless parties agree,,FALSE
en-US,Legal  - Real Estate,unoccupied,,FALSE
en-US,Legal  - Real Estate,unpaid,,FALSE
en-US,Legal  - Real Estate,unpleasant,,FALSE
en-US,Legal  - Real Estate,unrelated,,FALSE
en-US,Legal  - Real Estate,unremedied,,FALSE
en-US,Legal  - Real Estate,unreserved,,FALSE
en-US,Legal  - Real Estate,unrestricted,,FALSE
en-US,Legal  - Real Estate,unrestricted reserve,,FALSE
en-US,Legal  - Real Estate,unsecured,,FALSE
en-US,Legal  - Real Estate,unseemly,,FALSE
en-US,Legal  - Real Estate,unsuitable,,FALSE
en-US,Legal  - Real Estate,untenable,,FALSE
en-US,Legal  - Real Estate,untenantable,,FALSE
en-US,Legal  - Real Estate,unusable,,FALSE
en-US,Legal  - Real Estate,unused,,FALSE
en-US,Legal  - Real Estate,upgrade,,FALSE
en-US,Legal  - Real Estate,upon premises,,FALSE
en-US,Legal  - Real Estate,upon writing signed,,FALSE
en-US,Legal  - Real Estate,upper,,FALSE
en-US,Legal  - Real Estate,urinal,,FALSE
en-US,Legal  - Real Estate,usable,,FALSE
en-US,Legal  - Real Estate,usage,,FALSE
en-US,Legal  - Real Estate,used,,FALSE
en-US,Legal  - Real Estate,useful life,,FALSE
en-US,Legal  - Real Estate,useful lives,,FALSE
en-US,Legal  - Real Estate,useless,,FALSE
en-US,Legal  - Real Estate,uses,,FALSE
en-US,Legal  - Real Estate,utilities,,FALSE
en-US,Legal  - Real Estate,utility,,FALSE
en-US,Legal  - Real Estate,utilization,,FALSE
en-US,Legal  - Real Estate,utilize,,FALSE
en-US,Legal  - Real Estate,vacancy,,FALSE
en-US,Legal  - Real Estate,vacant,,FALSE
en-US,Legal  - Real Estate,vacate,,FALSE
en-US,Legal  - Real Estate,vacating,,FALSE
en-US,Legal  - Real Estate,valley,,FALSE
en-US,Legal  - Real Estate,valorem,,FALSE
en-US,Legal  - Real Estate,valuable,,FALSE
en-US,Legal  - Real Estate,valuable consideration,,FALSE
en-US,Legal  - Real Estate,valuation,,FALSE
en-US,Legal  - Real Estate,value,,FALSE
en-US,Legal  - Real Estate,vandalism,,FALSE
en-US,Legal  - Real Estate,vapor,,FALSE
en-US,Legal  - Real Estate,variable,,FALSE
en-US,Legal  - Real Estate,variance,,FALSE
en-US,Legal  - Real Estate,variation,,FALSE
en-US,Legal  - Real Estate,varied,,FALSE
en-US,Legal  - Real Estate,varies,,FALSE
en-US,Legal  - Real Estate,vault,,FALSE
en-US,Legal  - Real Estate,vehicle,,FALSE
en-US,Legal  - Real Estate,vending,,FALSE
en-US,Legal  - Real Estate,ventilating,,FALSE
en-US,Legal  - Real Estate,ventilation,,FALSE
en-US,Legal  - Real Estate,ventilation,,FALSE
en-US,Legal  - Real Estate,venting,,FALSE
en-US,Legal  - Real Estate,venue,,FALSE
en-US,Legal  - Real Estate,vermin,,FALSE
en-US,Legal  - Real Estate,vest,,FALSE
en-US,Legal  - Real Estate,vestibule,,FALSE
en-US,Legal  - Real Estate,vibration,,FALSE
en-US,Legal  - Real Estate,vicinity,,FALSE
en-US,Legal  - Real Estate,view,,FALSE
en-US,Legal  - Real Estate,village,,FALSE
en-US,Legal  - Real Estate,violation,,FALSE
en-US,Legal  - Real Estate,visibility,,FALSE
en-US,Legal  - Real Estate,visible,,FALSE
en-US,Legal  - Real Estate,visitor,,FALSE
en-US,Legal  - Real Estate,void,,FALSE
en-US,Legal  - Real Estate,voltage,,FALSE
en-US,Legal  - Real Estate,volume,,FALSE
en-US,Legal  - Real Estate,waive,,FALSE
en-US,Legal  - Real Estate,waiving,,FALSE
en-US,Legal  - Real Estate,wall,,FALSE
en-US,Legal  - Real Estate,warehouse,,FALSE
en-US,Legal  - Real Estate,warrant,,FALSE
en-US,Legal  - Real Estate,warranties,,FALSE
en-US,Legal  - Real Estate,warranty,,FALSE
en-US,Legal  - Real Estate,wash closets,,FALSE
en-US,Legal  - Real Estate,washrooms,,FALSE
en-US,Legal  - Real Estate,waste,,FALSE
en-US,Legal  - Real Estate,water,,FALSE
en-US,Legal  - Real Estate,wear,,FALSE
en-US,Legal  - Real Estate,wear and tear,,FALSE
en-US,Legal  - Real Estate,weather,,FALSE
en-US,Legal  - Real Estate,week,,FALSE
en-US,Legal  - Real Estate,weekly,,FALSE
en-US,Legal  - Real Estate,well,,FALSE
en-US,Legal  - Real Estate,west,,FALSE
en-US,Legal  - Real Estate,wetlands,,FALSE
en-US,Legal  - Real Estate,widening,,FALSE
en-US,Legal  - Real Estate,width,,FALSE
en-US,Legal  - Real Estate,willful,,FALSE
en-US,Legal  - Real Estate,wind,,FALSE
en-US,Legal  - Real Estate,window,,FALSE
en-US,Legal  - Real Estate,windstorm,,FALSE
en-US,Legal  - Real Estate,wire,,FALSE
en-US,Legal  - Real Estate,wiring,,FALSE
en-US,Legal  - Real Estate,withdraw,,FALSE
en-US,Legal  - Real Estate,withdrew,,FALSE
en-US,Legal  - Real Estate,withheld,,FALSE
en-US,Legal  - Real Estate,withhold,,FALSE
en-US,Legal  - Real Estate,woodside,,FALSE
en-US,Legal  - Real Estate,woodwork,,FALSE
en-US,Legal  - Real Estate,work,,FALSE
en-US,Legal  - Real Estate,worth,,FALSE
en-US,Legal  - Real Estate,writ,,FALSE
en-US,Legal  - Real Estate,writing,,FALSE
en-US,Legal  - Real Estate,written agreement,,FALSE
en-US,Legal  - Real Estate,written approval,,FALSE
en-US,Legal  - Real Estate,written approval approval,,FALSE
en-US,Legal  - Real Estate,written consent,,FALSE
en-US,Legal  - Real Estate,written demand,,FALSE
en-US,Legal  - Real Estate,written instructions,,FALSE
en-US,Legal  - Real Estate,written notice,,FALSE
en-US,Legal  - Real Estate,written notification,,FALSE
en-US,Legal  - Real Estate,written objection,,FALSE
en-US,Legal  - Real Estate,written obligation,,FALSE
en-US,Legal  - Real Estate,written permission,,FALSE
en-US,Legal  - Real Estate,written request,,FALSE
en-US,Legal  - Real Estate,written subordination,,FALSE
en-US,Legal  - Real Estate,written subordination attornment,,FALSE
en-US,Legal  - Real Estate,wrongful,,FALSE
en-US,Legal  - Real Estate,yard,,FALSE
en-US,Legal  - Real Estate,year,,FALSE
en-US,Legal  - Real Estate,zone coordinate,,FALSE
en-US,Legal  - Real Estate,zoning,,FALSE