Entity ID,Entity Category,Entity Name,German Name,Spanish Name,French Names,,,,,,,,,,,,,,,,,,,,,
1,US States,Alabama,Alabama,Alabama,L'Alabama,,,,,,,,,,,,,,,,,,,,,
2,US States,Alaska,Alaska,Alaska,Alaska,,,,,,,,,,,,,,,,,,,,,
3,US States,Arizona,Arizona,Arizona,Arizona,,,,,,,,,,,,,,,,,,,,,
4,US States,Arkansas,Arkansas,Arkansas,Arkansas,,,,,,,,,,,,,,,,,,,,,
5,US States,California,Kalifornien,California,Californie,,,,,,,,,,,,,,,,,,,,,
6,US States,Colorado,Colorado,Colorado,Colorado,,,,,,,,,,,,,,,,,,,,,
7,US States,Connecticut,Connecticut,Connecticut,Connecticut,,,,,,,,,,,,,,,,,,,,,
8,US States,Delaware,Delaware,Delaware,Delaware,,,,,,,,,,,,,,,,,,,,,
9,US States,District of Columbia,Bezirk von Kolumbien,Distrito de Columbia,District de Colombie,,,,,,,,,,,,,,,,,,,,,
10,US States,Florida,Florida,Florida,Floride,,,,,,,,,,,,,,,,,,,,,
11,US States,Georgia,Georgia,Georgia,Géorgie,,,,,,,,,,,,,,,,,,,,,
12,US States,Hawaii,Hawaii,Hawai,Hawaii,,,,,,,,,,,,,,,,,,,,,
13,US States,Idaho,Idaho,Idaho,Idaho,,,,,,,,,,,,,,,,,,,,,
14,US States,Illinois,Illinois,Illinois,Illinois,,,,,,,,,,,,,,,,,,,,,
15,US States,Indiana,Indiana,Indiana,Indiana,,,,,,,,,,,,,,,,,,,,,
16,US States,Iowa,Iowa,Iowa,Iowa,,,,,,,,,,,,,,,,,,,,,
17,US States,Kansas,Kansas,Kansas,Kansas,,,,,,,,,,,,,,,,,,,,,
18,US States,Kentucky,Kentucky,Kentucky,Kentucky,,,,,,,,,,,,,,,,,,,,,
19,US States,Louisiana,Louisiana,Luisiana,Louisiane,,,,,,,,,,,,,,,,,,,,,
20,US States,Maine,Maine,Maine,Maine,,,,,,,,,,,,,,,,,,,,,
21,US States,Maryland,Maryland,Maryland,Maryland,,,,,,,,,,,,,,,,,,,,,
22,US States,Massachusetts,Massachusetts,Massachusetts,Massachusetts,,,,,,,,,,,,,,,,,,,,,
23,US States,Michigan,Michigan,Michigan,Michigan,,,,,,,,,,,,,,,,,,,,,
24,US States,Minnesota,Minnesota,Minnesota,Minnesota,,,,,,,,,,,,,,,,,,,,,
25,US States,Mississippi,Mississippi,Misisipí,Mississippi,,,,,,,,,,,,,,,,,,,,,
26,US States,Missouri,Missouri,Misuri,Missouri,,,,,,,,,,,,,,,,,,,,,
27,US States,Montana,Montana,Montana,Montana,,,,,,,,,,,,,,,,,,,,,
28,US States,Nebraska,Nebraska,Nebraska,Nebraska,,,,,,,,,,,,,,,,,,,,,
29,US States,Nevada,Nevada,Nevada,Nevada,,,,,,,,,,,,,,,,,,,,,
30,US States,New Hamsphire,New Hampshire,nueva Hampshire,New Hampshire,,,,,,,,,,,,,,,,,,,,,
31,US States,New Jersey,New Jersey,New Jersey,New Jersey,,,,,,,,,,,,,,,,,,,,,
32,US States,New Mexico,New-Mexiko,Nuevo Mexico,Nouveau Mexique,,,,,,,,,,,,,,,,,,,,,
33,US States,New York,New York,Nueva York,New York,,,,,,,,,,,,,,,,,,,,,
34,US States,North Carolina,North Carolina,Carolina del Norte,Caroline du Nord,,,,,,,,,,,,,,,,,,,,,
35,US States,North Dakota,Norddakota,Dakota del Norte,Dakota du nord,,,,,,,,,,,,,,,,,,,,,
36,US States,Ohio,Ohio,Ohio,Ohio,,,,,,,,,,,,,,,,,,,,,
37,US States,Oklahoma,Oklahoma,Oklahoma,Oklahoma,,,,,,,,,,,,,,,,,,,,,
38,US States,Oregon,Oregon,Oregón,Oregon,,,,,,,,,,,,,,,,,,,,,
39,US States,Pennsylvania,Pennsylvania,Pensilvania,Pennsylvanie,,,,,,,,,,,,,,,,,,,,,
40,US States,Rhode Island,Rhode Island,Rhode Island,Rhode Island,,,,,,,,,,,,,,,,,,,,,
41,US States,South Carolina,South Carolina,Carolina del Sur,Caroline du Sud,,,,,,,,,,,,,,,,,,,,,
42,US States,South Dakota,Süddakota,Dakota del Sur,Dakota du Sud,,,,,,,,,,,,,,,,,,,,,
43,US States,Tennessee,Tennessee,Tennesse,Tennessee,,,,,,,,,,,,,,,,,,,,,
44,US States,Texas,Texas,Texas,Texas,,,,,,,,,,,,,,,,,,,,,
45,US States,Utah,Utah,Utah,Utah,,,,,,,,,,,,,,,,,,,,,
46,US States,Vermont,Vermont,Vermont,Vermont,,,,,,,,,,,,,,,,,,,,,
47,US States,Virginia,Virginia,Virginia,Virginie,,,,,,,,,,,,,,,,,,,,,
48,US States,Washington,Washington,Washington,Washington,,,,,,,,,,,,,,,,,,,,,
49,US States,West Virginia,West Virginia,Virginia del Oeste,West Virginia,,,,,,,,,,,,,,,,,,,,,
50,US States,Wisconsin,Wisconsin,Wisconsin,Wisconsin,,,,,,,,,,,,,,,,,,,,,
51,US States,Wyoming,Wyoming,Wyoming,Wyoming,,,,,,,,,,,,,,,,,,,,,
52,Countries,Afghanistan,Afghanistan,Afganistán,l'Afghanistan,,,,,,,,,,,,,,,,,,,,,
52,Countries,Afghanistan,Afghanistan,República Islámica de Afganistán,l'Afghanistan,,,,,,,,,,,,,,,,,,,,,
53,Countries,Åland Islands,,,,,,,,,,,,,,,,,,,,,,,,
54,Countries,Albania,Albanien,República de Albania,l'Albanie,,,,,,,,,,,,,,,,,,,,,
54,Countries,Albania,Albanien,Albania,la République d'Albanie,,,,,,,,,,,,,,,,,,,,,
55,Countries,Algeria,Algerien,República Argelina Democrática y Popular,,,,,,,,,,,,,,,,,,,,,,
55,Countries,Algeria,Algerien,Argelia,,,,,,,,,,,,,,,,,,,,,,
56,Countries,American Samoa,Amerikanisch-Samoa,,,,,,,,,,,,,,,,,,,,,,,
57,Countries,Andorra,Andorra,Principado de Andorra,l'Andorre,,,,,,,,,,,,,,,,,,,,,
57,Countries,Andorra,Andorra,Andorra,la principauté d'Andorre,,,,,,,,,,,,,,,,,,,,,
58,Countries,Angola,Angola,República de Angola,,,,,,,,,,,,,,,,,,,,,,
58,Countries,Angola,Angola,Angola,,,,,,,,,,,,,,,,,,,,,,
59,Countries,Anguilla,Anguilla,,,,,,,,,,,,,,,,,,,,,,,
60,Countries,Antarctica,,,,,,,,,,,,,,,,,,,,,,,,
61,Countries,Antigua and Barbuda,Antigua und Barbuda,,,,,,,,,,,,,,,,,,,,,,,
62,Countries,Argentina,Argentinien,República Argentina,l'Argentine,,,,,,,,,,,,,,,,,,,,,
62,Countries,Argentina,Argentinien,Argentina,la République argentine,,,,,,,,,,,,,,,,,,,,,
63,Countries,Armenia,Armenien,República de Armenia,l'Arménie,,,,,,,,,,,,,,,,,,,,,
63,Countries,Armenia,Armenien,Armenia,la République d'Arménie,,,,,,,,,,,,,,,,,,,,,
64,Countries,Aruba,Aruba,,,,,,,,,,,,,,,,,,,,,,,
65,Countries,Australia,Australien,Mancomunidad de Australia,l'Australie,,,,,,,,,,,,,,,,,,,,,
65,Countries,Australia,Australien,Australia,le Commonwealth d'Australie,,,,,,,,,,,,,,,,,,,,,
66,Countries,Austria,Österreich,República de Austria,l'Autriche,,,,,,,,,,,,,,,,,,,,,
66,Countries,Austria,Österreich,Austria,la République d'Autriche,,,,,,,,,,,,,,,,,,,,,
67,Countries,Azerbaijan,Aserbaidschan,República de Azerbaiyán,l'Azerbaïdjan,,,,,,,,,,,,,,,,,,,,,
67,Countries,Azerbaijan,Aserbaidschan,Azerbaiyán,la République d'Azerbaïdjan,,,,,,,,,,,,,,,,,,,,,
68,Countries,Bahamas,Bahamas,Mancomunidad de las Bahamas,,,,,,,,,,,,,,,,,,,,,,
68,Countries,Bahamas,Bahamas,Bahamas,,,,,,,,,,,,,,,,,,,,,,
69,Countries,Bahrain,Bahrain,,Bahreïn,,,,,,,,,,,,,,,,,,,,,
69,Countries,Bahrain,Bahrein,,le Royaume de Bahreïn,,,,,,,,,,,,,,,,,,,,,
70,Countries,Bangladesh,Bangladesch,,le Bangladesh,,,,,,,,,,,,,,,,,,,,,
70,Countries,Bangladesh,Bangladesch,,la République populaire du Banglades,,,,,,,,,,,,,,,,,,,,,
71,Countries,Barbados,Barbados,Barbados,,,,,,,,,,,,,,,,,,,,,,
72,Countries,Belarus,Weißrußland,,,,,,,,,,,,,,,,,,,,,,,
73,Countries,Belgium,Belgien,Reino de Bélgica,la Belgique,,,,,,,,,,,,,,,,,,,,,
73,Countries,Belgium,Belgien,Bélgica,le Royaume de Belgiqu,,,,,,,,,,,,,,,,,,,,,
74,Countries,Belize,Belize,Belice,le Belize,,,,,,,,,,,,,,,,,,,,,
75,Countries,Benin,Benin,República de Benín,,,,,,,,,,,,,,,,,,,,,,
75,Countries,Benin,Benin,Benín,,,,,,,,,,,,,,,,,,,,,,
76,Countries,Bermuda,Bermuda,,,,,,,,,,,,,,,,,,,,,,,
77,Countries,Bhutan,Bhutan,Reino de Bután,le Bhoutan,,,,,,,,,,,,,,,,,,,,,
77,Countries,Bhutan,Bhutan,Bután,le Bhoutan,,,,,,,,,,,,,,,,,,,,,
78,Countries,Bolivia,Bolivien,Estado Plurinacional de Bolivia,la Bolivie,,,,,,,,,,,,,,,,,,,,,
78,Countries,Bolivia,Bolivien,Bolivia,la Bolivie,,,,,,,,,,,,,,,,,,,,,
79,Countries,Bonaire,,,,,,,,,,,,,,,,,,,,,,,,
80,Countries,Sint Eustatius,,,,,,,,,,,,,,,,,,,,,,,,
81,Countries,Saba,,,,,,,,,,,,,,,,,,,,,,,,
82,Countries,Bosnia and Herzegovina,Bosnien und Herzegovina,,la Bosnie-Herzégovine,,,,,,,,,,,,,,,,,,,,,
82,Countries,Bosnia and Herzegovina,Bosnien und Herzegovina,,la Bosnie et Herzégovine,,,,,,,,,,,,,,,,,,,,,
83,Countries,Botswana,Botswana,República de Botsuana,le Botswana,,,,,,,,,,,,,,,,,,,,,
83,Countries,Botswana,Botswana,Botsuana,la République du Botswana,,,,,,,,,,,,,,,,,,,,,
84,Countries,Bouvet Island,Bouvetinsel,,,,,,,,,,,,,,,,,,,,,,,
85,Countries,Brazil,Brasilien,República Federativa del Brasil,,,,,,,,,,,,,,,,,,,,,,
85,Countries,Brazil,Brasilien,Brasil,,,,,,,,,,,,,,,,,,,,,,
86,Countries,British Indian Ocean Territory,Britisches Territorium im Indischen Ozean,,,,,,,,,,,,,,,,,,,,,,,
87,Countries,Brunei Darussalam,,,,,,,,,,,,,,,,,,,,,,,,
88,Countries,Bulgaria,Bulgarien,República de Bulgaria,la Bulgarie,,,,,,,,,,,,,,,,,,,,,
88,Countries,Bulgaria,Bulgarien,Bulgaria,la République de Bulgarie,,,,,,,,,,,,,,,,,,,,,
89,Countries,Burkina Faso,Burkina Faso,Burkina Faso,,,,,,,,,,,,,,,,,,,,,,
90,Countries,Burundi,Burundi,República de Burundi,le Burundi,,,,,,,,,,,,,,,,,,,,,
90,Countries,Burundi,Burundi,Burundi,la République du Burundi,,,,,,,,,,,,,,,,,,,,,
91,Countries,Cambodia,Kambodscha,Reino de Camboya,le Cambodge,,,,,,,,,,,,,,,,,,,,,
91,Countries,Cambodia,Kambodscha,Camboya,le Royaume du Cambodge,,,,,,,,,,,,,,,,,,,,,
92,Countries,Cameroon,Kamerun,República de Camerún,le Cameroun,,,,,,,,,,,,,,,,,,,,,
92,Countries,Cameroon,Kamerun,Camerún,la République du Cameroun,,,,,,,,,,,,,,,,,,,,,
93,Countries,Canada,Kanada,,,,,,,,,,,,,,,,,,,,,,,
94,Countries,Cape Verde,Kap Verde,República de Cabo Verde,le Cap-Vert,,,,,,,,,,,,,,,,,,,,,
94,Countries,Cape Verde,Kap Verde,Cabo Verde,le Cap-Vert,,,,,,,,,,,,,,,,,,,,,
95,Countries,Cayman Islands,Kaimaninseln,,,,,,,,,,,,,,,,,,,,,,,
96,Countries,Central African Republic,Zentralafrikanische Republik,República Centroafricana,,,,,,,,,,,,,,,,,,,,,,
97,Countries,Chad,Tschad,República de Chad,le Tchad,,,,,,,,,,,,,,,,,,,,,
97,Countries,Chad,Tschad,Chad,la République du Tchad,,,,,,,,,,,,,,,,,,,,,
98,Countries,Chile,Chile,República de Chile,,,,,,,,,,,,,,,,,,,,,,
98,Countries,Chile,Chile,Chile,,,,,,,,,,,,,,,,,,,,,,
99,Countries,China,China,República Popular China,la Chine,,,,,,,,,,,,,,,,,,,,,
99,Countries,China,China,China,la République populaire de Chin,,,,,,,,,,,,,,,,,,,,,
100,Countries,Christmas Island,,,,,,,,,,,,,,,,,,,,,,,,
101,Countries,Cocos Islands,,,,,,,,,,,,,,,,,,,,,,,,
102,Countries,Colombia,Kolumbien,República de Colombia,la Colombie,,,,,,,,,,,,,,,,,,,,,
102,Countries,Colombia,Kolumbien,Colombia,la République de Colombie,,,,,,,,,,,,,,,,,,,,,
103,Countries,Comoros,Komoren,Unión de las Comoras,,,,,,,,,,,,,,,,,,,,,,
103,Countries,Comoros,Komoren,Comoras,,,,,,,,,,,,,,,,,,,,,,
104,Countries,Congo,,,,,,,,,,,,,,,,,,,,,,,,
105,Countries,Democratic Republic of the Congo,,,,,,,,,,,,,,,,,,,,,,,,
106,Countries,Cook Islands,Cookinseln,,les Îles Cook,,,,,,,,,,,,,,,,,,,,,
107,Countries,Republic of Costa Rica,Costa Rica,República de Costa Rica,,,,,,,,,,,,,,,,,,,,,,
107,Countries,Costa Rica,Costa Rica,Costa Rica,,,,,,,,,,,,,,,,,,,,,,
108,Countries,Côte d'Ivoire,,,,,,,,,,,,,,,,,,,,,,,,
109,Countries,Croatia,Kroatien,República de Croacia,la République de Croatie,,,,,,,,,,,,,,,,,,,,,
109,Countries,Croatia,Kroatien,Croacia,la Croatie,,,,,,,,,,,,,,,,,,,,,
110,Countries,Cuba,Kuba,República de Cuba,la République de Cuba,,,,,,,,,,,,,,,,,,,,,
110,Countries,Cuba,Kuba,Cuba,Cuba,,,,,,,,,,,,,,,,,,,,,
111,Countries,Curaçao,,,,,,,,,,,,,,,,,,,,,,,,
112,Countries,Republic of Cyprus,Zypern,República de Chipre,la République de Chypre,,,,,,,,,,,,,,,,,,,,,
112,Countries,Cyprus,Zypern,Chipre,Chypre,,,,,,,,,,,,,,,,,,,,,
113,Countries,Czech Republic,Tschechien,,,,,,,,,,,,,,,,,,,,,,,
114,Countries,Denmark,Dänemark,Reino de Dinamarca,le Danemark,,,,,,,,,,,,,,,,,,,,,
114,Countries,Denmark,Dänemark,Dinamarca,le Royaume du Danemark,,,,,,,,,,,,,,,,,,,,,
115,Countries,Djibouti,Dschibuti,República de Yibuti,Djibouti,,,,,,,,,,,,,,,,,,,,,
115,Countries,Djibouti,Dschibuti,Yibuti,la République de Djibouti,,,,,,,,,,,,,,,,,,,,,
116,Countries,Dominica,Dominica,Mancomunidad de Dominica,la Dominique,,,,,,,,,,,,,,,,,,,,,
116,Countries,Dominica,Dominica,Dominica,la Dominique,,,,,,,,,,,,,,,,,,,,,
117,Countries,Dominican Republic,Dominikanische Republik,,,,,,,,,,,,,,,,,,,,,,,
118,Countries,Ecuador,Ecuador,República del Ecuador,l'Équateur,,,,,,,,,,,,,,,,,,,,,
118,Countries,Ecuador,Ecuador,Ecuador,la République de l'Équateur,,,,,,,,,,,,,,,,,,,,,
119,Countries,Egypt,Ägypten,República Árabe de Egipto,l'Égypte,,,,,,,,,,,,,,,,,,,,,
119,Countries,Egypt,Ägypten,Egipto,la République arabe d'Égypt,,,,,,,,,,,,,,,,,,,,,
120,Countries,El Salvador,,,,,,,,,,,,,,,,,,,,,,,,
121,Countries,Equatorial Guinea,Äquatorialguinea,República de Guinea Ecuatorial,la Guinée équatoriale,,,,,,,,,,,,,,,,,,,,,
121,Countries,Equatorial Guinea,Äquatorialguinea,Guinea Ecuatorial,la Guinée Équatoriale,,,,,,,,,,,,,,,,,,,,,
122,Countries,Eritrea,Eritrea,Estado de Eritrea,l'Érythrée,,,,,,,,,,,,,,,,,,,,,
122,Countries,Eritrea,Eritrea,Eritrea,l'État d'Érythrée,,,,,,,,,,,,,,,,,,,,,
123,Countries,Estonia,Estland,República de Estonia,l'Estonie,,,,,,,,,,,,,,,,,,,,,
123,Countries,Estonia,Estland,Estonia,la République d'Estonie,,,,,,,,,,,,,,,,,,,,,
124,Countries,Ethiopia,Äthiopien,República Democrática Federal de Etiopía,l'Éthiopie,,,,,,,,,,,,,,,,,,,,,
124,Countries,Ethiopia,Äthiopien,Etiopía,la République démocratique fédérale d'Éthiopie,,,,,,,,,,,,,,,,,,,,,
125,Countries,Falkland Islands,Falklandinseln,,,,,,,,,,,,,,,,,,,,,,,
126,Countries,Faroe Islands,Färöer,,,,,,,,,,,,,,,,,,,,,,,
126,Countries,Faroe Islands,Färöer-Inseln,,,,,,,,,,,,,,,,,,,,,,,
127,Countries,Fiji,Fidschi,República de Fiyi,les Fidji,,,,,,,,,,,,,,,,,,,,,
127,Countries,Fiji,Fidschi,Fiyi,les Fidji,,,,,,,,,,,,,,,,,,,,,
128,Countries,Finland,Finnland,República de Finlandia,la Finlande,,,,,,,,,,,,,,,,,,,,,
128,Countries,Finland,Finnland,Finlandia,la République de Finlande,,,,,,,,,,,,,,,,,,,,,
129,Countries,France,Frankreich,República Francesa,la France,,,,,,,,,,,,,,,,,,,,,
129,Countries,France,Frankreich,Francia,la République français,,,,,,,,,,,,,,,,,,,,,
130,Countries,French Guiana,Französisch-Guayana,,,,,,,,,,,,,,,,,,,,,,,
131,Countries,French Polynesia,Französisch-Polynesien,,,,,,,,,,,,,,,,,,,,,,,
132,Countries,French Southern Territories,Französische Süd- und Antarktisgebiete,,,,,,,,,,,,,,,,,,,,,,,
133,Countries,Gabon,Gabun,República Gabonesa,le Gabon,,,,,,,,,,,,,,,,,,,,,
133,Countries,Gabon,Gabun,Gabón,la République gabonais,,,,,,,,,,,,,,,,,,,,,
134,Countries,Gambia,Gambia,Gambia,,,,,,,,,,,,,,,,,,,,,,
135,Countries,Georgia,Georgien,República de Georgia,la Géorgie,,,,,,,,,,,,,,,,,,,,,
135,Countries,Georgia,Georgien,Georgia,la Géorgie,,,,,,,,,,,,,,,,,,,,,
136,Countries,Germany,Deutschland,República Federal Alemana,l'Allemagne,,,,,,,,,,,,,,,,,,,,,
136,Countries,Germany,Deutschland,Alemania,la République fédérale d'Allemagn,,,,,,,,,,,,,,,,,,,,,
137,Countries,Ghana,Ghana,República de Ghana,le Ghana,,,,,,,,,,,,,,,,,,,,,
137,Countries,Ghana,Ghana,Ghana,la République du Ghana,,,,,,,,,,,,,,,,,,,,,
138,Countries,Gibraltar,Gibraltar,,,,,,,,,,,,,,,,,,,,,,,
139,Countries,Greece,Griechenland,República Helénica,la Grèce,,,,,,,,,,,,,,,,,,,,,
139,Countries,Greece,Griechenland,Grecia,la République helléniqu,,,,,,,,,,,,,,,,,,,,,
140,Countries,Greenland,Grönland,,,,,,,,,,,,,,,,,,,,,,,
141,Countries,Grenada,Grenada,,,,,,,,,,,,,,,,,,,,,,,
142,Countries,Guadeloupe,Guadeloupe,,,,,,,,,,,,,,,,,,,,,,,
143,Countries,Guam,Guam,,,,,,,,,,,,,,,,,,,,,,,
144,Countries,Guatemala,Guatemala,República de Guatemala,le Guatemala,,,,,,,,,,,,,,,,,,,,,
144,Countries,Guatemala,Guatemala,Guatemala,le Guatemala,,,,,,,,,,,,,,,,,,,,,
145,Countries,Guernsey,Guernsey,,,,,,,,,,,,,,,,,,,,,,,
146,Countries,Guinea,Guinea,República de Guinea,la Guinée,,,,,,,,,,,,,,,,,,,,,
146,Countries,Guinea,Guinea,Guinea,la République de Guinée,,,,,,,,,,,,,,,,,,,,,
147,Countries,Guinea-Bissau,Guinea-Bissau,,la Guinée-Bissau,,,,,,,,,,,,,,,,,,,,,
148,Countries,Guyana,Guyana,República Cooperativa de Guyana,,,,,,,,,,,,,,,,,,,,,,
148,Countries,Guyana,Guyana,Guyana,,,,,,,,,,,,,,,,,,,,,,
149,Countries,Haiti,Haiti,República de Haití,Haïti,,,,,,,,,,,,,,,,,,,,,
149,Countries,Haiti,Haiti,Haití,la République d'Haïti,,,,,,,,,,,,,,,,,,,,,
150,Countries,Heard Island and McDonald Islands,Heard und Mcdonaldinseln,,,,,,,,,,,,,,,,,,,,,,,
151,Countries,Holy See,Heiliger Stuhl,,,,,,,,,,,,,,,,,,,,,,,
152,Countries,Vatican City,Vatikanstadt,,,,,,,,,,,,,,,,,,,,,,,
153,Countries,Honduras,Honduras,República de Honduras,,,,,,,,,,,,,,,,,,,,,,
153,Countries,Honduras,Honduras,Honduras,,,,,,,,,,,,,,,,,,,,,,
154,Countries,Hong Kong,Hongkong,,,,,,,,,,,,,,,,,,,,,,,
155,Countries,Hungary,Ungarn,República de Hungría,la Hongrie,,,,,,,,,,,,,,,,,,,,,
155,Countries,Hungary,Ungarn,Hungría,Hongrie,,,,,,,,,,,,,,,,,,,,,
156,Countries,Iceland,Island,República de Islandia,l'Islande,,,,,,,,,,,,,,,,,,,,,
156,Countries,Iceland,Island,Islandia,la République d'Islande,,,,,,,,,,,,,,,,,,,,,
157,Countries,India,Indien,República de la India,l'Inde,,,,,,,,,,,,,,,,,,,,,
157,Countries,India,Indien,India,la République de l'Ind,,,,,,,,,,,,,,,,,,,,,
158,Countries,Indonesia,Indonesien,República de Indonesia,l'Indonésie,,,,,,,,,,,,,,,,,,,,,
158,Countries,Indonesia,Indonesien,Indonesia,la République d'Indonésie,,,,,,,,,,,,,,,,,,,,,
159,Countries,Iran,Islamische Republik Iran,Irán,,,,,,,,,,,,,,,,,,,,,,
159,Countries,Iran,Iran,,,,,,,,,,,,,,,,,,,,,,,
160,Countries,Iraq,Irak,,,,,,,,,,,,,,,,,,,,,,,
161,Countries,Ireland,Irland,Irlanda,l'Irlande,,,,,,,,,,,,,,,,,,,,,
161,Countries,Ireland,Irland,Irlanda,l'Irlande,,,,,,,,,,,,,,,,,,,,,
162,Countries,Isle of Man,Insel Man,,,,,,,,,,,,,,,,,,,,,,,
163,Countries,Israel,Israel,Estado de Israel,Israël,,,,,,,,,,,,,,,,,,,,,
163,Countries,Israel,Israel,Israel,l'État d'Israë,,,,,,,,,,,,,,,,,,,,,
164,Countries,Italy,Italien,República italiana,l'Italie,,,,,,,,,,,,,,,,,,,,,
164,Countries,Italy,Italien,Italia,la République italienn,,,,,,,,,,,,,,,,,,,,,
165,Countries,Jamaica,Jamaika,Jamaica,,,,,,,,,,,,,,,,,,,,,,
166,Countries,Japan,Japan,Estado de Japón,le Japon,,,,,,,,,,,,,,,,,,,,,
166,Countries,Japan,Japan,Japón,le Japon,,,,,,,,,,,,,,,,,,,,,
167,Countries,Jersey,Jersey,,,,,,,,,,,,,,,,,,,,,,,
168,Countries,Jordan,Jordanien,Reino Hachemita de Jordania,la Jordanie,,,,,,,,,,,,,,,,,,,,,
168,Countries,Jordan,Jordanien,Jordania,le Royaume hachémite de Jordanie,,,,,,,,,,,,,,,,,,,,,
169,Countries,Kazakhstan,Kasachstan,República de Kazajistán,le Kazakhstan,,,,,,,,,,,,,,,,,,,,,
169,Countries,Kazakhstan,Kasachstan,Kazajistán,le Kazakhstan,,,,,,,,,,,,,,,,,,,,,
170,Countries,Kenya,Kenya,República de Kenia,le Kenya,,,,,,,,,,,,,,,,,,,,,
170,Countries,Kenya,Kenya,Kenia,la République du Kenya,,,,,,,,,,,,,,,,,,,,,
171,Countries,Kiribati,Kiribati,República de Kiribati,,,,,,,,,,,,,,,,,,,,,,
171,Countries,Kiribati,Kiribati,Kiribati,,,,,,,,,,,,,,,,,,,,,,
172,Countries,"Korea, Democratic People's Republic of",Demokratische Volksrepublik Korea,República Popular Democrática de Corea,,,,,,,,,,,,,,,,,,,,,,
173,Countries,"Korea, Republic of",Republik Korea,República de Corea,,,,,,,,,,,,,,,,,,,,,,
173,Countries,South Korea,Südkorea,República de Corea,la Corée du Sud,,,,,,,,,,,,,,,,,,,,,
173,Countries,South Korea,Süd Korea,Corea del Sur,la Corée du Sud,,,,,,,,,,,,,,,,,,,,,
172,Countries,North Korea,Nordkorea,República Popular Democrática de Corea,la Corée du Nord,,,,,,,,,,,,,,,,,,,,,
172,Countries,North Korea,Nord Korea,Corea del Norte,la Corée du Nord,,,,,,,,,,,,,,,,,,,,,
176,Countries,Kuwait,Kuwait,Estado de Kuwait,le Koweït,,,,,,,,,,,,,,,,,,,,,
176,Countries,Kuwait,Kuwait,Kuwait,le Koweït,,,,,,,,,,,,,,,,,,,,,
177,Countries,Kyrgyzstan,Kirgisistan,República Kirguisa,la Kirghizie,,,,,,,,,,,,,,,,,,,,,
177,Countries,Kyrgyzstan,Kirgisistan,Kirguistán,la Kirghizie,,,,,,,,,,,,,,,,,,,,,
178,Countries,Lao People's Democratic Republic,Demokratische Volksrepublik Laos,República Democrática Popular Lao,République démocratique populaire lao,,,,,,,,,,,,,,,,,,,,,
178,Countries,Laos,Laos,Laos,le Laos,,,,,,,,,,,,,,,,,,,,,
179,Countries,Latvia,Lettland,República de Letonia,la Lettonie,,,,,,,,,,,,,,,,,,,,,
179,Countries,Latvia,Lettland,Letonia,la République de Lettoni,,,,,,,,,,,,,,,,,,,,,
180,Countries,Lebanon,Libanon,República Libanesa,le Liban,,,,,,,,,,,,,,,,,,,,,
180,Countries,Lebanon,Libanon,Líbano,la République libanais,,,,,,,,,,,,,,,,,,,,,
181,Countries,Lesotho,Lesotho,Reino de Lesoto,le Lesotho,,,,,,,,,,,,,,,,,,,,,
181,Countries,Lesotho,Lesotho,Lesoto,le Royaume du Lesotho,,,,,,,,,,,,,,,,,,,,,
182,Countries,Liberia,Liberia,República de Liberia,le Liberia,,,,,,,,,,,,,,,,,,,,,
182,Countries,Liberia,Liberia,Liberia,le Liberia,,,,,,,,,,,,,,,,,,,,,
183,Countries,Libya,Libyen,Estado de Libia,la Libye,,,,,,,,,,,,,,,,,,,,,
183,Countries,Libya,Libyen,Libia,la Libye,,,,,,,,,,,,,,,,,,,,,
184,Countries,Liechtenstein,Liechtenstein,Principado de Liechtenstein,le Liechtenstein,,,,,,,,,,,,,,,,,,,,,
184,Countries,Liechtenstein,Liechtenstein,Liechtenstein,la Principauté du Liechtenstein,,,,,,,,,,,,,,,,,,,,,
185,Countries,Lithuania,Litauen,República de Lituania,la Lituanie,,,,,,,,,,,,,,,,,,,,,
185,Countries,Lithuania,Litauen,Lituania,la République de Lituanie,,,,,,,,,,,,,,,,,,,,,
186,Countries,Luxembourg,Luxemburg,Gran Ducado de Luxemburgo,le Luxembourg,,,,,,,,,,,,,,,,,,,,,
186,Countries,Luxembourg,Luxemburg,Luxemburgo,le Grand-Duché de Luxembourg,,,,,,,,,,,,,,,,,,,,,
187,Countries,Macao,,,,,,,,,,,,,,,,,,,,,,,,
188,Countries,Macedonia,Mazedonien,,,,,,,,,,,,,,,,,,,,,,,
189,Countries,Madagascar,Madagaskar,República de Madagascar,Madagascar,,,,,,,,,,,,,,,,,,,,,
189,Countries,Madagascar,Madagaskar,Madagascar,la République de Madagasca,,,,,,,,,,,,,,,,,,,,,
190,Countries,Malawi,Malawi,República de Malaui,le Malawi,,,,,,,,,,,,,,,,,,,,,
190,Countries,Malawi,Malawi,Malaui,la République du Malawi,,,,,,,,,,,,,,,,,,,,,
191,Countries,Malaysia,Malaysia,Malasia,la Malaisie,,,,,,,,,,,,,,,,,,,,,
191,Countries,Malaysia,Malaysia,Malasia,la Fédération de Malaisie,,,,,,,,,,,,,,,,,,,,,
192,Countries,Maldives,Malediven,República de las Maldivas,,,,,,,,,,,,,,,,,,,,,,
192,Countries,Maldives,Malediven,Maldivas,,,,,,,,,,,,,,,,,,,,,,
193,Countries,Mali,Mali,,,,,,,,,,,,,,,,,,,,,,,
194,Countries,Malta,Malta,República de Malta,Malte,,,,,,,,,,,,,,,,,,,,,
194,Countries,Malta,Malta,Malta,la République de Malte,,,,,,,,,,,,,,,,,,,,,
195,Countries,Marshall Islands,Marshallinseln,República de las Islas Marshall,,,,,,,,,,,,,,,,,,,,,,
195,Countries,Marshall Islands,Marshallinseln,Islas Marshall,,,,,,,,,,,,,,,,,,,,,,
196,Countries,Martinique,Martinique,,,,,,,,,,,,,,,,,,,,,,,
197,Countries,Mauritania,Mauretanien,República Islámica de Mauritania,la Mauritanie,,,,,,,,,,,,,,,,,,,,,
197,Countries,Mauritania,Mauretanien,Mauritania,la République islamique de Mauritani,,,,,,,,,,,,,,,,,,,,,
198,Countries,Mauritius,Mauritius,,,,,,,,,,,,,,,,,,,,,,,
199,Countries,Mayotte,Mayotte,,,,,,,,,,,,,,,,,,,,,,,
200,Countries,Mexico,Mexiko,Estados Unidos Mexicanos,le Mexique,,,,,,,,,,,,,,,,,,,,,
200,Countries,Mexico,Mexiko,México,les États unis mexicains,,,,,,,,,,,,,,,,,,,,,
201,Countries,Federated States of Micronesia,Föderierte Staaten von Mikronesien,Estados Federados de Micronesia,la Micronésie,,,,,,,,,,,,,,,,,,,,,
201,Countries,Micronesia,Mikronesien,Micronesia,la Micronésie,,,,,,,,,,,,,,,,,,,,,
202,Countries,Moldova,Moldawien,,la Moldavie,,,,,,,,,,,,,,,,,,,,,
202,Countries,Moldova,Republik Moldau,,,,,,,,,,,,,,,,,,,,,,,
203,Countries,Monaco,Monaco,Principado de Mónaco,Monaco,,,,,,,,,,,,,,,,,,,,,
203,Countries,Monaco,Monaco,Mónaco,la principauté de Monaco,,,,,,,,,,,,,,,,,,,,,
204,Countries,Mongolia,Mongolei,Mongolia,,,,,,,,,,,,,,,,,,,,,,
205,Countries,Montenegro,Montenegro,República de Montenegro,le Monténégro,,,,,,,,,,,,,,,,,,,,,
205,Countries,Montenegro,Montenegro,Montenegro,le Monténégro,,,,,,,,,,,,,,,,,,,,,
206,Countries,Montserrat,Montserrat,,,,,,,,,,,,,,,,,,,,,,,
207,Countries,Morocco,Marokko,Reino de Marruecos,,,,,,,,,,,,,,,,,,,,,,
207,Countries,Morocco,Marokko,Marruecos,,,,,,,,,,,,,,,,,,,,,,
208,Countries,Mozambique,Mosambik,República de Mozambique,le Mozambique,,,,,,,,,,,,,,,,,,,,,
208,Countries,Mozambique,Mosambik,Mozambique,la République du Mozambique,,,,,,,,,,,,,,,,,,,,,
209,Countries,Myanmar,,,,,,,,,,,,,,,,,,,,,,,,
210,Countries,Namibia,Namibia,República de Namibia,la Namibie,,,,,,,,,,,,,,,,,,,,,
210,Countries,Namibia,Namibia,Namibia,la République de Namibie,,,,,,,,,,,,,,,,,,,,,
211,Countries,Nauru,Nauru,República de Nauru,Nauru,,,,,,,,,,,,,,,,,,,,,
211,Countries,Nauru,Nauru,Nauru,la République de Nauru,,,,,,,,,,,,,,,,,,,,,
212,Countries,Nepal,Nepal,República Federal Democrática de Nepal,le Népal,,,,,,,,,,,,,,,,,,,,,
212,Countries,Nepal,Nepal,Nepal,le Népal,,,,,,,,,,,,,,,,,,,,,
213,Countries,Netherlands,Niederlande,Reino de los Países Bajos,,,,,,,,,,,,,,,,,,,,,,
213,Countries,Netherlands,Niederlande,Países Bajos,,,,,,,,,,,,,,,,,,,,,,
214,Countries,New Caledonia,,,,,,,,,,,,,,,,,,,,,,,,
215,Countries,New Zealand,Neuseeland,,la Nouvelle-Zéland,,,,,,,,,,,,,,,,,,,,,
216,Countries,Nicaragua,Republik Nicaragua,República de Nicaragua,le Nicaragua,,,,,,,,,,,,,,,,,,,,,
216,Countries,Nicaragua,Nicaragua,Nicaragua,la République du Nicaragua,,,,,,,,,,,,,,,,,,,,,
216,Countries,Nicaragua,Nikaragua,,,,,,,,,,,,,,,,,,,,,,,
217,Countries,Niger,Niger,República del Níger,le Niger,,,,,,,,,,,,,,,,,,,,,
217,Countries,Niger,Niger,Níger,la République du Niger,,,,,,,,,,,,,,,,,,,,,
218,Countries,Nigeria,Nigeria,República Federal de Nigeria,le Nigéria,,,,,,,,,,,,,,,,,,,,,
218,Countries,Nigeria,Nigeria,Nigeria,le Nigéria,,,,,,,,,,,,,,,,,,,,,
219,Countries,Niue,Niue,,,,,,,,,,,,,,,,,,,,,,,
220,Countries,Norfolk Island,Norfolkinsel,,,,,,,,,,,,,,,,,,,,,,,
221,Countries,Northern Mariana Islands,Nördliche Marianen,,,,,,,,,,,,,,,,,,,,,,,
222,Countries,Norway,Norwegen,Reino de Noruega,la Norvège,,,,,,,,,,,,,,,,,,,,,
222,Countries,Norway,Norwegen,Noruega,le Royaume de Norvège,,,,,,,,,,,,,,,,,,,,,
223,Countries,Oman,Oman,Sultanato de Omán,Oman,,,,,,,,,,,,,,,,,,,,,
223,Countries,Oman,Oman,Omán,l'Oman,,,,,,,,,,,,,,,,,,,,,
224,Countries,Pakistan,Pakistan,República Islámica de Pakistán,le Pakistan,,,,,,,,,,,,,,,,,,,,,
224,Countries,Pakistan,Pakistan,Pakistán,le Pakistan,,,,,,,,,,,,,,,,,,,,,
225,Countries,Palau,Palau,Palaos,,,,,,,,,,,,,,,,,,,,,,
226,Countries,Palestine,,Estado de Palestina,,,,,,,,,,,,,,,,,,,,,,
226,Countries,Palestine,,Palestina,,,,,,,,,,,,,,,,,,,,,,
227,Countries,Panama,Panama,República de Panamá,,,,,,,,,,,,,,,,,,,,,,
227,Countries,Panama,Panama,Panamá,,,,,,,,,,,,,,,,,,,,,,
228,Countries,Papua New Guinea,Papua-Neuguinea,Estado Independiente de Papúa Nueva Guinea,la Papouasie-Nouvelle-Guinée,,,,,,,,,,,,,,,,,,,,,
228,Countries,Papua New Guinea,Papua-Neuguinea,Papúa Nueva Guinea,la Papouasie - Nouvelle-Guinée,,,,,,,,,,,,,,,,,,,,,
229,Countries,Paraguay,Paraguay,República del Paraguay,le Paraguay,,,,,,,,,,,,,,,,,,,,,
229,Countries,Paraguay,Paraguay,Paraguay,la République du Paraguay,,,,,,,,,,,,,,,,,,,,,
230,Countries,Peru,Peru,República del Perú,le Pérou,,,,,,,,,,,,,,,,,,,,,
230,Countries,Peru,Peru,Perú,la République du Pérou,,,,,,,,,,,,,,,,,,,,,
231,Countries,Philippines,Philippinen,República de Filipinas,,,,,,,,,,,,,,,,,,,,,,
231,Countries,Philippines,Philippinen,Filipinas,,,,,,,,,,,,,,,,,,,,,,
232,Countries,Pitcairn,,,,,,,,,,,,,,,,,,,,,,,,
233,Countries,Poland,Polen,República de Polonia,la Pologne,,,,,,,,,,,,,,,,,,,,,
233,Countries,Poland,Polen,Polonia,la République de Pologne,,,,,,,,,,,,,,,,,,,,,
234,Countries,Portugal,Portugal,República Portuguesa,le Portugal,,,,,,,,,,,,,,,,,,,,,
234,Countries,Portugal,Portugal,Portugal,la République portugais,,,,,,,,,,,,,,,,,,,,,
235,Countries,Puerto Rico,Puerto Rico,,,,,,,,,,,,,,,,,,,,,,,
236,Countries,Qatar,Katar,,le Qatar,,,,,,,,,,,,,,,,,,,,,
237,Countries,Réunion,,,,,,,,,,,,,,,,,,,,,,,,
238,Countries,Romania,Rumänien,,,,,,,,,,,,,,,,,,,,,,,
239,Countries,Russian Federation,Russische Föderation,,,,,,,,,,,,,,,,,,,,,,,
240,Countries,Rwanda,Ruanda,República de Ruanda,le Rwanda,,,,,,,,,,,,,,,,,,,,,
240,Countries,Rwanda,Ruanda,Ruanda,la République rwandaise,,,,,,,,,,,,,,,,,,,,,
241,Countries,Saint Barthélemy,,,,,,,,,,,,,,,,,,,,,,,,
242,Countries,"Saint Helena, Ascension and Tristan da Cunha",,,,,,,,,,,,,,,,,,,,,,,,
243,Countries,Saint Kitts and Nevis,,Federación de San Cristóbal y Nieves,Saint-Christophe-et-Niévès,,,,,,,,,,,,,,,,,,,,,
243,Countries,Saint Kitts and Nevis,,San Cristóbal y Nieves,Saint-Christophe-et-Niévès,,,,,,,,,,,,,,,,,,,,,
244,Countries,Saint Lucia,,,,,,,,,,,,,,,,,,,,,,,,
245,Countries,Saint Martin,,,,,,,,,,,,,,,,,,,,,,,,
246,Countries,Saint Pierre and Miquelon,,,,,,,,,,,,,,,,,,,,,,,,
247,Countries,Saint Vincent and the Grenadines,,,Saint-Vincent-et-les Grenadines,,,,,,,,,,,,,,,,,,,,,
248,Countries,Samoa,Samoa,Estado Independiente de Samoa,les Samoa,,,,,,,,,,,,,,,,,,,,,
248,Countries,Samoa,Samoa,Samoa,les Samoa,,,,,,,,,,,,,,,,,,,,,
249,Countries,San Marino,San Marino,Serenísima República de San Marino,,,,,,,,,,,,,,,,,,,,,,
249,Countries,San Marino,San Marino,San Marino,,,,,,,,,,,,,,,,,,,,,,
250,Countries,Sao Tome and Principe,São Tomé und Príncipe,República Democrática de Santo Tomé y Príncipe,,,,,,,,,,,,,,,,,,,,,,
250,Countries,Sao Tome and Principe,São Tomé und Príncipe,Santo Tomé y Príncipe,,,,,,,,,,,,,,,,,,,,,,
251,Countries,Saudi Arabia,Saudi-Arabien,,l'Arabie saoudite,,,,,,,,,,,,,,,,,,,,,
251,Countries,Saudi Arabia,Saudi-Arabien,,le Royaume d'Arabie saoudite,,,,,,,,,,,,,,,,,,,,,
252,Countries,Senegal,Senegal,República de Senegal,,,,,,,,,,,,,,,,,,,,,,
252,Countries,Senegal,Senegal,Senegal,,,,,,,,,,,,,,,,,,,,,,
253,Countries,Serbia,Serbien,República de Serbia,la Serbie,,,,,,,,,,,,,,,,,,,,,
253,Countries,Serbia,Serbien,Serbia,la République de Serbie,,,,,,,,,,,,,,,,,,,,,
254,Countries,Seychelles,Seychellen,República de las Seychelles,les Seychelles,,,,,,,,,,,,,,,,,,,,,
254,Countries,Seychelles,Seychellen,Seychelles,la République des Seychelles,,,,,,,,,,,,,,,,,,,,,
255,Countries,Sierra Leone,Sierra Leone,República de Sierra Leona,la Sierra Leone,,,,,,,,,,,,,,,,,,,,,
255,Countries,Sierra Leone,Sierra Leone,Sierra Leona,la République de Sierra Leone,,,,,,,,,,,,,,,,,,,,,
256,Countries,Singapore,Singapur,República de Singapur,Singapour,,,,,,,,,,,,,,,,,,,,,
256,Countries,Singapore,Singapur,Singapur,la République de Singapour,,,,,,,,,,,,,,,,,,,,,
257,Countries,Sint Maarten,,,,,,,,,,,,,,,,,,,,,,,,
258,Countries,Slovakia,Slowakei,República de Eslovaquia,la Slovaquie,,,,,,,,,,,,,,,,,,,,,
258,Countries,Slovakia,Slowakei,Eslovaquia,la République slovaqu,,,,,,,,,,,,,,,,,,,,,
259,Countries,Slovenia,Slowenien,República de Eslovenia,la Slovénie,,,,,,,,,,,,,,,,,,,,,
259,Countries,Slovenia,Slowenien,Eslovenia,la République de Slovénie,,,,,,,,,,,,,,,,,,,,,
260,Countries,Solomon Islands,Salomonen,Islas Salomón,,,,,,,,,,,,,,,,,,,,,,
261,Countries,Somalia,Somalia,República Federal de Somalia,la Somalie,,,,,,,,,,,,,,,,,,,,,
261,Countries,Somalia,Somalia,Somalia,la Somalie,,,,,,,,,,,,,,,,,,,,,
262,Countries,South Africa,Südafrika,República de Sudáfrica,l'Afrique du Sud,,,,,,,,,,,,,,,,,,,,,
262,Countries,South Africa,Südafrika,Sudáfrica,la République d'Afrique du Sud,,,,,,,,,,,,,,,,,,,,,
263,Countries,South Georgia and the South Sandwich Islands,,,,,,,,,,,,,,,,,,,,,,,,
264,Countries,Spain,Spanien,Reino de España,l'Espagne,,,,,,,,,,,,,,,,,,,,,
264,Countries,Spain,Spanien,España,le Royaume d'Espagne,,,,,,,,,,,,,,,,,,,,,
265,Countries,Sri Lanka,,República Democrática Socialista de Sri Lanka,,,,,,,,,,,,,,,,,,,,,,
265,Countries,Sri Lanka,,Sri Lanka,,,,,,,,,,,,,,,,,,,,,,
266,Countries,Sudan,Sudan,República del Sudán,le Soudan,,,,,,,,,,,,,,,,,,,,,
266,Countries,Sudan,Sudan,Sudán,la République du Soudan,,,,,,,,,,,,,,,,,,,,,
267,Countries,Suriname,Suriname,República del Surinam,le Suriname,,,,,,,,,,,,,,,,,,,,,
267,Countries,Suriname,Suriname,Surinam,le Suriname,,,,,,,,,,,,,,,,,,,,,
268,Countries,South Sudan,Der Südsudan,Sudán del sur,le Soudan du Sud,,,,,,,,,,,,,,,,,,,,,
268,Countries,Republic of South Sudan,Republik Südsudan,República de Sudán del Sur,la République du Soudan du Sud,,,,,,,,,,,,,,,,,,,,,
269,Countries,Svalbard,Svalbard ,,,,,,,,,,,,,,,,,,,,,,,
270,Countries,Jan Mayen,Jan Mayen,Jan Mayen,L'île Jan Mayen,,,,,,,,,,,,,,,,,,,,,
271,Countries,Swaziland,Swasiland,Reino de Suazilandia,le Swaziland,,,,,,,,,,,,,,,,,,,,,
271,Countries,Swaziland,Swasiland,Suazilandia,le Swaziland,,,,,,,,,,,,,,,,,,,,,
272,Countries,Sweden,Schweden,Reino de Suecia,la Suède,,,,,,,,,,,,,,,,,,,,,
272,Countries,Sweden,Schweden,Suecia,le Royaume de Suède,,,,,,,,,,,,,,,,,,,,,
273,Countries,Switzerland,Schweiz,Confederación Helvética,la Suisse,,,,,,,,,,,,,,,,,,,,,
273,Countries,Switzerland,Schweiz,Suiza,la Confédération suiss,,,,,,,,,,,,,,,,,,,,,
274,Countries,Syrian Arab Republic,Arab Republic of Syria,República Árabe Siria,République arabe syrienne,,,,,,,,,,,,,,,,,,,,,
274,Countries,Syria,Syria,Siria,la Syrie,,,,,,,,,,,,,,,,,,,,,
275,Countries,Republic of China,Republik China,República de China,République de Chine,,,,,,,,,,,,,,,,,,,,,
275,Countries,Taiwan,Taiwan,Taiwán,Taïwan,,,,,,,,,,,,,,,,,,,,,
276,Countries,Tajikistan,Tadschikistan,República de Tayikistán,le Tadjikistan,,,,,,,,,,,,,,,,,,,,,
276,Countries,Tajikistan,Tadschikistan,Tayikistán,la République du Tadjikistan,,,,,,,,,,,,,,,,,,,,,
277,Countries,Tanzania,,República Unida de Tanzania,la Tanzanie,,,,,,,,,,,,,,,,,,,,,
277,Countries,Tanzania,,Tanzania,la Tanzanie,,,,,,,,,,,,,,,,,,,,,
278,Countries,Thailand,Thailand,Reino de Tailandia,la Thaïlande,,,,,,,,,,,,,,,,,,,,,
278,Countries,Thailand,Thailand,Tailandia,le Royaume de Thaïlande,,,,,,,,,,,,,,,,,,,,,
279,Countries,Timor-Leste,Osttimor,,,,,,,,,,,,,,,,,,,,,,,
280,Countries,Togo,Togo,República Togolesa,le Togo,,,,,,,,,,,,,,,,,,,,,
280,Countries,Togo,Togo,Togo,la République togolais,,,,,,,,,,,,,,,,,,,,,
281,Countries,Tokelau,Tokelau,,,,,,,,,,,,,,,,,,,,,,,
282,Countries,Tonga,Tonga,Reino de Tonga,les Tonga,,,,,,,,,,,,,,,,,,,,,
282,Countries,Tonga,Tonga,Tonga,le Royaume des Tong,,,,,,,,,,,,,,,,,,,,,
283,Countries,Trinidad and Tobago,Trinidad und Tobago,República de Trinidad y Tobago,la Trinité-et-Tobago,,,,,,,,,,,,,,,,,,,,,
283,Countries,Trinidad and Tobago,Trinidad und Tobago,Trinidad y Tobago,la Trinité-et-Tobago,,,,,,,,,,,,,,,,,,,,,
284,Countries,Tunisia,Tunesien,República Tunecina,la Tunisie,,,,,,,,,,,,,,,,,,,,,
284,Countries,Tunisia,Tunesien,Túnez,la République tunisienne,,,,,,,,,,,,,,,,,,,,,
285,Countries,Turkey,Türkei,República de Turquía,la Turquie,,,,,,,,,,,,,,,,,,,,,
285,Countries,Turkey,Türkei,Turquía,la République de Turquie,,,,,,,,,,,,,,,,,,,,,
286,Countries,Turkmenistan,Turkmenistan,Turkmenistán,le Turkménistan,,,,,,,,,,,,,,,,,,,,,
287,Countries,Turks and Caicos Islands,Turks- und Caicosinseln,,,,,,,,,,,,,,,,,,,,,,,
288,Countries,Tuvalu,Tuvalu,Tuvalu,les Tuvalu,,,,,,,,,,,,,,,,,,,,,
289,Countries,Uganda,Uganda,República de Uganda,l'Ouganda,,,,,,,,,,,,,,,,,,,,,
289,Countries,Uganda,Uganda,Uganda,la République d'Ouganda,,,,,,,,,,,,,,,,,,,,,
290,Countries,Ukraine,Ukraine,Ucrania,,,,,,,,,,,,,,,,,,,,,,
291,Countries,United Arab Emirates,Vereinigte Arabische Emirate,Emiratos Árabes Unidos,les Émirats arabes unis,,,,,,,,,,,,,,,,,,,,,
291,Countries,United Arab Emirates,Vereinigte Arabische Emirate,Emiratos Árabes Unidos,la fédération des Émirats arabes unis,,,,,,,,,,,,,,,,,,,,,
292,Countries,United Kingdom,Vereinigtes Königreich,Reino Unido de Gran Bretaña e Irlanda del Norte,,,,,,,,,,,,,,,,,,,,,,
292,Countries,United Kingdom,Vereinigtes Königreich,Reino Unido,,,,,,,,,,,,,,,,,,,,,,
293,Countries,United States,Vereinigte Staaten,Los Estatados Unidos,les États-Unis,,,,,,,,,,,,,,,,,,,,,
294,Countries,United States Minor Outlying Islands,,,,,,,,,,,,,,,,,,,,,,,,
295,Countries,Uruguay,Uruguay,República Oriental del Uruguay,,,,,,,,,,,,,,,,,,,,,,
295,Countries,Uruguay,Uruguay,Uruguay,,,,,,,,,,,,,,,,,,,,,,
296,Countries,Uzbekistan,Usbekistan,República de Uzbekistán,l'Ouzbékistan,,,,,,,,,,,,,,,,,,,,,
296,Countries,Uzbekistan,Usbekistan,Uzbekistán,la République d'Ouzbékistan,,,,,,,,,,,,,,,,,,,,,
297,Countries,Vanuatu,Vanuatu,República de Vanuatu,,,,,,,,,,,,,,,,,,,,,,
297,Countries,Vanuatu,Vanuatu,Vanuatu,,,,,,,,,,,,,,,,,,,,,,
298,Countries,Venezuela,Venezuela,República Bolivariana de Venezuela,,,,,,,,,,,,,,,,,,,,,,
298,Countries,Venezuela,Venezuela,Venezuela,,,,,,,,,,,,,,,,,,,,,,
299,Countries,Viet Nam,,,,,,,,,,,,,,,,,,,,,,,,
300,Countries,British Virgin Islands,Britische Jungferninseln,,,,,,,,,,,,,,,,,,,,,,,
301,Countries,US Virgin Islands,,,,,,,,,,,,,,,,,,,,,,,,
302,Countries,Wallis and Futuna,,,,,,,,,,,,,,,,,,,,,,,,
303,Countries,Western Sahara,Westsahara,,,,,,,,,,,,,,,,,,,,,,,
304,Countries,Yemen,Jemen,República de Yemen,le Yémen,,,,,,,,,,,,,,,,,,,,,
304,Countries,Yemen,Jemen,Yemen,la République du Yémen,,,,,,,,,,,,,,,,,,,,,
305,Countries,Zambia,Sambia,República de Zambia,la Zambie,,,,,,,,,,,,,,,,,,,,,
305,Countries,Zambia,Sambia,Zambia,la République de Zambie,,,,,,,,,,,,,,,,,,,,,
306,Countries,Zimbabwe,Simbabwe,República de Zimbabue,le Zimbabwe,,,,,,,,,,,,,,,,,,,,,
306,Countries,Zimbabwe,Simbabwe,Zimbabue,la République du Zimbabwe,,,,,,,,,,,,,,,,,,,,,
307,German States,Baden-Wurttemberg,Baden-Wurttemberg,Baden-Wurttemberg,Bade-Wurtemberg,,,,,,,,,,,,,,,,,,,,,
308,German States,Bavaria,Bavaria,Baviera,Bavière,,,,,,,,,,,,,,,,,,,,,
309,German States,Berlin,Berlin,Berlín,Berlin,,,,,,,,,,,,,,,,,,,,,
310,German States,Bremen,Bremen,Bremen,Brême,,,,,,,,,,,,,,,,,,,,,
311,German States,Hamburg,Hamburg,Hamburgo,Hambourg,,,,,,,,,,,,,,,,,,,,,
312,German States,Hesse,Hesse,Hesse,Hesse,,,,,,,,,,,,,,,,,,,,,
313,German States,Lower Saxony,Niedersachsen,Baja sajonia,Basse-Saxe,,,,,,,,,,,,,,,,,,,,,
314,German States,Mecklenburg-Vorpommern,Mecklenburg-Vorpommern,Mecklenburg-Vorpommern,Mecklembourg-Poméranie-Occidentale,,,,,,,,,,,,,,,,,,,,,
315,German States,North Rhine-Westphalia,Nordrhein-Westfalen,Norte de Rhine-Westphalia,Rhénanie du Nord-Westphalie,,,,,,,,,,,,,,,,,,,,,
316,German States,Rhineland-Palatinate,Rheinland-Pfalz,Renania-Palatinado,Rhénanie-Palatinat,,,,,,,,,,,,,,,,,,,,,
317,German States,Saarland,Saarland,Sarre,Sarre,,,,,,,,,,,,,,,,,,,,,
318,German States,Saxony,Sachsen,Sajonia,Saxe,,,,,,,,,,,,,,,,,,,,,
319,German States,Saxony-Anhalt,Sachsen-anhalt,Sajonia-Anhalt,Saxe-Anhalt,,,,,,,,,,,,,,,,,,,,,
320,German States,Schleswig-Holstein,Schleswig-Holstein,Schleswig-Holstein,Schleswig-Holstein,,,,,,,,,,,,,,,,,,,,,
321,German States,Thuringia,Thüringen,Turingia,Thuringe,,,,,,,,,,,,,,,,,,,,,
322,Australian States,New South Wales,New South Wales,Nueva Gales del Sur,Nouvelle Galles du Sud,,,,,,,,,,,,,,,,,,,,,
323,Australian States,Queensland,Queensland,Queensland,Queensland,,,,,,,,,,,,,,,,,,,,,
324,Australian States,South Australia,Süd Australien,Sur de Australia,Australie du Sud,,,,,,,,,,,,,,,,,,,,,
325,Australian States,Tasmania,Tasmanien,Tasmania,Tasmanie,,,,,,,,,,,,,,,,,,,,,
326,Australian States,Victoria,Victoria,Victoria,Victoria,,,,,,,,,,,,,,,,,,,,,
327,Australian States,Western Australia,West-Australien,Western Australia,Australie occidentale,,,,,,,,,,,,,,,,,,,,,
328,French States,Alsace,Elsass,Alsacia,Alsace,,,,,,,,,,,,,,,,,,,,,
329,French States,Aquitaine,Aquitaine,Aquitania,Aquitaine,,,,,,,,,,,,,,,,,,,,,
330,French States,Auvergne,Auvergne,Auvernia,Auvergne,,,,,,,,,,,,,,,,,,,,,
331,French States,Brittany,Bretagne,Bretaña,Bretagne,,,,,,,,,,,,,,,,,,,,,
332,French States,Burgundy,Burgund,borgoña,Bourgogne,,,,,,,,,,,,,,,,,,,,,
333,French States,Centre,Zentrum,Centrar,Centre,,,,,,,,,,,,,,,,,,,,,
334,French States,Champagne-Ardenne,Champagne-Ardenne,Champaña-Ardenas,Champagne-Ardenne,,,,,,,,,,,,,,,,,,,,,
335,French States,Franche-Comte,Franche-Comte,Franco Condado,Franche-Comte,,,,,,,,,,,,,,,,,,,,,
336,French States,Ile-de-France,Ile-de-France,Ile de France,Ile-de-France,,,,,,,,,,,,,,,,,,,,,
337,French States,Languedoc-Roussillon,Languedoc-Roussillon,Languedoc-Roussillon,Languedoc-Roussillon,,,,,,,,,,,,,,,,,,,,,
338,French States,Limousin,Limousin,Limousin,Limousin,,,,,,,,,,,,,,,,,,,,,
339,French States,Lorraine,Lorraine,Lorena,Lorraine,,,,,,,,,,,,,,,,,,,,,
340,French States,Lower Normandy,Basse Normandie,Baja Normandía,Basse Normandie,,,,,,,,,,,,,,,,,,,,,
341,French States,Midi-Pyrenees,Midi-Pyrenees,Midi-Pyrénées,Midi-Pyrenees,,,,,,,,,,,,,,,,,,,,,
342,French States,Nord-Pas-des-Calais,Nord-Pas-of-Calais,Nord-Pas-de-Calais,Nord-Pas-des-Calais,,,,,,,,,,,,,,,,,,,,,
343,French States,Pays de la Loire,Loire,País del Loira,Pays de la Loire,,,,,,,,,,,,,,,,,,,,,
344,French States,Picardy,Picardie,Picardy,Picardie,,,,,,,,,,,,,,,,,,,,,
345,French States,Poitou-Charentes,Poitou-Charentes,Poitou-Charentes,Poitou-Charentes,,,,,,,,,,,,,,,,,,,,,
346,French States,Provence-Alpes-Cote d'Azur,Provence-Alpes-Côte d'Azur,Provenza-Alpes-Costa Azul,Provence-Alpes-Cote d'Azur,,,,,,,,,,,,,,,,,,,,,
347,French States,Rhone-Alpes,Rhone-Alpes,Rhone-Alpes,Rhone-Alpes,,,,,,,,,,,,,,,,,,,,,
348,French States,Upper Normandy,Haute-Normandie,Alta Normandía,Haute-Normandie,,,,,,,,,,,,,,,,,,,,,
349,French States,Corsica,Korsika,Córcega,la Corse,,,,,,,,,,,,,,,,,,,,,
350,Canadian Provinces,Ontario,Ontario,Ontario,Ontario,,,,,,,,,,,,,,,,,,,,,
351,Canadian Provinces,Quebec,Québec,Quebec,Quebec,,,,,,,,,,,,,,,,,,,,,
352,Canadian Provinces,Alberta,Alberta,Alberta,Alberta,,,,,,,,,,,,,,,,,,,,,
353,Canadian Provinces,Manitoba,Manitoba,Manitoba,Manitoba,,,,,,,,,,,,,,,,,,,,,
354,Canadian Provinces,Saskatchewan,Saskatchewan,Saskatchewan,Saskatchewan,,,,,,,,,,,,,,,,,,,,,
355,Canadian Provinces,Nunavut,Nunavut,Nunavut,Nunavut,,,,,,,,,,,,,,,,,,,,,
356,Canadian Provinces,Yukon,Yukon,Yukon,Yukon,,,,,,,,,,,,,,,,,,,,,
357,Canadian Provinces,British Columbia,Britisch-Kolumbien,Columbia Británica,Colombie britannique,,,,,,,,,,,,,,,,,,,,,
358,Canadian Provinces,Newfoundland and Labrador,Neufundland und Labrador,Newfoundland y Labrador,Terre-Neuve-et-Labrador,,,,,,,,,,,,,,,,,,,,,
359,Canadian Provinces,Prince Edward Island,Prinz Edward Insel,Prince Edward Island,Île-du-Prince-Édouard,,,,,,,,,,,,,,,,,,,,,
360,Canadian Provinces,Northwest Territories,Nordwestliche Territorien,Territorios del Noroeste,Territoires du nord-ouest,,,,,,,,,,,,,,,,,,,,,
361,Canadian Provinces,Nova Scotia,Neuschottland,nueva Escocia,Nouvelle-Écosse,,,,,,,,,,,,,,,,,,,,,
