Term Locale,Term Category,Term,Alias,Case Sensitive,418
en-US,Alabama Regulators,Alabama Commission on Higher Education,ACHE,FALSE,
en-US,Alabama Regulators,Alabama Cooperative Extension System,,FALSE,
en-US,Alabama Regulators,Alabama Department of Agriculture and Industries,AGI,FALSE,
en-US,Alabama Regulators,Alabama Department of Archives and History,,FALSE,
en-US,Alabama Regulators,Alabama Department of Conservation and Natural Resources,ADCNR,FALSE,
en-US,Alabama Regulators,Alabama Department of Environmental Management,ADEM,FALSE,
en-US,Alabama Regulators,Alabama Department of Mental Health,ADMH,FALSE,
en-US,Alabama Regulators,Alabama Department of Public Health,ADPH,FALSE,
en-US,Alabama Regulators,Alabama Department of Transportation,ALDOT,FALSE,
en-US,Alabama Regulators,Alabama Department of Youth Services,DYS,FALSE,
en-US,Alabama Regulators,Alabama Forestry Commission,AFC,FALSE,
en-US,Alabama Regulators,Alabama Historical Commission,AHC,FALSE,
en-US,Alabama Regulators,Alabama International Airport Authority,,FALSE,
en-US,Alabama Regulators,Alabama National Guard,,FALSE,
en-US,Alabama Regulators,Alabama Public Service Commission,PSC,FALSE,
en-US,Alabama Regulators,Alabama Sentencing Commission,,FALSE,
en-US,Alabama Regulators,Alabama State Defense Force,ASDF,FALSE,
en-US,Alabama Regulators,Alabama State Department of Education,ALSDE,FALSE,
en-US,Alabama Regulators,Alabama Women's Hall of Fame,AWHOF,FALSE,
en-US,Alaska Regulators,"Alaska Department of Commerce, Community and Economic Development",DCCED; DCED,FALSE,
en-US,Alaska Regulators,Alaska Department of Education & Early Development,DEED,FALSE,
en-US,Alaska Regulators,Alaska Department of Fish and Game,ADF&G,FALSE,
en-US,Alaska Regulators,Alaska Department of Health and Social Services,AKDHSS,FALSE,
en-US,Alaska Regulators,Alaska Department of Labor and Workforce Development,ADLWD; AKDOLWD,FALSE,
en-US,Alaska Regulators,Alaska Department of Military and Veterans Affairs,,FALSE,
en-US,Alaska Regulators,Alaska Department of Natural Resources,AKDNR,FALSE,
en-US,Alaska Regulators,Alaska Department of Transportation & Public Facilities,DOT&PF,FALSE,
en-US,Alaska Regulators,Alaska Heritage Resources Survey,AHRS,FALSE,
en-US,Alaska Regulators,Alaska Oil and Gas Conservation Commission,AOGCC,FALSE,
en-US,Alaska Regulators,Alaska Permanent Fund,,FALSE,
en-US,Alaska Regulators,Alaska State Museum,,FALSE,
en-US,Alaska Regulators,Alaska State Pension Investment Board,ASPIB,FALSE,
en-US,Alaska Regulators,Alaska State School for the Deaf and Hard of Hearing,ASSDHH,FALSE,
en-US,Alaska Regulators,Alaska Volcano Observatory,AVO,FALSE,
en-US,Alaska Regulators,Mount Edgecumbe High School,MEHS,FALSE,
en-US,Arizona Regulators,Arizona Corporation Commission,ACC,FALSE,
en-US,Arizona Regulators,Arizona Department of Economic Security,DES,FALSE,
en-US,Arizona Regulators,Arizona Department of Education,ADE,FALSE,
en-US,Arizona Regulators,Arizona Department of Gaming,ADG,FALSE,
en-US,Arizona Regulators,Arizona Department of Health Services,ADHS,FALSE,
en-US,Arizona Regulators,Arizona Department of Juvenile Corrections,ADJC,FALSE,
en-US,Arizona Regulators,Arizona Department of Liquor Licenses and Control,DLLC,FALSE,
en-US,Arizona Regulators,Arizona Department of Mines and Mineral Resources,ADMMR,FALSE,
en-US,Arizona Regulators,Arizona Department of Public Safety,DPS,FALSE,
en-US,Arizona Regulators,Arizona Department of Transportation,ADOT,FALSE,
en-US,Arizona Regulators,Arizona Game and Fish Department,AZGFD,FALSE,
en-US,Arizona Regulators,Arizona Geological Survey,AZGS,FALSE,
en-US,Arizona Regulators,Arizona Lottery,,FALSE,
en-US,Arizona Regulators,Arizona National Guard,,FALSE,
en-US,Arizona Regulators,Arizona School Facilities Board,,FALSE,
en-US,Arizona Regulators,Arizona Sports and Tourism Authority,AZSTA,FALSE,
en-US,Arizona Regulators,Arizona State Land Department,,FALSE,
en-US,Arizona Regulators,Arizona State Parks,,FALSE,
en-US,Arkansas Regulators,Arkansas Department of Aeronautics,ADA,FALSE,
en-US,Arkansas Regulators,Arkansas Department of Community Correction,,FALSE,
en-US,Arkansas Regulators,Arkansas Department of Education,ADE,FALSE,
en-US,Arkansas Regulators,Arkansas Department of Environmental Quality,ADEQ,FALSE,
en-US,Arkansas Regulators,Arkansas Department of Health,ADH,FALSE,
en-US,Arkansas Regulators,Arkansas Department of Human Services,DHS,FALSE,
en-US,Arkansas Regulators,Arkansas Department of Parks and Tourism,ADPT,FALSE,
en-US,Arkansas Regulators,Arkansas Department of Transportation,ArDOT,FALSE,
en-US,Arkansas Regulators,Arkansas Geological Survey,AGS,FALSE,
en-US,Arkansas Regulators,Arkansas National Guard,,FALSE,
en-US,Arkansas Regulators,Arkansas Public Service Commission,,FALSE,
en-US,California Regulators,Board of State Viticultural Commissioners,,FALSE,
en-US,California Regulators,CALFED Bay-Delta Program,CALFED,FALSE,
en-US,California Regulators,California Affiliated Risk Management Authority,CARMA,FALSE,
en-US,California Regulators,California Agricultural Labor Relations Board,ALRB,FALSE,
en-US,California Regulators,California Air Resources Board,CARB,FALSE,
en-US,California Regulators,California Board of Accountancy,CBA,FALSE,
en-US,California Regulators,California Board of Pilot Commissioners,BOPC,FALSE,
en-US,California Regulators,California Building Standards Commission,CBSC,FALSE,
en-US,California Regulators,California Bureau for Private Postsecondary Education,BPPE,FALSE,
en-US,California Regulators,California Bureau of Automotive Repair,BAR,FALSE,
en-US,California Regulators,California Bureau of Medical Cannabis Regulation,BMCR,FALSE,
en-US,California Regulators,California Bureau of Real Estate,CalBRE,FALSE,
en-US,California Regulators,California Bureau of Real Estate Appraisers,BREA,FALSE,
en-US,California Regulators,California Bureau of State Audits,BSA,FALSE,
en-US,California Regulators,"California Business, Consumer Services and Housing Agency",BCSH,FALSE,
en-US,California Regulators,California Cadet Corps,CACC,FALSE,
en-US,California Regulators,California Coastal Commission,,FALSE,
en-US,California Regulators,California Coastal Conservancy,,FALSE,
en-US,California Regulators,California Commission for Economic Development,CED,FALSE,
en-US,California Regulators,California Commission on Asian and Pacific Islander Affairs,,FALSE,
en-US,California Regulators,California Commission on Teacher Credentialing,CTC,FALSE,
en-US,California Regulators,California Conservation Corps,CCC,FALSE,
en-US,California Regulators,California Contractors State License Board,CSLB,FALSE,
en-US,California Regulators,California Department of Aging,CDA,FALSE,
en-US,California Regulators,California Department of Alcohol and Drug Programs,ADP,FALSE,
en-US,California Regulators,California Department of Business Oversight,DBO,FALSE,
en-US,California Regulators,California Department of Conservation,DOC,FALSE,
en-US,California Regulators,California Department of Consumer Affairs,DCA,FALSE,
en-US,California Regulators,California Department of Developmental Services,DDS ,FALSE,
en-US,California Regulators,California Department of Education,CDE,FALSE,
en-US,California Regulators,California Department of Fair Employment and Housing,DFEH,FALSE,
en-US,California Regulators,California Department of Finance,,FALSE,
en-US,California Regulators,California Department of Fish and Wildlife,CDFW,FALSE,
en-US,California Regulators,California Department of Food and Agriculture,CDFA,FALSE,
en-US,California Regulators,California Department of Forestry and Fire Protection,CAL FIRE,FALSE,
en-US,California Regulators,California Department of General Services,DGS,FALSE,
en-US,California Regulators,California Department of Health Care Services,DHCS,FALSE,
en-US,California Regulators,California Department of Housing and Community Development,HCD,FALSE,
en-US,California Regulators,California Department of Human Resources,CalHR,FALSE,
en-US,California Regulators,California Department of Insurance,CDI,FALSE,
en-US,California Regulators,California Department of Justice,,FALSE,
en-US,California Regulators,California Department of Managed Health Care,DMHC,FALSE,
en-US,California Regulators,California Department of Motor Vehicles,DMV,FALSE,
en-US,California Regulators,California Department of Parks and Recreation,California State Parks,FALSE,
en-US,California Regulators,California Department of Public Health,CDPH,FALSE,
en-US,California Regulators,California Department of Rehabilitation,DOR,FALSE,
en-US,California Regulators,California Department of Resources Recycling and Recovery,CalRecycle,FALSE,
en-US,California Regulators,California Department of Social Services,CDSS,FALSE,
en-US,California Regulators,California Department of Technology,CDT,FALSE,
en-US,California Regulators,California Department of Toxic Substances Control,DTSC,FALSE,
en-US,California Regulators,California Department of Transportation,CalTrans,FALSE,
en-US,California Regulators,California Department of Water Resources,DWR,FALSE,
en-US,California Regulators,California Division of Boating and Waterways,DBW,FALSE,
en-US,California Regulators,California Division of Juvenile Justice,DJJ; California Youth Authority (CYA),FALSE,
en-US,California Regulators,California Division of Occupational Safety and Health,DOSH,FALSE,
en-US,California Regulators,California Emergency Medical Services Authority,EMSA; EMS Authority),FALSE,
en-US,California Regulators,California Energy Commission,CEC; Energy Resources Conservation and Development Commission,FALSE,
en-US,California Regulators,California Environmental Protection Agency,CalEPA,FALSE,
en-US,California Regulators,California Fair Political Practices Commission,FPPC,FALSE,
en-US,California Regulators,California Film Commission,CFC,FALSE,
en-US,California Regulators,California Franchise Tax Board,FTB,FALSE,
en-US,California Regulators,California Geological Survey,CGS,FALSE,
en-US,California Regulators,California Government Operations Agency,CalGovOps,FALSE,
en-US,California Regulators,California Health and Human Services Agency,CHHS,FALSE,
en-US,California Regulators,California High-Speed Rail Authority,CHSRA,FALSE,
en-US,California Regulators,California Housing Finance Agency,CalHFA,FALSE,
en-US,California Regulators,California Institute for Regenerative Medicine,CIRM,FALSE,
en-US,California Regulators,California Labor and Workforce Development Agency,LWDA,FALSE,
en-US,California Regulators,California Law Revision Commission,CLRC,FALSE,
en-US,California Regulators,California Major Risk Medical Insurance Program,MRMIP,FALSE,
en-US,California Regulators,California Managed Risk Medical Insurance Board,MRMIB,FALSE,
en-US,California Regulators,California Military Department,,FALSE,
en-US,California Regulators,California National Guard,,FALSE,
en-US,California Regulators,California Natural Resources Agency,CNRA,FALSE,
en-US,California Regulators,California Office of Administrative Law,OAL,FALSE,
en-US,California Regulators,California Office of Environmental Health Hazard Assessment,OEHHA,FALSE,
en-US,California Regulators,California Office of Systems Integration,OSI,FALSE,
en-US,California Regulators,California Office of Tourism,Division of Tourism,FALSE,
en-US,California Regulators,California Postsecondary Education Commission,CPEC,FALSE,
en-US,California Regulators,California Prison Industry Authority,CALPIA,FALSE,
en-US,California Regulators,California Public Employees' Retirement System,CalPERS,FALSE,
en-US,California Regulators,California Public Utilities Commission,CPUC,FALSE,
en-US,California Regulators,California Register of Historical Resources,California Register,FALSE,
en-US,California Regulators,California Science Center,California ScienCenter,FALSE,
en-US,California Regulators,California Space Authority,CSA,FALSE,
en-US,California Regulators,California State Athletic Commission,CSAC,FALSE,
en-US,California Regulators,California State Board of Education,SBE,FALSE,
en-US,California Regulators,California State Lands Commission,SLC,FALSE,
en-US,California Regulators,California State Library,,FALSE,
en-US,California Regulators,California State Personnel Board,,FALSE,
en-US,California Regulators,California State Teachers' Retirement System,CalSTRS,FALSE,
en-US,California Regulators,California State Transportation Agency,CalSTA,FALSE,
en-US,California Regulators,California State Water Resources Control Board,SWRCB,FALSE,
en-US,California Regulators,California Strawberry Commission,,FALSE,
en-US,California Regulators,CaliforniaVolunteers,,FALSE,
en-US,California Regulators,Colorado River Board of California,CRB,FALSE,
en-US,California Regulators,Employment Development Department,EDD,FALSE,
en-US,California Regulators,Hazardous Waste and Substances Sites List,,FALSE,
en-US,California Regulators,Little Hoover Commission,"LHC; Milton Marks ""Little Hoover"" Commission on California State Government Organization and Economy",FALSE,
en-US,California Regulators,Medical Board of California,MBC,FALSE,
en-US,California Regulators,San Francisco Bay Conservation and Development Commission,BCDC,FALSE,
en-US,California Regulators,San Francisco Estuary Partnership,,FALSE,
en-US,California Regulators,Santa Monica Mountains Conservancy,,FALSE,
en-US,California Regulators,Sierra Nevada Conservancy,SNC; Conservancy,FALSE,
en-US,California Regulators,State Board of Equalization,,FALSE,
en-US,Colorado Regulators,Colorado Council on the Arts,,FALSE,
en-US,Colorado Regulators,Colorado Department of Agriculture,,FALSE,
en-US,Colorado Regulators,Colorado Department of Education,CDE,FALSE,
en-US,Colorado Regulators,Colorado Department of Health Care Policy and Financing,HCPF,FALSE,
en-US,Colorado Regulators,Colorado Department of Higher Education,DHE,FALSE,
en-US,Colorado Regulators,Colorado Department of Human Services,CDHS,FALSE,
en-US,Colorado Regulators,Colorado Department of Labor and Employment,CDLE,FALSE,
en-US,Colorado Regulators,Colorado Department of Local Affairs,DOLA,FALSE,
en-US,Colorado Regulators,Colorado Department of Military and Veterans Affairs,DMVA,FALSE,
en-US,Colorado Regulators,Colorado Department of Natural Resources,,FALSE,
en-US,Colorado Regulators,Colorado Department of Personnel and Administration,DPA,FALSE,
en-US,Colorado Regulators,Colorado Department of Public Health and Environment,CDPHE,FALSE,
en-US,Colorado Regulators,Colorado Department of Public Safety,CDPS,FALSE,
en-US,Colorado Regulators,Colorado Department of Regulatory Regulators,Colorado Department of Regulatory Agencies; DORA,FALSE,
en-US,Colorado Regulators,Colorado Department of Revenue,,FALSE,
en-US,Colorado Regulators,Colorado Department of Transportation,CDOT,FALSE,
en-US,Colorado Regulators,Colorado Division of Aeronautics,,FALSE,
en-US,Colorado Regulators,Colorado Division of Forestry,DOF,FALSE,
en-US,Colorado Regulators,Colorado Division of Insurance,,FALSE,
en-US,Colorado Regulators,Colorado Division of Youth Corrections,DYC,FALSE,
en-US,Colorado Regulators,Colorado Lottery,,FALSE,
en-US,Colorado Regulators,Colorado National Guard,,FALSE,
en-US,Colorado Regulators,Colorado Parks and Wildlife,,FALSE,
en-US,Colorado Regulators,Colorado Public Utilities Commission,PUC,FALSE,
en-US,Colorado Regulators,Colorado River Water Conservation District,Colorado River District ; River District,FALSE,
en-US,Colorado Regulators,Colorado State Board of Education,,FALSE,
en-US,Colorado Regulators,Colorado State Public Defender,,FALSE,
en-US,Colorado Regulators,Colorado Water Conservation Board,CWCB,FALSE,
en-US,Colorado Regulators,Colorado Water Quality Control Division,,FALSE,
en-US,Colorado Regulators,Regents of the University of Colorado,,FALSE,
en-US,Colorado Regulators,Reginald Bicha,,FALSE,
en-US,Colorado Regulators,Scientific and Cultural Facilities District,SCFD,FALSE,
en-US,Colorado Regulators,Task Force on the Implementation of Amendment 64,,FALSE,
en-US,Connecticut Regulators,Connecticut Department of Children and Families,DCF,FALSE,
en-US,Connecticut Regulators,Connecticut Department of Developmental Services,DDS,FALSE,
en-US,Connecticut Regulators,Connecticut Department of Emergency Management and Homeland Security,DEMHS,FALSE,
en-US,Connecticut Regulators,Connecticut Department of Energy and Environmental Protection,DEEP,FALSE,
en-US,Connecticut Regulators,Connecticut Department of Motor Vehicles,,FALSE,
en-US,Connecticut Regulators,Connecticut Department of Transportation,ConnDOT,FALSE,
en-US,Connecticut Regulators,Connecticut Distance Learning Consortium,CTDLC,FALSE,
en-US,Connecticut Regulators,Connecticut Liquor Division,,FALSE,
en-US,Connecticut Regulators,Connecticut Lottery,,FALSE,
en-US,Connecticut Regulators,Connecticut Military Department,,FALSE,
en-US,Connecticut Regulators,Connecticut Siting Council,,FALSE,
en-US,Connecticut Regulators,Connecticut State Capitol Police,,FALSE,
en-US,Connecticut Regulators,Connecticut State Department of Education,,FALSE,
en-US,Connecticut Regulators,Connecticut State Library,,FALSE,
en-US,Delaware Regulators,Delaware Department of Education,DEDOE,FALSE,
en-US,Delaware Regulators,Delaware Department of Natural Resources and Environmental Control,DNREC,FALSE,
en-US,Delaware Regulators,"Delaware Department of Services for Children, Youth, and Their Families",DSCYF,FALSE,
en-US,Delaware Regulators,Delaware Department of Transportation,DelDOT,FALSE,
en-US,Delaware Regulators,Delaware Geological Survey,DGS,FALSE,
en-US,Delaware Regulators,Delaware Lottery,,FALSE,
en-US,Delaware Regulators,Delaware Public Service Commission,PSC,FALSE,
en-US,Delaware Regulators,Delaware State Parks,,FALSE,
en-US,Delaware Regulators,Delaware State Police,DSP,FALSE,
en-US,Florida Regulators,Florida College System,,FALSE,
en-US,Florida Regulators,Florida Department of Agriculture and Consumer Services,FDACS,FALSE,
en-US,Florida Regulators,Florida Department of Air and Water Pollution Control,,FALSE,
en-US,Florida Regulators,Florida Department of Business and Professional Regulation,DBPR,FALSE,
en-US,Florida Regulators,Florida Department of Children and Families,,FALSE,
en-US,Florida Regulators,Florida Department of Citrus,FDOC,FALSE,
en-US,Florida Regulators,Florida Department of Education,FLDOE,FALSE,
en-US,Florida Regulators,Florida Department of Environmental Protection,FDEP,FALSE,
en-US,Florida Regulators,Florida Department of Environmental Regulation,DER,FALSE,
en-US,Florida Regulators,Florida Department of Financial Services,FLDFS,FALSE,
en-US,Florida Regulators,Florida Department of Health,,FALSE,
en-US,Florida Regulators,Florida Department of Highway Safety and Motor Vehicles,DHSMV,FALSE,
en-US,Florida Regulators,Florida Department of Juvenile Justice,FDJJ,FALSE,
en-US,Florida Regulators,Florida Department of Law Enforcement,FDLE,FALSE,
en-US,Florida Regulators,Florida Department of Management Services,DMS,FALSE,
en-US,Florida Regulators,Florida Department of Military Affairs,,FALSE,
en-US,Florida Regulators,Florida Department of Transportation,FDOT,FALSE,
en-US,Florida Regulators,Florida Department of Veterans Affairs,FDVA,FALSE,
en-US,Florida Regulators,Florida Division of Alcoholic Beverages and Tobacco,,FALSE,
en-US,Florida Regulators,Florida Division of Emergency Management,DEM,FALSE,
en-US,Florida Regulators,Florida Fish and Wildlife Conservation Commission,FWC,FALSE,
en-US,Florida Regulators,Florida Lottery,,FALSE,
en-US,Florida Regulators,Florida Photographic Collection,,FALSE,
en-US,Florida Regulators,Florida Public Service Commission,FPSC,FALSE,
en-US,Florida Regulators,Northwest Florida Water Management District,NWFWMD,FALSE,
en-US,Florida Regulators,Orange County Health Department,DOH-Orange; Florida Department of Health in Orange County,FALSE,
en-US,Florida Regulators,Port Canaveral,,FALSE,
en-US,Florida Regulators,Regional Planning Councils,RPCs,FALSE,
en-US,Florida Regulators,South Florida Water Management District,SFWMD,FALSE,
en-US,Florida Regulators,Southwest Florida Water Management District,SFWMD,FALSE,
en-US,Florida Regulators,Space Florida,,FALSE,
en-US,Florida Regulators,St. Johns River Water Management District,SJRWMD ,FALSE,
en-US,Florida Regulators,State Board of Administration of Florida,SBA,FALSE,
en-US,Florida Regulators,Suwannee River Water Management District,SRWMD,FALSE,
en-US,Florida Regulators,Technological Research and Development Authority,TRDA,FALSE,
en-US,Florida Regulators,The Florida Network of Youth and Family Services,,FALSE,
en-US,Florida Regulators,Water management districts in Florida,,FALSE,
en-US,Georgia Regulators,Georgia Alcohol and Tobacco Division,,FALSE,
en-US,Georgia Regulators,Georgia Department of Agriculture,,FALSE,
en-US,Georgia Regulators,Georgia Department of Economic Development,GDEcD,FALSE,
en-US,Georgia Regulators,Georgia Department of Education,GaDOE,FALSE,
en-US,Georgia Regulators,Georgia Department of Juvenile Justice,DJJ,FALSE,
en-US,Georgia Regulators,Georgia Department of Labor,,FALSE,
en-US,Georgia Regulators,Georgia Department of Natural Resources,DNR,FALSE,
en-US,Georgia Regulators,Georgia Department of Revenue,,FALSE,
en-US,Georgia Regulators,Georgia Department of Transportation,GDOT,FALSE,
en-US,Georgia Regulators,Georgia Emergency Management Agency,GEMHSA; Georgia Emergency Management and Homeland Security Agency,FALSE,
en-US,Georgia Regulators,Georgia Environmental Finance Authority,GEFA,FALSE,
en-US,Georgia Regulators,Georgia Historical Commission,GHS,FALSE,
en-US,Georgia Regulators,Georgia Land Conservation Program,GLCP,FALSE,
en-US,Georgia Regulators,Georgia Public Service Commission,,FALSE,
en-US,Georgia Regulators,Georgia Regional Transportation Authority,GRTA ,FALSE,
en-US,Georgia Regulators,Northwest Georgia Joint Development Authority,NWGAJDA,FALSE,
en-US,Hawaii Regulators,Hawai'i Department of Education,,FALSE,
en-US,Hawaii Regulators,Hawai'i Department of Land and Natural Resources,DLNR,FALSE,
en-US,Hawaii Regulators,Hawaii Department of Health,DOH,FALSE,
en-US,Hawaii Regulators,Hawaii Department of Human Services,,FALSE,
en-US,Hawaii Regulators,Hawaii Department of Transportation,HDOT,FALSE,
en-US,Hawaii Regulators,Hawaii Division of Conservation and Resource Enforcement,DOCARE,FALSE,
en-US,Hawaii Regulators,"Hawaii Prosecuting Attorney Office, Criminal Investigations Unit",,FALSE,
en-US,Hawaii Regulators,Hawaii Public Utilities Commission,PUC,FALSE,
en-US,Hawaii Regulators,Hawaii State Foundation on Culture and the Arts,SFCA,FALSE,
en-US,Hawaii Regulators,Hawaii State Public Library System,HSPLS,FALSE,
en-US,Hawaii Regulators,Office of Hawaiian Affairs,OHA ,FALSE,
en-US,Hawaii Regulators,State of Hawaii Department of the Attorney General,,FALSE,
en-US,Idaho Regulators,Idaho Commission for Libraries,ICFL; Idaho State Library,FALSE,
en-US,Idaho Regulators,Idaho Department of Commerce,,FALSE,
en-US,Idaho Regulators,Idaho Department of Environmental Quality,IDEQ,FALSE,
en-US,Idaho Regulators,Idaho Department of Fish and Game,IDFG,FALSE,
en-US,Idaho Regulators,Idaho Department of Juvenile Corrections,IDJC,FALSE,
en-US,Idaho Regulators,Idaho Department of Lands,IDL,FALSE,
en-US,Idaho Regulators,Idaho Lottery,,FALSE,
en-US,Idaho Regulators,Idaho Military Department,,FALSE,
en-US,Idaho Regulators,Idaho Potato Commission,IPC,FALSE,
en-US,Idaho Regulators,Idaho Public Utilities Commission,,FALSE,
en-US,Idaho Regulators,Idaho State Department of Education,Idaho State Board of Education,FALSE,
en-US,Idaho Regulators,Idaho State Historical Society,ISHS,FALSE,
en-US,Idaho Regulators,Idaho State Liquor Division,,FALSE,
en-US,Idaho Regulators,Idaho Transportation Department,ITD,FALSE,
en-US,Illinois Regulators,Capital Development Board,CDB,FALSE,
en-US,Illinois Regulators,Illinois Arts Council,,FALSE,
en-US,Illinois Regulators,Illinois Bureau of Criminal Investigations,BCI,FALSE,
en-US,Illinois Regulators,Illinois Commerce Commission,ICC,FALSE,
en-US,Illinois Regulators,Illinois Department of Agriculture,,FALSE,
en-US,Illinois Regulators,Illinois Department of Central Management Services,CMS,FALSE,
en-US,Illinois Regulators,Illinois Department of Children and Family Services,DCFS,FALSE,
en-US,Illinois Regulators,Illinois Department of Commerce and Economic Opportunity,DCEO,FALSE,
en-US,Illinois Regulators,Illinois Department of Employment Security,IDES,FALSE,
en-US,Illinois Regulators,Illinois Department of Financial and Professional Regulation,IDFPR,FALSE,
en-US,Illinois Regulators,Illinois Department of Healthcare and Family Services,HFS,FALSE,
en-US,Illinois Regulators,Illinois Department of Human Rights,IDHR,FALSE,
en-US,Illinois Regulators,Illinois Department of Human Services,DHS,FALSE,
en-US,Illinois Regulators,Illinois Department of Insurance,,FALSE,
en-US,Illinois Regulators,Illinois Department of Juvenile Justice,IDJJ,FALSE,
en-US,Illinois Regulators,Illinois Department of Labor,IDOL,FALSE,
en-US,Illinois Regulators,Illinois Department of Natural Resources,IDNR,FALSE,
en-US,Illinois Regulators,Illinois Department of Public Health,IDPH,FALSE,
en-US,Illinois Regulators,Illinois Department of Revenue,IDOR,FALSE,
en-US,Illinois Regulators,Illinois Department of Transportation,IDOT,FALSE,
en-US,Illinois Regulators,Illinois Department of Veterans' Affairs,IDVA,FALSE,
en-US,Illinois Regulators,Illinois Department on Aging,,FALSE,
en-US,Illinois Regulators,Illinois Emergency Management Agency,IEMA,FALSE,
en-US,Illinois Regulators,Illinois Environmental Protection Agency,Illinois EPA,FALSE,
en-US,Illinois Regulators,Illinois Health Benefits Exchange,,FALSE,
en-US,Illinois Regulators,Illinois Historic Preservation Agency,IHPA; Illinois Historic Preservation Division,FALSE,
en-US,Illinois Regulators,Illinois Municipal Retirement Fund,IMRF,FALSE,
en-US,Illinois Regulators,Illinois National Guard,,FALSE,
en-US,Illinois Regulators,Illinois Secretary of State,,FALSE,
en-US,Illinois Regulators,Illinois State Board of Education,ISBE ,FALSE,
en-US,Illinois Regulators,Illinois State Board of Elections,SBE,FALSE,
en-US,Illinois Regulators,Illinois State Lottery,,FALSE,
en-US,Illinois Regulators,Illinois State Toll Highway Authority,ISTHA,FALSE,
en-US,Illinois Regulators,Serve Illinois Commission,,FALSE,
en-US,Illinois Regulators,State Universities Retirement System,SURS ,FALSE,
en-US,Illinois Regulators,Teachers' Retirement System of the State of Illinois,(TRS; System,FALSE,
en-US,Indiana Regulators,Hoosier Lottery,,FALSE,
en-US,Indiana Regulators,Indiana Alcohol and Tobacco Commission,,FALSE,
en-US,Indiana Regulators,Indiana Department of Administration,IDOA,FALSE,
en-US,Indiana Regulators,Indiana Department of Education,,FALSE,
en-US,Indiana Regulators,Indiana Department of Environmental Management,IDEM,FALSE,
en-US,Indiana Regulators,Indiana Department of Natural Resources,DNR,FALSE,
en-US,Indiana Regulators,Indiana Department of Transportation,INDOT,FALSE,
en-US,Indiana Regulators,Indiana Geological Survey,IGS,FALSE,
en-US,Indiana Regulators,Indiana Office of Community & Rural Affairs,OCRA,FALSE,
en-US,Indiana Regulators,Indiana Utility Regulatory Commission,,FALSE,
en-US,Iowa Regulators,Iowa Alcoholic Beverages Division,,FALSE,
en-US,Iowa Regulators,Iowa Animal Industry Bureau,,FALSE,
en-US,Iowa Regulators,Iowa Civil Rights Commission,,FALSE,
en-US,Iowa Regulators,Iowa Department of Education,,FALSE,
en-US,Iowa Regulators,Iowa Department of Human Services,DHS,FALSE,
en-US,Iowa Regulators,Iowa Department of Natural Resources,DNR,FALSE,
en-US,Iowa Regulators,Iowa Department of Public Safety,DPS,FALSE,
en-US,Iowa Regulators,Iowa Department of Transportation,Iowa DOT,FALSE,
en-US,Iowa Regulators,Iowa National Guard,,FALSE,
en-US,Iowa Regulators,Iowa Utilities Board,IUB,FALSE,
en-US,Iowa Regulators,State Historical Society of Iowa,SHSI,FALSE,
en-US,Kansas Regulators,Adjutant General of Kansas,,FALSE,
en-US,Kansas Regulators,Kansas Dental Board,KDB,FALSE,
en-US,Kansas Regulators,Kansas Department of Administration,KDA,FALSE,
en-US,Kansas Regulators,Kansas Department of Agriculture,,FALSE,
en-US,Kansas Regulators,"Kansas Department of Agriculture, Division of Water Resources",,FALSE,
en-US,Kansas Regulators,Kansas Department of Commerce,,FALSE,
en-US,Kansas Regulators,Kansas Department of Revenue,KDOR,FALSE,
en-US,Kansas Regulators,Kansas Department of Transportation,KDOT,FALSE,
en-US,Kansas Regulators,"Kansas Department of Wildlife, Parks and Tourism",KDWPT,FALSE,
en-US,Kansas Regulators,Kansas Juvenile Justice Authority,JJA,FALSE,
en-US,Kansas Regulators,Kansas Lottery,,FALSE,
en-US,Kansas Regulators,Kansas Sentencing Commission,,FALSE,
en-US,Kansas Regulators,Kansas State Board of Nursing,KSBN,FALSE,
en-US,Kansas Regulators,Kansas State Department of Education,KSDE,FALSE,
en-US,Kansas Regulators,Office of the Kansas Securities Commissioner,KSC,FALSE,
en-US,Kansas Regulators,State Library of Kansas,,FALSE,
en-US,Kentucky Regulators,Kentucky Department of Education,,FALSE,
en-US,Kentucky Regulators,Kentucky Department of Juvenile Justice,KYDJJ,FALSE,
en-US,Kentucky Regulators,Kentucky Heritage Council,,FALSE,
en-US,Kentucky Regulators,Kentucky Lottery,,FALSE,
en-US,Kentucky Regulators,Kentucky Office of Alcoholic Beverage Control,,FALSE,
en-US,Kentucky Regulators,Kentucky Public Service Commission,,FALSE,
en-US,Kentucky Regulators,Kentucky River Authority,,FALSE,
en-US,Kentucky Regulators,Kentucky Space,,FALSE,
en-US,Kentucky Regulators,Kentucky State Nature Preserves Commission,KSNPC,FALSE,
en-US,Kentucky Regulators,Kentucky Transportation Cabinet,KYTC,FALSE,
en-US,Kentucky Regulators,Legislative Research Commission,LRC,FALSE,
en-US,Louisiana Regulators,Crescent City Connection Division,CCCD,FALSE,
en-US,Louisiana Regulators,Dirigo Health,DHA; Dirigo Health Agency,FALSE,
en-US,Louisiana Regulators,Joint Task Force Gator,,FALSE,
en-US,Louisiana Regulators,Louisiana Coastal Protection and Restoration Authority,CPRA,FALSE,
en-US,Louisiana Regulators,Louisiana Department of Agriculture and Forestry,LDAF,FALSE,
en-US,Louisiana Regulators,Louisiana Department of Education,,FALSE,
en-US,Louisiana Regulators,Louisiana Department of Environmental Quality,LDEQ,FALSE,
en-US,Louisiana Regulators,Louisiana Department of Health and Hospitals,DHH,FALSE,
en-US,Louisiana Regulators,Louisiana Department of Transportation and Development,LaDOTD,FALSE,
en-US,Louisiana Regulators,Louisiana Department of Veterans Affairs,LDVA ,FALSE,
en-US,Louisiana Regulators,Louisiana Department of Wildlife and Fisheries,LDWF,FALSE,
en-US,Louisiana Regulators,Louisiana Lottery Corporation,,FALSE,
en-US,Louisiana Regulators,Louisiana National Guard,,FALSE,
en-US,Louisiana Regulators,Louisiana Office of Juvenile Justice,,FALSE,
en-US,Louisiana Regulators,Louisiana Public Service Commission,LPSC,FALSE,
en-US,Louisiana Regulators,Louisiana Recovery Authority,LRA,FALSE,
en-US,Louisiana Regulators,Louisiana State Archive and Research Library,,FALSE,
en-US,Louisiana Regulators,Southeast Louisiana Flood Protection Authority,SLFPA,FALSE,
en-US,Maine Regulators,Maine Arts Commission,MAC,FALSE,
en-US,Maine Regulators,Maine Bureau of Motor Vehicles,,FALSE,
en-US,Maine Regulators,"Maine Department of Defense, Veterans, and Emergency Management",DVEM,FALSE,
en-US,Maine Regulators,Maine Department of Education,,FALSE,
en-US,Maine Regulators,Maine Department of Transportation,MaineDOT,FALSE,
en-US,Maine Regulators,Maine Liquor Licensing and Compliance Division,,FALSE,
en-US,Maine Regulators,Maine Lottery,,FALSE,
en-US,Maine Regulators,Maine Public Utilities Commission,,FALSE,
en-US,Maine Regulators,Maine Warden Service,,FALSE,
en-US,Maryland Regulators,Maryland 529,College Savings Plans of Maryland,FALSE,
en-US,Maryland Regulators,Maryland Alcohol and Tobacco Tax Bureau,,FALSE,
en-US,Maryland Regulators,Maryland Automobile Insurance Fund,MAIF,FALSE,
en-US,Maryland Regulators,Maryland Aviation Administration,MAA,FALSE,
en-US,Maryland Regulators,Maryland Coastal Bays Program,MCBP,FALSE,
en-US,Maryland Regulators,Maryland Department of Agriculture,MDA,FALSE,
en-US,Maryland Regulators,Maryland Department of General Services,,FALSE,
en-US,Maryland Regulators,Maryland Department of Health and Mental Hygiene,,FALSE,
en-US,Maryland Regulators,Maryland Department of Juvenile Services,DJS,FALSE,
en-US,Maryland Regulators,"Maryland Department of Labor, Licensing and Regulation",DLLR,FALSE,
en-US,Maryland Regulators,Maryland Department of Natural Resources,DNR,FALSE,
en-US,Maryland Regulators,Maryland Department of Planning,MDP,FALSE,
en-US,Maryland Regulators,Maryland Department of Transportation,MDOT,FALSE,
en-US,Maryland Regulators,Maryland Emergency Management Agency,MEMA,FALSE,
en-US,Maryland Regulators,Maryland Forest Service,,FALSE,
en-US,Maryland Regulators,Maryland Health Benefit Exchange,,FALSE,
en-US,Maryland Regulators,Maryland Higher Education Commission,,FALSE,
en-US,Maryland Regulators,Maryland Historical Trust,,FALSE,
en-US,Maryland Regulators,Maryland Horse Industry Board,MHIB,FALSE,
en-US,Maryland Regulators,Maryland Lottery,,FALSE,
en-US,Maryland Regulators,Maryland Military Department,MMD,FALSE,
en-US,Maryland Regulators,Maryland Office of Administrative Hearings,OAH,FALSE,
en-US,Maryland Regulators,Maryland power plant research program,PPRP; Maryland Power Plant Research Program,FALSE,
en-US,Maryland Regulators,Maryland Public Service Commission,PSC,FALSE,
en-US,Maryland Regulators,Maryland Racing Commission,,FALSE,
en-US,Maryland Regulators,Maryland State Archives,,FALSE,
en-US,Maryland Regulators,Maryland State Board of Censors,,FALSE,
en-US,Maryland Regulators,Maryland State Commission on Criminal Sentencing Policy,MSCCSP,FALSE,
en-US,Maryland Regulators,Maryland State Department of Education,MSDE,FALSE,
en-US,Maryland Regulators,Maryland State Highway Administration,,FALSE,
en-US,Maryland Regulators,Maryland Transit Administration,MTA,FALSE,
en-US,Maryland Regulators,Maryland Transportation Authority,MDTA,FALSE,
en-US,Massachusetts Regulators,Berkshire Regional Transit Authority,BRTA,FALSE,
en-US,Massachusetts Regulators,Department of Conservation and Recreation,,FALSE,
en-US,Massachusetts Regulators,Division of Fisheries and Wildlife,MassWildlife,FALSE,
en-US,Massachusetts Regulators,Martha's Vineyard Transit Authority,VTA,FALSE,
en-US,Massachusetts Regulators,Massachusetts Alcoholic Beverage Control Commission,ABCC,FALSE,
en-US,Massachusetts Regulators,Massachusetts Board of Library Commissioners,MBLC ,FALSE,
en-US,Massachusetts Regulators,Massachusetts Commission Against Discrimination,MCAD,FALSE,
en-US,Massachusetts Regulators,Massachusetts Department of Elementary and Secondary Education,ESE,FALSE,
en-US,Massachusetts Regulators,Massachusetts Department of Environmental Protection,MassDEP,FALSE,
en-US,Massachusetts Regulators,Massachusetts Department of Mental Health,,FALSE,
en-US,Massachusetts Regulators,Massachusetts Department of Public Health,,FALSE,
en-US,Massachusetts Regulators,Massachusetts Department of Public Utilities,,FALSE,
en-US,Massachusetts Regulators,Massachusetts Department of Transportation,MassDOT,FALSE,
en-US,Massachusetts Regulators,Massachusetts Department of Youth Services,DYS,FALSE,
en-US,Massachusetts Regulators,Massachusetts Development Finance Agency,MassDevelopment,FALSE,
en-US,Massachusetts Regulators,Massachusetts Emergency Management Agency,MEMA,FALSE,
en-US,Massachusetts Regulators,Massachusetts Executive Office of Energy and Environmental Affairs,EOEEA,FALSE,
en-US,Massachusetts Regulators,Massachusetts Executive Office of Health and Human Services,EOHHS,FALSE,
en-US,Massachusetts Regulators,Massachusetts Executive Office of Labor and Workforce Development,EOLWD ,FALSE,
en-US,Massachusetts Regulators,Massachusetts Highway Department,MassHighway,FALSE,
en-US,Massachusetts Regulators,Massachusetts Lottery,Massachusetts State Lottery,FALSE,
en-US,Massachusetts Regulators,Massachusetts Port Authority,Massport,FALSE,
en-US,Massachusetts Regulators,Massachusetts School Building Authority,MSBA,FALSE,
en-US,Massachusetts Regulators,Massachusetts Toxics Use Reduction Institute,TURI,FALSE,
en-US,Massachusetts Regulators,Massachusetts Water Resources Authority,MWRA,FALSE,
en-US,Massachusetts Regulators,Nantucket Regional Transit Authority,NRTA,FALSE,
en-US,Massachusetts Regulators,Southeastern Regional Transit Authority,SRTA,FALSE,
en-US,Massachusetts Regulators,State Reform School for Boys,,FALSE,
en-US,Michigan Regulators,Archives of Michigan,,FALSE,
en-US,Michigan Regulators,Board of State Canvassers,,FALSE,
en-US,Michigan Regulators,Bureau of Branch Office Services,,FALSE,
en-US,Michigan Regulators,Bureau of Driver and Vehicle Records,,FALSE,
en-US,Michigan Regulators,Bureau of Elections,,FALSE,
en-US,Michigan Regulators,Center for Educational Performance & Information,CEPI,FALSE,
en-US,Michigan Regulators,Center for Geographic Information,CGI,FALSE,
en-US,Michigan Regulators,Children's Ombudsman,OCO,FALSE,
en-US,Michigan Regulators,Civil Service Commission,MiCSC,FALSE,
en-US,Michigan Regulators,Community Service Commission,MCSC,FALSE,
en-US,Michigan Regulators,Customer Services Administration,,FALSE,
en-US,Michigan Regulators,Department of Agriculture & Rural Development,MDARD,FALSE,
en-US,Michigan Regulators,Department of Attorney General,,FALSE,
en-US,Michigan Regulators,Department of Civil Rights,MDCR,FALSE,
en-US,Michigan Regulators,Department of Civil Service,MDCS,FALSE,
en-US,Michigan Regulators,Department of Community Health,MDCH,FALSE,
en-US,Michigan Regulators,Department of Corrections,MDOC,FALSE,
en-US,Michigan Regulators,Department of Education,MDE,FALSE,
en-US,Michigan Regulators,Department of Environmental Quality,Michigan DEQ; MDEQ; DEQ,FALSE,
en-US,Michigan Regulators,Department of Health and Human Services,MDHHS,FALSE,
en-US,Michigan Regulators,Department of Insurance & Financial Services,MiDIFS,FALSE,
en-US,Michigan Regulators,Department of Licensing & Regulatory Affairs,,FALSE,
en-US,Michigan Regulators,Department of Military & Veterans Affairs,DMVA,FALSE,
en-US,Michigan Regulators,Department of Natural Resources,DNR,FALSE,
en-US,Michigan Regulators,Department of State,SOS,FALSE,
en-US,Michigan Regulators,Department of State Information Center,,FALSE,
en-US,Michigan Regulators,Department of State Police,MSP,FALSE,
en-US,Michigan Regulators,Department of Talent and Economic Development,,FALSE,
en-US,Michigan Regulators,"Department of Technology, Management & Budget",DTMP,FALSE,
en-US,Michigan Regulators,Department of the Michigan Jobs Commission,,FALSE,
en-US,Michigan Regulators,Department of Transportation,MDOT,FALSE,
en-US,Michigan Regulators,Department of Treasury,,FALSE,
en-US,Michigan Regulators,Department Services Administration,,FALSE,
en-US,Michigan Regulators,Economic Development Corporation,MEDC,FALSE,
en-US,Michigan Regulators,Gaming Control Board,MGCB,FALSE,
en-US,Michigan Regulators,Geological Survey,,FALSE,
en-US,Michigan Regulators,Legal and Regulatory Services Administration,,FALSE,
en-US,Michigan Regulators,Library of Michigan,,FALSE,
en-US,Michigan Regulators,Liquor Control Commission,MLCC,FALSE,
en-US,Michigan Regulators,Local Emergency Financial Assistance Loan Board,,FALSE,
en-US,Michigan Regulators,Mackinac Bridge Authority,,FALSE,
en-US,Michigan Regulators,Mackinac Island State Park Commission,,FALSE,
en-US,Michigan Regulators,Mackinac State Historic Parks,,FALSE,
en-US,Michigan Regulators,Michigan Commission on Law Enforcement Standards,MCOLES,FALSE,
en-US,Michigan Regulators,Michigan Council for Arts and Cultural Affairs,MCACA,FALSE,
en-US,Michigan Regulators,Michigan Department of Career Development,,FALSE,
en-US,Michigan Regulators,Michigan Department of Commerce,,FALSE,
en-US,Michigan Regulators,"Michigan Department of History, Arts and Libraries",,FALSE,
en-US,Michigan Regulators,Michigan Department of Information Technology,MDIT,FALSE,
en-US,Michigan Regulators,Michigan Department of Labor,,FALSE,
en-US,Michigan Regulators,Michigan Department of Licensing and Regulatory Affairs,,FALSE,
en-US,Michigan Regulators,Michigan Department of Mental Health,,FALSE,
en-US,Michigan Regulators,Michigan Department of Public Health,,FALSE,
en-US,Michigan Regulators,Michigan Department of Social Services,,FALSE,
en-US,Michigan Regulators,Michigan Employment Relations Commission,MERC,FALSE,
en-US,Michigan Regulators,Michigan Family Independence Agency,FIA,FALSE,
en-US,Michigan Regulators,Michigan Film Office,,FALSE,
en-US,Michigan Regulators,Michigan Historical Museum,,FALSE,
en-US,Michigan Regulators,Michigan Lottery,,FALSE,
en-US,Michigan Regulators,Michigan Occupational Safety and Health Administration,,FALSE,
en-US,Michigan Regulators,Michigan Railroad Commission,,FALSE,
en-US,Michigan Regulators,Michigan State Industries,MSI,FALSE,
en-US,Michigan Regulators,Michigan Volunteer Defense Force,MIVDF,FALSE,
en-US,Michigan Regulators,Office of Cultural Economic Development,,FALSE,
en-US,Michigan Regulators,Office of Customer Services,,FALSE,
en-US,Michigan Regulators,Office of Retirement Services,ORS,FALSE,
en-US,Michigan Regulators,Office of Services to the Aging,OSA,FALSE,
en-US,Michigan Regulators,Office of Technology and Project Services,,FALSE,
en-US,Michigan Regulators,Office of the Great Seal,,FALSE,
en-US,Michigan Regulators,Office of the State Employer,OSE,FALSE,
en-US,Michigan Regulators,Public Service Commission,MPSC,FALSE,
en-US,Michigan Regulators,Racing Commissioner,,FALSE,
en-US,Michigan Regulators,Records Management Services,,FALSE,
en-US,Michigan Regulators,Renewable Fuels Commission,,FALSE,
en-US,Michigan Regulators,State Administrative Board,,FALSE,
en-US,Michigan Regulators,State Budget Office,SBO,FALSE,
en-US,Michigan Regulators,State Historic Preservation Office,SHPO,FALSE,
en-US,Michigan Regulators,State Housing Development Authority,MSHDA,FALSE,
en-US,Michigan Regulators,State Office of Administrative Hearings & Rules,,FALSE,
en-US,Michigan Regulators,State Officers Compensation Commission,SOCC,FALSE,
en-US,Michigan Regulators,State Purchasing,,FALSE,
en-US,Michigan Regulators,State Transportation Commission,STC,FALSE,
en-US,Michigan Regulators,Tax Tribunal,,FALSE,
en-US,Michigan Regulators,Unemployment Insurance Agency,UIA,FALSE,
en-US,Michigan Regulators,Veterans Affairs Agency,MVAA,FALSE,
en-US,Michigan Regulators,Women's Commission,MWC,FALSE,
en-US,Michigan Regulators,Workers' Compensation Agency,WCA,FALSE,
en-US,Minnesota Regulators,Iron Range Resources and Rehabilitation Board,IRRRB,FALSE,
en-US,Minnesota Regulators,Minnesota Department of Agriculture,MDA,FALSE,
en-US,Minnesota Regulators,Minnesota Department of Corrections,,FALSE,
en-US,Minnesota Regulators,Minnesota Department of Education,MDE,FALSE,
en-US,Minnesota Regulators,Minnesota Department of Employment and Economic Development,DEED,FALSE,
en-US,Minnesota Regulators,Minnesota Department of Human Rights,MDHR,FALSE,
en-US,Minnesota Regulators,Minnesota Department of Labor and Industry,,FALSE,
en-US,Minnesota Regulators,Minnesota Department of Natural Resources,,FALSE,
en-US,Minnesota Regulators,Minnesota Department of Transportation,MnDOT,FALSE,
en-US,Minnesota Regulators,Minnesota Housing Finance Agency,MHFA,FALSE,
en-US,Minnesota Regulators,Minnesota Indian Affairs Council,MIAC,FALSE,
en-US,Minnesota Regulators,Minnesota Pollution Control Agency,MPCA,FALSE,
en-US,Minnesota Regulators,Minnesota Public Utilities Commission,PUC,FALSE,
en-US,Minnesota Regulators,Minnesota State Lottery,,FALSE,
en-US,Minnesota Regulators,Minnesota Workers' Compensation Court of Appeals,WCCA,FALSE,
en-US,Mississippi Regulators,Mississippi Department of Agriculture and Commerce,MDAC,FALSE,
en-US,Mississippi Regulators,Mississippi Department of Archives and History,MDAH ,FALSE,
en-US,Mississippi Regulators,Mississippi Department of Education,MDE,FALSE,
en-US,Mississippi Regulators,Mississippi Department of Environmental Quality,MDEQ,FALSE,
en-US,Mississippi Regulators,Mississippi Department of Human Services,MDHS ,FALSE,
en-US,Mississippi Regulators,Mississippi Department of Marine Resources,MDMR,FALSE,
en-US,Mississippi Regulators,Mississippi Department of Mental Health,DMH,FALSE,
en-US,Mississippi Regulators,Mississippi Department of Public Safety,,FALSE,
en-US,Mississippi Regulators,Mississippi Forestry Commission,MFC,FALSE,
en-US,Mississippi Regulators,Mississippi Insurance Department,,FALSE,
en-US,Mississippi Regulators,Mississippi National Guard,,FALSE,
en-US,Mississippi Regulators,Mississippi Public Service Commission,,FALSE,
en-US,Mississippi Regulators,Mississippi State Sovereignty Commission,,FALSE,
en-US,Mississippi Regulators,Pat Harrison Waterway District,PHWD,FALSE,
en-US,Missouri Regulators,Missouri Conservationist,,FALSE,
en-US,Missouri Regulators,Missouri Department of Agriculture,MDA,FALSE,
en-US,Missouri Regulators,Missouri Department of Conservation,,FALSE,
en-US,Missouri Regulators,Missouri Department of Corrections,,FALSE,
en-US,Missouri Regulators,Missouri Department of Elementary and Secondary Education,DESE,FALSE,
en-US,Missouri Regulators,Missouri Department of Natural Resources,MoDNR,FALSE,
en-US,Missouri Regulators,Missouri Department of Revenue,,FALSE,
en-US,Missouri Regulators,Missouri Department of Social Services,DSS,FALSE,
en-US,Missouri Regulators,Missouri Department of Transportation,MoDOT,FALSE,
en-US,Missouri Regulators,Missouri Division of Youth Services,DYS,FALSE,
en-US,Missouri Regulators,Missouri Gaming Commission,,FALSE,
en-US,Missouri Regulators,Missouri Lottery,,FALSE,
en-US,Missouri Regulators,Missouri Public Service Commission,,FALSE,
en-US,Montana Regulators,"Montana Department of Fish, Wildlife and Parks",MFWP,FALSE,
en-US,Montana Regulators,Montana Department of Natural Resources and Conservation,DNRC,FALSE,
en-US,Montana Regulators,Montana Department of Transportation,MDT,FALSE,
en-US,Montana Regulators,Montana Historical Society,MHS,FALSE,
en-US,Montana Regulators,Montana Lottery,,FALSE,
en-US,Montana Regulators,Montana National Guard,Montana Army National Guard,FALSE,
en-US,Montana Regulators,Montana Office of Public Instruction,OPI,FALSE,
en-US,Montana Regulators,Montana Public Service Commission,PSC,FALSE,
en-US,Nebraska Regulators,Nebraska Department of Economic Development,,FALSE,
en-US,Nebraska Regulators,Nebraska Department of Education,,FALSE,
en-US,Nebraska Regulators,Nebraska Department of Health & Human Services,DHHS,FALSE,
en-US,Nebraska Regulators,Nebraska Department of Roads,NDOR,FALSE,
en-US,Nebraska Regulators,Nebraska Forest Service,,FALSE,
en-US,Nebraska Regulators,Nebraska Library Commission,,FALSE,
en-US,Nebraska Regulators,Nebraska Public Service Commission,,FALSE,
en-US,Nebraska Regulators,Nebraska State College System,,FALSE,
en-US,Nebraska Regulators,Nebraska State Historical Society,NSHS,FALSE,
en-US,Nebraska Regulators,University of Nebraska system,,FALSE,
en-US,Nevada Regulators,Agency for Nuclear Projects,Nuclear Waste Project Office,FALSE,
en-US,Nevada Regulators,List of Nevada state Regulators,,FALSE,
en-US,Nevada Regulators,Nevada Athletic Commission,,FALSE,
en-US,Nevada Regulators,Nevada Bureau of Mines and Geology,NBMG,FALSE,
en-US,Nevada Regulators,Nevada Commission on Ethics,,FALSE,
en-US,Nevada Regulators,Nevada Department of Conservation and Natural Resources,DCNR,FALSE,
en-US,Nevada Regulators,Nevada Department of Cultural Affairs,DCA,FALSE,
en-US,Nevada Regulators,Nevada Department of Education,,FALSE,
en-US,Nevada Regulators,Nevada Department of Health and Human Services,DHHS,FALSE,
en-US,Nevada Regulators,Nevada Department of Motor Vehicles,DMV,FALSE,
en-US,Nevada Regulators,Nevada Department of Transportation,Nevada DOT; NDOT,FALSE,
en-US,Nevada Regulators,Nevada Department of Wildlife,NDOW,FALSE,
en-US,Nevada Regulators,Nevada Division of Child and Family Services,DCFS,FALSE,
en-US,Nevada Regulators,Nevada Division of Forestry,NDF,FALSE,
en-US,Nevada Regulators,Nevada Executive Ethics Commission,,FALSE,
en-US,Nevada Regulators,Nevada Gaming Commission,State Gaming Control Board,FALSE,
en-US,Nevada Regulators,Nevada High-Speed Rail Authority,NHSRA,FALSE,
en-US,Nevada Regulators,Nevada Legislative Ethics Commission,,FALSE,
en-US,Nevada Regulators,Nevada Public Utilities Commission,,FALSE,
en-US,Nevada Regulators,Nevada Railroad Commission,,FALSE,
en-US,Nevada Regulators,Nevada Renewable Energy and Energy Efficiency Authority,,FALSE,
en-US,Nevada Regulators,Nevada State Board of Medical Examiners,,FALSE,
en-US,Nevada Regulators,Nevada State Ethics Commission,,FALSE,
en-US,Nevada Regulators,Nevada State Treasurer,,FALSE,
en-US,New Hampshire Regulators,New Hampshire Department of Education,NHDOE ,FALSE,
en-US,New Hampshire Regulators,New Hampshire Department of Health & Human Services,DHHS,FALSE,
en-US,New Hampshire Regulators,New Hampshire Department of Justice,NHDOJ,FALSE,
en-US,New Hampshire Regulators,New Hampshire Department of Safety,DOS,FALSE,
en-US,New Hampshire Regulators,New Hampshire Department of Transportation,NHDOT,FALSE,
en-US,New Hampshire Regulators,New Hampshire Division of Parks and Recreation,,FALSE,
en-US,New Hampshire Regulators,New Hampshire Film and Television Office,,FALSE,
en-US,New Hampshire Regulators,New Hampshire Fish and Game Department,NHF&G,FALSE,
en-US,New Hampshire Regulators,New Hampshire Liquor Commission,,FALSE,
en-US,New Hampshire Regulators,New Hampshire Lottery,,FALSE,
en-US,New Hampshire Regulators,New Hampshire Police Standards and Training Council,NH Police Standards and Training Council,FALSE,
en-US,New Hampshire Regulators,New Hampshire Public Utilities Commission,NHPUC,FALSE,
en-US,New Hampshire Regulators,New Hampshire Real Estate Commission,,FALSE,
en-US,New Hampshire Regulators,New Hampshire Retirement System,NHRS ,FALSE,
en-US,New Jersey Regulators,Casino Reinvestment Development Authority,CRDA ,FALSE,
en-US,New Jersey Regulators,Council on Affordable Housing,COAH,FALSE,
en-US,New Jersey Regulators,Division of Child Protection and Permanency,CP&P; Division of Youth and Family Services; DYFS,FALSE,
en-US,New Jersey Regulators,Highlands Water Protection and Planning Council,,FALSE,
en-US,New Jersey Regulators,List of New Jersey state firewardens,,FALSE,
en-US,New Jersey Regulators,New Jersey Board of Public Utilities,N.J. Board of Public Utilities; NJBPU,FALSE,
en-US,New Jersey Regulators,New Jersey Casino Control Commission,,FALSE,
en-US,New Jersey Regulators,New Jersey Commission on Holocaust Education,,FALSE,
en-US,New Jersey Regulators,New Jersey Department of Agriculture,,FALSE,
en-US,New Jersey Regulators,New Jersey Department of Banking and Insurance,DOBI,FALSE,
en-US,New Jersey Regulators,New Jersey Department of Community Affairs,NJ DCA,FALSE,
en-US,New Jersey Regulators,New Jersey Department of Education,NJ DOE,FALSE,
en-US,New Jersey Regulators,New Jersey Department of Environmental Protection,NJDEP,FALSE,
en-US,New Jersey Regulators,New Jersey Department of Health and Senior Services,,FALSE,
en-US,New Jersey Regulators,New Jersey Department of Labor and Workforce Development,,FALSE,
en-US,New Jersey Regulators,New Jersey Department of Military and Veterans Affairs,NJDMAVA,FALSE,
en-US,New Jersey Regulators,New Jersey Department of the Public Advocate,,FALSE,
en-US,New Jersey Regulators,New Jersey Department of the Treasury,,FALSE,
en-US,New Jersey Regulators,New Jersey Department of Transportation,NJDOT,FALSE,
en-US,New Jersey Regulators,New Jersey Detective Agency,NJDA,FALSE,
en-US,New Jersey Regulators,New Jersey Division of Consumer Affairs,DCA,FALSE,
en-US,New Jersey Regulators,New Jersey Division of Fish and Wildlife,,FALSE,
en-US,New Jersey Regulators,New Jersey Division of Parks and Forestry,,FALSE,
en-US,New Jersey Regulators,New Jersey Division of the Rate Counsel,New Jersey Division of the Ratepayer Advocate,FALSE,
en-US,New Jersey Regulators,New Jersey Economic Development Authority,EDA,FALSE,
en-US,New Jersey Regulators,New Jersey Election Law Enforcement Commission,ELEC,FALSE,
en-US,New Jersey Regulators,New Jersey Forest Fire Service,NJFFS,FALSE,
en-US,New Jersey Regulators,New Jersey Historical Commission,NJHC,FALSE,
en-US,New Jersey Regulators,New Jersey Juvenile Justice Commission,,FALSE,
en-US,New Jersey Regulators,New Jersey Lottery,,FALSE,
en-US,New Jersey Regulators,New Jersey Motor Vehicle Commission,MVC,FALSE,
en-US,New Jersey Regulators,New Jersey Schools Development Authority,NJSDA; SDA,FALSE,
en-US,New Jersey Regulators,New Jersey Sports and Exposition Authority,NJSEA,FALSE,
en-US,New Jersey Regulators,New Jersey State Athletic Control Board,SACB,FALSE,
en-US,New Jersey Regulators,New Jersey State Council on the Arts,,FALSE,
en-US,New Jersey Regulators,New Jersey State Detectives,,FALSE,
en-US,New Jersey Regulators,New Jersey State Library,,FALSE,
en-US,New Jersey Regulators,New Jersey State Planning Commission,,FALSE,
en-US,New Jersey Regulators,New Jersey State Police,NJ State Police; NJSP,FALSE,
en-US,New Jersey Regulators,New Jersey Tidelands Resource Council,,FALSE,
en-US,New Jersey Regulators,New Jersey Turnpike Authority,NJTA,FALSE,
en-US,New Jersey Regulators,New Jersey Wine Industry Advisory Council,NJWIAC,FALSE,
en-US,New Jersey Regulators,North Jersey Transportation Planning Authority,NJTPA,FALSE,
en-US,New Jersey Regulators,South Jersey Transportation Authority,SJTA ,FALSE,
en-US,New Mexico Regulators,New Mexico Alcohol and Gaming Division,,FALSE,
en-US,New Mexico Regulators,"New Mexico Children, Youth, and Families Department",,FALSE,
en-US,New Mexico Regulators,New Mexico Department of Cultural Affairs,,FALSE,
en-US,New Mexico Regulators,New Mexico Department of Transportation,NMDOT ,FALSE,
en-US,New Mexico Regulators,New Mexico Historic Preservation Division,,FALSE,
en-US,New Mexico Regulators,New Mexico Livestock Board,,FALSE,
en-US,New Mexico Regulators,New Mexico Motor Vehicle Division,MVD,FALSE,
en-US,New Mexico Regulators,New Mexico Public Education Department,PED,FALSE,
en-US,New Mexico Regulators,New Mexico Public Regulation Commission,NMPRC,FALSE,
en-US,New Mexico Regulators,New Mexico Spaceport Authority,,FALSE,
en-US,New Mexico Regulators,New Mexico Taxation and Revenue Department,,FALSE,
en-US,New Mexico Regulators,New Mexico Tourism Department,NMTD,FALSE,
en-US,New York Regulators,Legislative Bill Drafting Commission,LBDC,FALSE,
en-US,New York Regulators,New York State Athletic Commission,NYSAC,FALSE,
en-US,New York Regulators,New York State Board of Elections,,FALSE,
en-US,New York Regulators,New York State Commission of Correction,SCOC,FALSE,
en-US,New York Regulators,New York State Commission on Judicial Conduct,,FALSE,
en-US,New York Regulators,New York State Department of Transportation,NYSDOT,FALSE,
en-US,New York Regulators,New York State Division of Military and Naval Affairs,DMNA,FALSE,
en-US,New York Regulators,New York State Financial Control Board,,FALSE,
en-US,New York Regulators,New York State Gaming Commission,,FALSE,
en-US,New York Regulators,New York State Office for the Prevention of Domestic Violence,OPDV,FALSE,
en-US,New York Regulators,"New York State Office of Parks, Recreation and Historic Preservation",NYS OPRHP,FALSE,
en-US,New York Regulators,New York State Public Authorities Control Board,,FALSE,
en-US,New York Regulators,Office of Professional Medical Conduct,OPMC,FALSE,
en-US,New York Regulators,Spending and Government Efficiency Commission,SAGE,FALSE,
en-US,North Carolina Regulators,North Carolina Department of Agriculture and Consumer Services,NCDA&CS; North Carolina Department of Agriculture & Consumer Services,FALSE,
en-US,North Carolina Regulators,North Carolina Department of Environmental Quality,NCDEQ,FALSE,
en-US,North Carolina Regulators,North Carolina Department of Health and Human Services,NCDHHS,FALSE,
en-US,North Carolina Regulators,North Carolina Department of Juvenile Justice and Delinquency Prevention,DJJDP,FALSE,
en-US,North Carolina Regulators,North Carolina Department of Military and Veterans Affairs,DMVA,FALSE,
en-US,North Carolina Regulators,North Carolina Department of Natural and Cultural Resources,DNCR,FALSE,
en-US,North Carolina Regulators,North Carolina Department of Public Instruction,NCDPI,FALSE,
en-US,North Carolina Regulators,North Carolina Division of Forest Resources,North Carolina Forest Service,FALSE,
en-US,North Carolina Regulators,North Carolina Division of Motor Vehicles,NCDMV,FALSE,
en-US,North Carolina Regulators,North Carolina Forest Service,North Carolina Division of Forest Resources,FALSE,
en-US,North Carolina Regulators,North Carolina Safety and Emission Vehicle Inspection,,FALSE,
en-US,North Carolina Regulators,North Carolina State Board of Dental Examiners,,FALSE,
en-US,North Carolina Regulators,North Carolina Utilities Commission,,FALSE,
en-US,North Carolina Regulators,North Carolina Wildlife Resources Commission,WRC; NC Wildlife Resources Commission,FALSE,
en-US,North Dakota Regulators,Bank of North Dakota,,FALSE,
en-US,North Dakota Regulators,North Dakota Department of Agriculture,,FALSE,
en-US,North Dakota Regulators,North Dakota Department of Career and Technical Education,CTE,FALSE,
en-US,North Dakota Regulators,North Dakota Department of Labor,,FALSE,
en-US,North Dakota Regulators,North Dakota Department of Public Instruction,NDDPI,FALSE,
en-US,North Dakota Regulators,North Dakota Department of Transportation,NDDOT,FALSE,
en-US,North Dakota Regulators,North Dakota Lottery,,FALSE,
en-US,North Dakota Regulators,North Dakota Mill and Elevator,,FALSE,
en-US,North Dakota Regulators,North Dakota Public Service Commission,,FALSE,
en-US,North Dakota Regulators,North Dakota State Board of Higher Education,NDSBHE,FALSE,
en-US,North Dakota Regulators,North Dakota Workforce Safety and Insurance,WSI,FALSE,
en-US,North Dakota Regulators,State Historical Society of North Dakota,,FALSE,
en-US,Ohio Regulators,Ohio Arts Council,OAC,FALSE,
en-US,Ohio Regulators,Ohio Casino Control Commission,OCCC,FALSE,
en-US,Ohio Regulators,Ohio Commission on Dispute Resolution and Conflict Management,CDR,FALSE,
en-US,Ohio Regulators,Ohio Department of Administrative Services,DAS,FALSE,
en-US,Ohio Regulators,Ohio Department of Aging,,FALSE,
en-US,Ohio Regulators,Ohio Department of Agriculture,,FALSE,
en-US,Ohio Regulators,Ohio Department of Commerce,,FALSE,
en-US,Ohio Regulators,Ohio Department of Education,ODE,FALSE,
en-US,Ohio Regulators,Ohio Department of Health,ODH,FALSE,
en-US,Ohio Regulators,Ohio Department of Insurance,ODI,FALSE,
en-US,Ohio Regulators,Ohio Department of Job and Family Services,ODJFS,FALSE,
en-US,Ohio Regulators,Ohio Department of Natural Resources,ODNR,FALSE,
en-US,Ohio Regulators,Ohio Department of Public Safety,ODPS,FALSE,
en-US,Ohio Regulators,Ohio Department of Rehabilitation and Correction,DRC; ODRC,FALSE,
en-US,Ohio Regulators,Ohio Department of Taxation,,FALSE,
en-US,Ohio Regulators,Ohio Department of Transportation,ODOT,FALSE,
en-US,Ohio Regulators,Ohio Department of Veterans Services,ODVS,FALSE,
en-US,Ohio Regulators,Ohio Department of Youth Services,DYS,FALSE,
en-US,Ohio Regulators,Ohio Environmental Protection Agency,Ohio EPA,FALSE,
en-US,Oklahoma Regulators,Nigh Commission,Commission on the Reform of Oklahoma State Government,FALSE,
en-US,Oklahoma Regulators,Oklahoma Aeronautics Commission,OAC,FALSE,
en-US,Oklahoma Regulators,Oklahoma Capitol Improvement Authority,OCIA,FALSE,
en-US,Oklahoma Regulators,Oklahoma Center for the Advancement of Science and Technology,OCAST ,FALSE,
en-US,Oklahoma Regulators,Oklahoma Commissioners of the Land Office,,FALSE,
en-US,Oklahoma Regulators,Oklahoma Conservation Commission,,FALSE,
en-US,Oklahoma Regulators,Oklahoma Council on Firefighter Training,COFT,FALSE,
en-US,Oklahoma Regulators,Oklahoma Council on Law Enforcement Education and Training,CLEET,FALSE,
en-US,Oklahoma Regulators,"Oklahoma Department of Agriculture, Food, and Forestry",,FALSE,
en-US,Oklahoma Regulators,Oklahoma Department of Central Services,DCS,FALSE,
en-US,Oklahoma Regulators,Oklahoma Department of Commerce,,FALSE,
en-US,Oklahoma Regulators,Oklahoma Department of Consumer Credit,ODCC,FALSE,
en-US,Oklahoma Regulators,Oklahoma Department of Environmental Quality,DEQ,FALSE,
en-US,Oklahoma Regulators,Oklahoma Department of Human Services,DHS,FALSE,
en-US,Oklahoma Regulators,Oklahoma Department of Insurance,OID; Oklahoma Insurance Departmen,FALSE,
en-US,Oklahoma Regulators,Oklahoma Department of Labor,ODOL,FALSE,
en-US,Oklahoma Regulators,Oklahoma Department of Libraries,ODL,FALSE,
en-US,Oklahoma Regulators,Oklahoma Department of Mental Health and Substance Abuse Services,,FALSE,
en-US,Oklahoma Regulators,Oklahoma Department of Mines,ODM,FALSE,
en-US,Oklahoma Regulators,Oklahoma Department of Rehabilitation Services,DRS,FALSE,
en-US,Oklahoma Regulators,Oklahoma Department of Securities,ODS,FALSE,
en-US,Oklahoma Regulators,Oklahoma Department of Tourism and Recreation,,FALSE,
en-US,Oklahoma Regulators,Oklahoma Department of Transportation,ODOT,FALSE,
en-US,Oklahoma Regulators,Oklahoma Department of Veterans Affairs,ODVA,FALSE,
en-US,Oklahoma Regulators,Oklahoma Educational Television Authority,OETA,FALSE,
en-US,Oklahoma Regulators,Oklahoma Employment Security Commission,OESC,FALSE,
en-US,Oklahoma Regulators,Oklahoma Energy Resources Board,OERB ,FALSE,
en-US,Oklahoma Regulators,Oklahoma Ethics Commission,,FALSE,
en-US,Oklahoma Regulators,Oklahoma Firefighters Pension and Retirement System,OFPRS,FALSE,
en-US,Oklahoma Regulators,Oklahoma Health Care Authority,OKHCA,FALSE,
en-US,Oklahoma Regulators,Oklahoma Historical Society,OHS,FALSE,
en-US,Oklahoma Regulators,Oklahoma Marginal Wells Commission,,FALSE,
en-US,Oklahoma Regulators,Oklahoma Merit Protection Commission,OMPC,FALSE,
en-US,Oklahoma Regulators,Oklahoma Military Department,,FALSE,
en-US,Oklahoma Regulators,Oklahoma Office of Educational Quality and Accountability,EQA,FALSE,
en-US,Oklahoma Regulators,Oklahoma Office of Management and Enterprise Services,OMES,FALSE,
en-US,Oklahoma Regulators,Oklahoma Office of Personnel Management,OPM,FALSE,
en-US,Oklahoma Regulators,Oklahoma Police Pension and Retirement System,OPPRS,FALSE,
en-US,Oklahoma Regulators,Oklahoma Public Employees Retirement System,OPERS,FALSE,
en-US,Oklahoma Regulators,Oklahoma Secretary of Energy,,FALSE,
en-US,Oklahoma Regulators,Oklahoma Secretary of the Environment,,FALSE,
en-US,Oklahoma Regulators,Oklahoma Space Industry Development Authority,OSIDA,FALSE,
en-US,Oklahoma Regulators,Oklahoma State Banking Department,OSBD,FALSE,
en-US,Oklahoma Regulators,Oklahoma State Board of Equalization,,FALSE,
en-US,Oklahoma Regulators,Oklahoma State Bond Advisor,,FALSE,
en-US,Oklahoma Regulators,Oklahoma State Department of Education,,FALSE,
en-US,Oklahoma Regulators,Oklahoma State Department of Health,OSDH,FALSE,
en-US,Oklahoma Regulators,Oklahoma State Pension Commission,,FALSE,
en-US,Oklahoma Regulators,Oklahoma State Regents for Higher Education,,FALSE,
en-US,Oklahoma Regulators,Oklahoma Tax Commission,OTC,FALSE,
en-US,Oklahoma Regulators,Oklahoma Teachers' Retirement System,,FALSE,
en-US,Oklahoma Regulators,Oklahoma Tobacco Settlement Endowment Trust,TSET,FALSE,
en-US,Oklahoma Regulators,Oklahoma Water Resources Board,OWRB ,FALSE,
en-US,Oregon Regulators,Hillcrest Youth Correctional Facility,,FALSE,
en-US,Oregon Regulators,Oregon Arts Commission,,FALSE,
en-US,Oregon Regulators,Oregon Board of Forestry,ODF,FALSE,
en-US,Oregon Regulators,Oregon Bureau of Labor and Industries,BOLI,FALSE,
en-US,Oregon Regulators,Oregon Business Development Department,OBDD,FALSE,
en-US,Oregon Regulators,Oregon Criminal Justice Commission,CJC,FALSE,
en-US,Oregon Regulators,Oregon Department of Administrative Services,DAS,FALSE,
en-US,Oregon Regulators,Oregon Department of Agriculture,ODA,FALSE,
en-US,Oregon Regulators,Oregon Department of Aviation,,FALSE,
en-US,Oregon Regulators,Oregon Department of Consumer and Business Services,DCBS,FALSE,
en-US,Oregon Regulators,Oregon Department of Education,,FALSE,
en-US,Oregon Regulators,Oregon Department of Energy,ODOE,FALSE,
en-US,Oregon Regulators,Oregon Department of Environmental Quality,DEQ,FALSE,
en-US,Oregon Regulators,Oregon Department of Fish and Wildlife,ODFW,FALSE,
en-US,Oregon Regulators,Oregon Department of Forestry,ODF,FALSE,
en-US,Oregon Regulators,Oregon Department of Geology and Mineral Industries,DOGAMI,FALSE,
en-US,Oregon Regulators,Oregon Department of Human Services,ODHS,FALSE,
en-US,Oregon Regulators,Oregon Department of Justice,DOJ,FALSE,
en-US,Oregon Regulators,Oregon Department of Land Conservation and Development,DLCD,FALSE,
en-US,Oregon Regulators,Oregon Department of Public Safety Standards and Training,DPSST,FALSE,
en-US,Oregon Regulators,Oregon Department of Revenue,,FALSE,
en-US,Oregon Regulators,Oregon Department of State Lands,DSL,FALSE,
en-US,Oregon Regulators,Oregon Department of Transportation,ODOT,FALSE,
en-US,Oregon Regulators,Oregon Department of Veterans' Affairs,ODVA,FALSE,
en-US,Oregon Regulators,Oregon Early Learning Division,ELD,FALSE,
en-US,Oregon Regulators,Oregon Economic and Community Development Department,OBDD,FALSE,
en-US,Oregon Regulators,Oregon Employment Department,,FALSE,
en-US,Oregon Regulators,Oregon Forest Resources Institute,OFRI,FALSE,
en-US,Oregon Regulators,Oregon Government Ethics Commission,Oregon Government Standards and Practices Commission; OGEC,FALSE,
en-US,Oregon Regulators,Oregon Health Authority,OHA,FALSE,
en-US,Oregon Regulators,Oregon Higher Education Coordinating Commission,,FALSE,
en-US,Oregon Regulators,Oregon Housing and Community Services Department,OHCS,FALSE,
en-US,Oregon Regulators,Oregon Liquor Control Commission,OLCC,FALSE,
en-US,Oregon Regulators,Oregon Medical Board,OMB,FALSE,
en-US,Oregon Regulators,Oregon Military Department,,FALSE,
en-US,Oregon Regulators,Oregon Occupational Safety and Health Division,,FALSE,
en-US,Oregon Regulators,Oregon Office of Community Colleges and Workforce Development,CCWD,FALSE,
en-US,Oregon Regulators,Oregon Office of Degree Authorization,ODA,FALSE,
en-US,Oregon Regulators,Oregon Office of Student Access and Completion,OSAC ,FALSE,
en-US,Oregon Regulators,Oregon Office of University Coordination,,FALSE,
en-US,Oregon Regulators,Oregon Parks and Recreation Department,OPRD,FALSE,
en-US,Oregon Regulators,Oregon Performance Reporting Information System,PRISM,FALSE,
en-US,Oregon Regulators,Oregon PHL/DEQ Laboratories,,FALSE,
en-US,Oregon Regulators,Oregon Psychiatric Security Review Board,PSRB,FALSE,
en-US,Oregon Regulators,Oregon Public Employees Retirement System,PERS,FALSE,
en-US,Oregon Regulators,Oregon Public Utility Commission,PUC,FALSE,
en-US,Oregon Regulators,Oregon State Archives,,FALSE,
en-US,Oregon Regulators,Oregon State Bar,OSB,FALSE,
en-US,Oregon Regulators,Oregon State Board of Education,,FALSE,
en-US,Oregon Regulators,Oregon State Board of Geologist Examiners,OSBGE,FALSE,
en-US,Oregon Regulators,Oregon State Capitol Foundation,OSCF,FALSE,
en-US,Oregon Regulators,Oregon State Elections Division,,FALSE,
en-US,Oregon Regulators,Oregon State Fair,,FALSE,
en-US,Oregon Regulators,Oregon State Library,,FALSE,
en-US,Oregon Regulators,Oregon Sustainability Board,OSB,FALSE,
en-US,Oregon Regulators,Oregon Teachers Standards and Practices Commission,TSPC,FALSE,
en-US,Oregon Regulators,Oregon Tourism Commission,,FALSE,
en-US,Oregon Regulators,Oregon Water Resources Department,WRD,FALSE,
en-US,Oregon Regulators,Oregon Wine Board,OWB,FALSE,
en-US,Oregon Regulators,Oregon Youth Authority,OYA ,FALSE,
en-US,Oregon Regulators,Oregon Youth Development Division,,FALSE,
en-US,Oregon Regulators,Oregon's Chief Education Office,,FALSE,
en-US,Pennsylvania Regulators,Delaware Valley Regional Planning Commission,DVRPC,FALSE,
en-US,Pennsylvania Regulators,Independent Regulatory Review Commission,IRRC,FALSE,
en-US,Pennsylvania Regulators,Pennsylvania Army National Guard,PAARNG,FALSE,
en-US,Pennsylvania Regulators,Pennsylvania Board of Probation and Parole,PBPP,FALSE,
en-US,Pennsylvania Regulators,Pennsylvania Capitol Police,,FALSE,
en-US,Pennsylvania Regulators,Pennsylvania CareerLink,,FALSE,
en-US,Pennsylvania Regulators,Pennsylvania DCNR rangers,,FALSE,
en-US,Pennsylvania Regulators,Pennsylvania Department of Aging,,FALSE,
en-US,Pennsylvania Regulators,Pennsylvania Department of Agriculture,PDA,FALSE,
en-US,Pennsylvania Regulators,Pennsylvania Department of Banking,,FALSE,
en-US,Pennsylvania Regulators,Pennsylvania Department of Community and Economic Development,,FALSE,
en-US,Pennsylvania Regulators,Pennsylvania Department of Conservation and Natural Resources,DCNR,FALSE,
en-US,Pennsylvania Regulators,Pennsylvania Department of Corrections,PADOC,FALSE,
en-US,Pennsylvania Regulators,Pennsylvania Department of Drug and Alcohol Programs,,FALSE,
en-US,Pennsylvania Regulators,Pennsylvania Department of Education,,FALSE,
en-US,Pennsylvania Regulators,Pennsylvania Department of Environmental Protection,DEP,FALSE,
en-US,Pennsylvania Regulators,Pennsylvania Department of General Services,DGS,FALSE,
en-US,Pennsylvania Regulators,Pennsylvania Department of Health,,FALSE,
en-US,Pennsylvania Regulators,Pennsylvania Department of Human Services,,FALSE,
en-US,Pennsylvania Regulators,Pennsylvania Department of Labor and Industry,,FALSE,
en-US,Pennsylvania Regulators,Pennsylvania Department of Military and Veterans Affairs,DMVA,FALSE,
en-US,Pennsylvania Regulators,Pennsylvania Department of Revenue,DOR,FALSE,
en-US,Pennsylvania Regulators,Pennsylvania Department of State,,FALSE,
en-US,Pennsylvania Regulators,Pennsylvania Department of Transportation,PennDOT,FALSE,
en-US,Pennsylvania Regulators,Pennsylvania Emergency Management Agency,PEMA,FALSE,
en-US,Pennsylvania Regulators,Pennsylvania Fish and Boat Commission,,FALSE,
en-US,Pennsylvania Regulators,Pennsylvania Game Commission,,FALSE,
en-US,Pennsylvania Regulators,Pennsylvania Gaming Control Board,PGCB,FALSE,
en-US,Pennsylvania Regulators,Pennsylvania Historical and Museum Commission,PHMC,FALSE,
en-US,Pennsylvania Regulators,Pennsylvania Housing Finance Agency,PHFA ,FALSE,
en-US,Pennsylvania Regulators,Pennsylvania Insurance Department,,FALSE,
en-US,Pennsylvania Regulators,Pennsylvania Liquor Control Board,PLCB,FALSE,
en-US,Pennsylvania Regulators,Pennsylvania Natural Heritage Program,PNHP,FALSE,
en-US,Pennsylvania Regulators,Pennsylvania Office of Administration,,FALSE,
en-US,Pennsylvania Regulators,Pennsylvania Office of General Counsel,,FALSE,
en-US,Pennsylvania Regulators,Pennsylvania Office of Open Records,,FALSE,
en-US,Pennsylvania Regulators,Pennsylvania Patient Safety Authority,,FALSE,
en-US,Pennsylvania Regulators,Pennsylvania Public Television Network,,FALSE,
en-US,Pennsylvania Regulators,Pennsylvania Public Utility Commission,PUC,FALSE,
en-US,Pennsylvania Regulators,Pennsylvania State Board of Censors,,FALSE,
en-US,Pennsylvania Regulators,Pennsylvania State Ethics Commission,,FALSE,
en-US,Pennsylvania Regulators,Port of Pittsburgh,,FALSE,
en-US,Pennsylvania Regulators,Wild Resource Conservation Program,WRCP,FALSE,
en-US,Rhode Island Regulators,Rhode Island Board of Governors for Higher Education,Board of Governors,FALSE,
en-US,Rhode Island Regulators,"Rhode Island Department of Children, Youth & Families",DCYF,FALSE,
en-US,Rhode Island Regulators,Rhode Island Department of Elementary and Secondary Education,RIDE,FALSE,
en-US,Rhode Island Regulators,Rhode Island Department of Environmental Management,RIDEM,FALSE,
en-US,Rhode Island Regulators,Rhode Island Department of Health,,FALSE,
en-US,Rhode Island Regulators,Rhode Island Department of Transportation,RIDOT,FALSE,
en-US,Rhode Island Regulators,Rhode Island Division of Commercial Licensing and Regulation,,FALSE,
en-US,Rhode Island Regulators,Rhode Island Lottery,,FALSE,
en-US,South Carolina Regulators,South Carolina Adjutant General,,FALSE,
en-US,South Carolina Regulators,South Carolina Department of Education,,FALSE,
en-US,South Carolina Regulators,South Carolina Department of Health and Environmental Control,SC DHEC; DHEC,FALSE,
en-US,South Carolina Regulators,South Carolina Department of Juvenile Justice,DJJ,FALSE,
en-US,South Carolina Regulators,South Carolina Department of Natural Resources,DNR,FALSE,
en-US,South Carolina Regulators,"South Carolina Department of Probation, Parole, and Pardon Services",SCDPPPS,FALSE,
en-US,South Carolina Regulators,South Carolina Department of Revenue,SCDOR,FALSE,
en-US,South Carolina Regulators,South Carolina Law Enforcement Division,SLED ,FALSE,
en-US,South Carolina Regulators,South Carolina Ports Authority,SPCA,FALSE,
en-US,South Carolina Regulators,South Carolina Public Service Commission,,FALSE,
en-US,South Carolina Regulators,South Carolina State Guard,SCSG,FALSE,
en-US,South Carolina Regulators,Urban Search and Rescue South Carolina Task Force 1,SC-TF1,FALSE,
en-US,South Dakota Regulators,Dusty Johnson,,FALSE,
en-US,South Dakota Regulators,South Dakota Board of Regents,,FALSE,
en-US,South Dakota Regulators,South Dakota Department of Education,,FALSE,
en-US,South Dakota Regulators,South Dakota Department of Transportation,SDDOT,FALSE,
en-US,South Dakota Regulators,South Dakota Lottery,,FALSE,
en-US,South Dakota Regulators,South Dakota Public Utilities Commission,PUC,FALSE,
en-US,South Dakota Regulators,South Dakota Special Tax Division,,FALSE,
en-US,Tennessee Regulators,Tennessee Air National Guard,TN ANG,FALSE,
en-US,Tennessee Regulators,Tennessee Army National Guard,,FALSE,
en-US,Tennessee Regulators,Tennessee Board of Parole,Tennessee Board of Probation and Parole,FALSE,
en-US,Tennessee Regulators,Tennessee Bureau of Investigation,TBI ,FALSE,
en-US,Tennessee Regulators,Tennessee Commission of Indian Affairs,,FALSE,
en-US,Tennessee Regulators,Tennessee Commission on Children and Youth,TCCY,FALSE,
en-US,Tennessee Regulators,Tennessee Department of Children's Services,,FALSE,
en-US,Tennessee Regulators,Tennessee Department of Correction,TDOC,FALSE,
en-US,Tennessee Regulators,Tennessee Department of Education,,FALSE,
en-US,Tennessee Regulators,Tennessee Department of Environment and Conservation,TDEC,FALSE,
en-US,Tennessee Regulators,Tennessee Department of Finance and Administration,,FALSE,
en-US,Tennessee Regulators,Tennessee Department of Financial Institutions,,FALSE,
en-US,Tennessee Regulators,Tennessee Department of Health,TDH,FALSE,
en-US,Tennessee Regulators,Tennessee Department of Personnel,,FALSE,
en-US,Tennessee Regulators,Tennessee Department of Revenue,,FALSE,
en-US,Tennessee Regulators,Tennessee Department of Safety and Homeland Security,TDOS,FALSE,
en-US,Tennessee Regulators,Tennessee Department of Tourist Development,,FALSE,
en-US,Tennessee Regulators,Tennessee Department of Transportation,TDOT,FALSE,
en-US,Tennessee Regulators,Tennessee Department of Veterans Affairs,,FALSE,
en-US,Tennessee Regulators,Tennessee Division of Archaeology,TDOA,FALSE,
en-US,Tennessee Regulators,Tennessee Emergency Management Agency,TEMA,FALSE,
en-US,Tennessee Regulators,Tennessee Foreign Language Institute,TFLI ,FALSE,
en-US,Tennessee Regulators,Tennessee Highway Patrol,THP,FALSE,
en-US,Tennessee Regulators,Tennessee Historical Commission,THC,FALSE,
en-US,Tennessee Regulators,Tennessee Military Department,,FALSE,
en-US,Tennessee Regulators,Tennessee Public Service Commission,Tennessee Railroad and Public Utilities Commission,FALSE,
en-US,Tennessee Regulators,Tennessee Regulatory Authority,TRA,FALSE,
en-US,Tennessee Regulators,Tennessee Secretary of State,,FALSE,
en-US,Tennessee Regulators,Tennessee State Library and Archives,TSLA,FALSE,
en-US,Tennessee Regulators,Tennessee Student Assistance Corporation,TSAC,FALSE,
en-US,Tennessee Regulators,Tennessee Wildlife Resources Agency,TWRA ,FALSE,
en-US,Texas Regulators,Angelina & Neches River Authority,ANRA,FALSE,
en-US,Texas Regulators,Brazos River Authority,BRA ,FALSE,
en-US,Texas Regulators,Brenham State Supported Living Center,Brenham State School,FALSE,
en-US,Texas Regulators,Criminal Justice Policy Council,CJPC,FALSE,
en-US,Texas Regulators,Employees Retirement System of Texas,ERS,FALSE,
en-US,Texas Regulators,Lavaca-Navidad River Authority,LNRA ,FALSE,
en-US,Texas Regulators,Lower Colorado River Authority,LCRA,FALSE,
en-US,Texas Regulators,Public Utility Commission of Texas,PUC,FALSE,
en-US,Texas Regulators,Railroad Commission of Texas,,FALSE,
en-US,Texas Regulators,Recorded Texas Historic Landmark,RTHL,FALSE,
en-US,Texas Regulators,San Antonio River Authority,SARA,FALSE,
en-US,Texas Regulators,Secretary of State of Texas,,FALSE,
en-US,Texas Regulators,State Bar of Texas,Texas Bar,FALSE,
en-US,Texas Regulators,State Fair of Texas,,FALSE,
en-US,Texas Regulators,Sunset Advisory Commission,,FALSE,
en-US,Texas Regulators,Teacher Retirement System of Texas,TRS,FALSE,
en-US,Texas Regulators,Texas A&M AgriLife,,FALSE,
en-US,Texas Regulators,Texas A&M AgriLife Extension Service,,FALSE,
en-US,Texas Regulators,Texas A&M Engineering Experiment Station,TEES,FALSE,
en-US,Texas Regulators,Texas A&M Engineering Extension Service,TEEX,FALSE,
en-US,Texas Regulators,Texas A&M Forest Service,TFS,FALSE,
en-US,Texas Regulators,Texas A&M Transportation Institute,TTI,FALSE,
en-US,Texas Regulators,Texas AgriLife Research,,FALSE,
en-US,Texas Regulators,Texas Animal Health Commission,TAHC,FALSE,
en-US,Texas Regulators,Texas Attorney General,,FALSE,
en-US,Texas Regulators,Texas Board of Architectural Examiners,TBAE ,FALSE,
en-US,Texas Regulators,Texas Commission on Alcohol and Drug Abuse,TCADA,FALSE,
en-US,Texas Regulators,Texas Commission on Environmental Quality,TCEQ,FALSE,
en-US,Texas Regulators,Texas Commission on Fire Protection,TCFP,FALSE,
en-US,Texas Regulators,Texas Commission on Jail Standards,TCJS,FALSE,
en-US,Texas Regulators,Texas County & District Retirement System,TCDRS ,FALSE,
en-US,Texas Regulators,Texas Department of Aging and Disability Services,DADS,FALSE,
en-US,Texas Regulators,Texas Department of Agriculture,TDA,FALSE,
en-US,Texas Regulators,Texas Department of Assistive and Rehabilitative Services,DARS,FALSE,
en-US,Texas Regulators,Texas Department of Family and Protective Services,DFPS,FALSE,
en-US,Texas Regulators,Texas Department of Housing and Community Affairs,TDHCA ,FALSE,
en-US,Texas Regulators,Texas Department of Information Resources,DIR,FALSE,
en-US,Texas Regulators,Texas Department of Insurance,TDI,FALSE,
en-US,Texas Regulators,Texas Department of Licensing and Regulation,TDLR,FALSE,
en-US,Texas Regulators,Texas Department of Motor Vehicles,TxDMV,FALSE,
en-US,Texas Regulators,Texas Department of Public Safety,DPS,FALSE,
en-US,Texas Regulators,Texas Department of Rural Affairs,TDRA,FALSE,
en-US,Texas Regulators,Texas Department of State Health Services,,FALSE,
en-US,Texas Regulators,Texas Department of Transportation,TxDOT ,FALSE,
en-US,Texas Regulators,Texas Education Agency,TEA,FALSE,
en-US,Texas Regulators,Texas Ethics Commission,TEC,FALSE,
en-US,Texas Regulators,Texas Facilities Commission,TFC ,FALSE,
en-US,Texas Regulators,Texas Film Commission,,FALSE,
en-US,Texas Regulators,Texas Forensic Science Commission,FSC,FALSE,
en-US,Texas Regulators,Texas General Land Office,GLO,FALSE,
en-US,Texas Regulators,Texas Health and Human Services Commission,HHSC,FALSE,
en-US,Texas Regulators,Texas Higher Education Coordinating Board,THECB,FALSE,
en-US,Texas Regulators,Texas Historical Commission,THC,FALSE,
en-US,Texas Regulators,Texas Juvenile Justice Department,TJJD ,FALSE,
en-US,Texas Regulators,Texas Juvenile Probation Commission,TJPC,FALSE,
en-US,Texas Regulators,Texas Legislature,,FALSE,
en-US,Texas Regulators,Texas Lottery,,FALSE,
en-US,Texas Regulators,Texas Medical Board,TMB,FALSE,
en-US,Texas Regulators,Texas Music Office,TMO,FALSE,
en-US,Texas Regulators,Texas Parks and Wildlife Department,TPWD,FALSE,
en-US,Texas Regulators,Texas Real Estate Commission,TREC ,FALSE,
en-US,Texas Regulators,Texas Residential Construction Commission,TRCC,FALSE,
en-US,Texas Regulators,Texas School for the Blind and Visually Impaired,TSBVI,FALSE,
en-US,Texas Regulators,Texas School for the Deaf,TSD,FALSE,
en-US,Texas Regulators,Texas State Affordable Housing Corporation,TSAHC,FALSE,
en-US,Texas Regulators,Texas State Board of Dental Examiners,SBDE,FALSE,
en-US,Texas Regulators,Texas State Board of Examiners of Psychologists,TSBEP,FALSE,
en-US,Texas Regulators,Texas State Library and Archives Commission,TSLAC,FALSE,
en-US,Texas Regulators,Texas State Office of Administrative Hearings,SOAH,FALSE,
en-US,Texas Regulators,Texas State Preservation Board,,FALSE,
en-US,Texas Regulators,Texas State Securities Board,,FALSE,
en-US,Texas Regulators,Texas State Soil and Water Conservation Board,TSSWCB ,FALSE,
en-US,Texas Regulators,Texas Veterans Land Board,VLB,FALSE,
en-US,Texas Regulators,Texas Workforce Commission,,FALSE,
en-US,Texas Regulators,Texas Youth Commission,TYC,FALSE,
en-US,Texas Regulators,Trinity River Authority,TRA,FALSE,
en-US,Texas Regulators,Upper Colorado River Authority,UCRA ,FALSE,
en-US,Texas Regulators,Upper Guadalupe River Authority,UGRA ,FALSE,
en-US,Utah Regulators,Jordan Valley Water Conservancy District,JVWCD,FALSE,
en-US,Utah Regulators,Public Service Commission of Utah,,FALSE,
en-US,Utah Regulators,Utah Department of Environmental Quality,,FALSE,
en-US,Utah Regulators,Utah Department of Human Services,DHS,FALSE,
en-US,Utah Regulators,Utah Department of Public Safety,DPS,FALSE,
en-US,Utah Regulators,Utah Division of Juvenile Justice Services,JJS,FALSE,
en-US,Utah Regulators,Utah housing corporation,UHC,FALSE,
en-US,Utah Regulators,Utah Science Technology and Research Initiative,USTAR,FALSE,
en-US,Utah Regulators,Utah Seismic Safety Commission,USSC,FALSE,
en-US,Vermont Regulators,Vermont Agency of Agriculture Food and Markets,VAAFM,FALSE,
en-US,Vermont Regulators,Vermont Agency of Commerce and Community Development,ACCD,FALSE,
en-US,Vermont Regulators,Vermont Agency of Education,,FALSE,
en-US,Vermont Regulators,Vermont Agency of Human Services,AHS ,FALSE,
en-US,Vermont Regulators,Vermont Agency of Transportation,VTrans,FALSE,
en-US,Vermont Regulators,Vermont Department for Children and Families,DCF,FALSE,
en-US,Vermont Regulators,Vermont Department of Liquor Control,,FALSE,
en-US,Vermont Regulators,Vermont Department of Motor Vehicles,DMV,FALSE,
en-US,Vermont Regulators,Vermont Public Service Board,PUC; Public Utility Commission,FALSE,
en-US,Vermont Regulators,Vermont Public Service Department,PSD,FALSE,
en-US,Virginia Regulators,Commonwealth Transportation Board,CTB; State Highway and Transportation Board,FALSE,
en-US,Virginia Regulators,State Corporation Commission,SCC,FALSE,
en-US,Virginia Regulators,Virginia Alcoholic Beverage Control Board,Virginia ABC,FALSE,
en-US,Virginia Regulators,Virginia Board of Game and Inland Fisheries,VDGIF,FALSE,
en-US,Virginia Regulators,Virginia Board of Health,,FALSE,
en-US,Virginia Regulators,Virginia Commission for the Arts,VCA,FALSE,
en-US,Virginia Regulators,Virginia Commission on Constitutional Government,,FALSE,
en-US,Virginia Regulators,Virginia Department of Agriculture and Consumer Services,VDACS,FALSE,
en-US,Virginia Regulators,Virginia Department of Conservation and Recreation,DCR,FALSE,
en-US,Virginia Regulators,Virginia Department of Education,VDOE,FALSE,
en-US,Virginia Regulators,Virginia Department of Forestry,VDOF,FALSE,
en-US,Virginia Regulators,Virginia Department of Game and Inland Fisheries,VDGIF,FALSE,
en-US,Virginia Regulators,Virginia Department of Health,VDH,FALSE,
en-US,Virginia Regulators,Virginia Department of Historic Resources,,FALSE,
en-US,Virginia Regulators,Virginia Department of Juvenile Justice,DJJ,FALSE,
en-US,Virginia Regulators,"Virginia Department of Mental Health, Mental Retardation, and Substance Abuse",DMHMRSAS,FALSE,
en-US,Virginia Regulators,Virginia Department of Motor Vehicles,Virginia DMV,FALSE,
en-US,Virginia Regulators,Virginia Department of Rail and Public Transportation,VDRPT,FALSE,
en-US,Virginia Regulators,Virginia Department of Transportation,VDOT,FALSE,
en-US,Virginia Regulators,Virginia Governor's Cabinet,,FALSE,
en-US,Virginia Regulators,Virginia Information Technologies Agency,VITA,FALSE,
en-US,Virginia Regulators,Virginia Lottery,,FALSE,
en-US,Virginia Regulators,Virginia Marine Resources Commission,VMRC ,FALSE,
en-US,Virginia Regulators,Virginia National Guard,,FALSE,
en-US,Virginia Regulators,Virginia State Board of Censors,,FALSE,
en-US,Virginia Regulators,Virginia State Board of Education,,FALSE,
en-US,Virginia Regulators,Virginia State Board of Elections,SBE,FALSE,
en-US,Virginia Regulators,Virginia Workers' Compensation Commission,VWC,FALSE,
en-US,Washington Regulators,Washington Military Department,,FALSE,
en-US,Washington Regulators,Washington State Board of Education,,FALSE,
en-US,Washington Regulators,Washington State Department of Archaeology and Historic Preservation,DAHP,FALSE,
en-US,Washington Regulators,Washington State Department of Corrections,WADOC,FALSE,
en-US,Washington Regulators,Washington State Department of Early Learning,DEL,FALSE,
en-US,Washington Regulators,Washington State Department of Ecology,Ecology,FALSE,
en-US,Washington Regulators,Washington State Department of Health,,FALSE,
en-US,Washington Regulators,Washington State Department of Information Services,DIS; Department of Information Services (Washington state),FALSE,
en-US,Washington Regulators,Washington State Department of Natural Resources,DNR,FALSE,
en-US,Washington Regulators,Washington State Department of Social and Health Services,DSHS,FALSE,
en-US,Washington Regulators,Washington State Department of Transportation,WSDOT; WashDOT,FALSE,
en-US,Washington Regulators,Washington State Gambling Commission,,FALSE,
en-US,Washington Regulators,Washington State Higher Education Coordinating Board,,FALSE,
en-US,Washington Regulators,Washington State Institute for Public Policy,,FALSE,
en-US,Washington Regulators,Washington State Office of Education Ombudsman,,FALSE,
en-US,Washington Regulators,Washington State Office of Superintendent of Public Instruction,,FALSE,
en-US,Washington Regulators,Washington State Office of the Insurance Commissioner,,FALSE,
en-US,Washington Regulators,Washington State Public Disclosure Commission,,FALSE,
en-US,Washington Regulators,Washington State Public Stadium Authority,,FALSE,
en-US,Washington Regulators,Washington Talking Book & Braille Library,WTBBL,FALSE,
en-US,Washington Regulators,Washington Toll Bridge Authority,,FALSE,
en-US,Washington Regulators,Washington Utilities and Transportation Commission,UTC,FALSE,
en-US,West Virginia Regulators,University System of West Virginia,,FALSE,
en-US,West Virginia Regulators,West Virginia Department of Administration,,FALSE,
en-US,West Virginia Regulators,West Virginia Department of Agriculture,WVDA,FALSE,
en-US,West Virginia Regulators,West Virginia Department of Commerce,,FALSE,
en-US,West Virginia Regulators,West Virginia Department of Education,WVDE,FALSE,
en-US,West Virginia Regulators,West Virginia Department of Environmental Protection,WVDEP ,FALSE,
en-US,West Virginia Regulators,West Virginia Department of Health and Human Resources,DHHR,FALSE,
en-US,West Virginia Regulators,West Virginia Department of Transportation,,FALSE,
en-US,West Virginia Regulators,West Virginia Department of Veterans Assistance,WVDVA,FALSE,
en-US,West Virginia Regulators,West Virginia Division of Forestry,,FALSE,
en-US,West Virginia Regulators,West Virginia Division of Juvenile Services,WVDJS,FALSE,
en-US,West Virginia Regulators,West Virginia Division of Natural Resources,WVDNR,FALSE,
en-US,West Virginia Regulators,West Virginia Lottery,,FALSE,
en-US,West Virginia Regulators,West Virginia National Guard,,FALSE,
en-US,West Virginia Regulators,West Virginia Public Service Commission,Public Utilities Commission of the State of West Virginia,FALSE,
en-US,Wisconsin Regulators,Office of the Commissioner of Railroads,RR,FALSE,
en-US,Wisconsin Regulators,Wisconsin Board of Commissioners of Public Lands,,FALSE,
en-US,Wisconsin Regulators,Wisconsin Department of Administration,,FALSE,
en-US,Wisconsin Regulators,"Wisconsin Department of Agriculture, Trade and Consumer Protection",,FALSE,
en-US,Wisconsin Regulators,Wisconsin Department of Children and Families,WisDCF,FALSE,
en-US,Wisconsin Regulators,Wisconsin Department of Corrections,,FALSE,
en-US,Wisconsin Regulators,Wisconsin Department of Health Services,WisDHS,FALSE,
en-US,Wisconsin Regulators,Wisconsin Department of Natural Resources,WDNR,FALSE,
en-US,Wisconsin Regulators,Wisconsin Department of Public Instruction,,FALSE,
en-US,Wisconsin Regulators,Wisconsin Department of Revenue,,FALSE,
en-US,Wisconsin Regulators,Wisconsin Department of Tourism,,FALSE,
en-US,Wisconsin Regulators,Wisconsin Department of Transportation,WisDOT,FALSE,
en-US,Wisconsin Regulators,Wisconsin Department of Veterans Affairs,,FALSE,
en-US,Wisconsin Regulators,Wisconsin Department of Workforce Development,DWD,FALSE,
en-US,Wisconsin Regulators,Wisconsin Educational Communications Board,WECB,FALSE,
en-US,Wisconsin Regulators,Wisconsin Lottery,,FALSE,
en-US,Wisconsin Regulators,Wisconsin Office of State Employment Relations,,FALSE,
en-US,Wisconsin Regulators,Wisconsin Public Service Commission,Public Service Commission of Wisconsin (PSC); PSCW; Public Service Commission of Wisconsin; PSC,FALSE,
en-US,Wisconsin Regulators,Wisconsin Sentencing Commission,TAC,FALSE,
en-US,Wisconsin Regulators,Wisconsin Tax Appeals Commission,,FALSE,
en-US,Wyoming Regulators,Wyoming Board of Charities and Reform,BCR,FALSE,
en-US,Wyoming Regulators,Wyoming Business Council,,FALSE,
en-US,Wyoming Regulators,Wyoming Department of Education,WDE,FALSE,
en-US,Wyoming Regulators,Wyoming Department of Environmental Quality,DEQ,FALSE,
en-US,Wyoming Regulators,Wyoming Department of Family Services,,FALSE,
en-US,Wyoming Regulators,Wyoming Department of Health,WDH,FALSE,
en-US,Wyoming Regulators,Wyoming Department of Revenue,,FALSE,
en-US,Wyoming Regulators,Wyoming Department of Transportation,WYDOT,FALSE,
en-US,Wyoming Regulators,Wyoming Division of State Parks and Historic Sites,,FALSE,
en-US,Wyoming Regulators,Wyoming Lottery,,FALSE,
en-US,Wyoming Regulators,Wyoming Military Department,WYMD,FALSE,
en-US,Wyoming Regulators,Wyoming Public Service Commission,,FALSE,
en-US,Wyoming Regulators,Wyoming Workforce Development Council,WWDC,FALSE,
