Term Locale,Term Category,Term,Alias,Case Sensitive
en-US,Accounting - GASB,ABATEMENT CLAUSE,,False
en-US,Accounting - GASB,ACCELERATION,,False
en-US,Accounting - GASB,ACCEPTANCE RISK,,False
en-US,Accounting - GASB,ACCRETED VALUE,,False
en-US,Accounting - GASB,ACCRETION,,False
en-US,Accounting - GASB,ACCRETION OF DISCOUNT,,False
en-US,Accounting - GASB,ACCRUED INTEREST,,False
en-US,Accounting - GASB,ACCUMULATION ACCOUNT,,False
en-US,Accounting - GASB,ADDITIONAL BONDS,,False
en-US,Accounting - GASB,ADDITIONAL BONDS COVENANT,,False
en-US,Accounting - GASB,ADDITIONAL TAKEDOWN,,False
en-US,Accounting - GASB,ADJUSTABLE RATE,,False
en-US,Accounting - GASB,ADJUSTED TRADE,,False
en-US,Accounting - GASB,AD VALOREM TAX,,False
en-US,Accounting - GASB,ADVANCE REFUNDING,,False
en-US,Accounting - GASB,ADVANCE REFUNDING DOCUMENT,,False
en-US,Accounting - GASB,AFFIRMATION,,False
en-US,Accounting - GASB,AGENCY SECURITIES,,False
en-US,Accounting - GASB,AGENCY TRADE,,False
en-US,Accounting - GASB,AGREED UPON PROCEDURES LETTER,,False
en-US,Accounting - GASB,AGREEMENT AMONG UNDERWRITERS,AAU,False
en-US,Accounting - GASB,ADDITIONAL BONDS TEST,,False
en-US,Accounting - GASB,ALL IN COST,AIC,False
en-US,Accounting - GASB,ALLOCATION,,False
en-US,Accounting - GASB,ALL INCLUSIVE COST,AIC,False
en-US,Accounting - GASB,ALL OR NONE,AON,False
en-US,Accounting - GASB,ALLOTMENT,,False
en-US,Accounting - GASB,ALTERNATIVE MINIMUM TAX ,AMT,False
en-US,Accounting - GASB,ALTERNATIVE TRADING SYSTEM,ATS,False
en-US,Accounting - GASB,AMERICAN RECOVERY AND REINVESTMENT ACT OF 2009,ARRA,False
en-US,Accounting - GASB,AMORTIZATION,,False
en-US,Accounting - GASB,AMORTIZATION OF PREMIUM,,False
en-US,Accounting - GASB,AMORTIZATION SCHEDULE,,False
en-US,Accounting - GASB,AMT BOND,,False
en-US,Accounting - GASB,ANNUAL APPROPRIATION PLEDGE,,False
en-US,Accounting - GASB,ANNUAL DEBT SERVICE,,False
en-US,Accounting - GASB,ANNUAL FINANCIAL INFORMATION,,False
en-US,Accounting - GASB,ANTI FRAUD PROVISIONS,,False
en-US,Accounting - GASB,ANY INTEREST DATE CALL,,False
en-US,Accounting - GASB,ANY INTEREST DATE REDEMPTION,,False
en-US,Accounting - GASB,ANY TIME CALL,,False
en-US,Accounting - GASB,ANY TIME REDEMPTION,,False
en-US,Accounting - GASB,APPROPRIATION CALL,,False
en-US,Accounting - GASB,APPROVING OPINION,,False
en-US,Accounting - GASB,ARBITRAGE,,False
en-US,Accounting - GASB,ARBITRAGE BONDS,,False
en-US,Accounting - GASB,ARBITRAGE CERTIFICATE,,False
en-US,Accounting - GASB,ARBITRAGE EARNINGS,,False
en-US,Accounting - GASB,ARBITRAGE REBATE,,False
en-US,Accounting - GASB,APPROPRIATION REDEMPTION,,False
en-US,Accounting - GASB,ARBITRAGE REBATE FUND,,False
en-US,Accounting - GASB,ARBITRAGE TRADING ACCOUNT,,False
en-US,Accounting - GASB,ARBITRAGE YIELD,,False
en-US,Accounting - GASB,ARBITRATION,,False
en-US,Accounting - GASB,AS AGENT TRADE,,False
en-US,Accounting - GASB,ASK PRICE,,False
en-US,Accounting - GASB,ASK YIELD,,False
en-US,Accounting - GASB,ARBITRAGE REBATE ACCOUNT,,False
en-US,Accounting - GASB,ASSESSED VALUATION,,False
en-US,Accounting - GASB,ASSESSMENT BOND,,False
en-US,Accounting - GASB,ASSIGNMENT,,False
en-US,Accounting - GASB,AUCTION AGENT,,False
en-US,Accounting - GASB,AUCTION MARKET,,False
en-US,Accounting - GASB,AUCTION RATE PREFERRED SECURITIES ,ARPS,False
en-US,Accounting - GASB,AUCTION RATE SECURITIES,,False
en-US,Accounting - GASB,AUDITED FINANCIAL STATEMENT,,False
en-US,Accounting - GASB,AUDIT REPORT,,False
en-US,Accounting - GASB,AUTHENTICATION,,False
en-US,Accounting - GASB,AUTHORITY,,False
en-US,Accounting - GASB,AUTHORIZED DENOMINATION,,False
en-US,Accounting - GASB,AUTHORIZING ORDINANCE,,False
en-US,Accounting - GASB,AUTHORIZING RESOLUTION,,False
en-US,Accounting - GASB,AUTOMATED CUSTOMER ACCOUNT TRANSFER SERVICE,ACATS,False
en-US,Accounting - GASB,AVAILABLE REVENUES,,False
en-US,Accounting - GASB,AVERAGE ANNUAL DEBT SERVICE,,False
en-US,Accounting - GASB,AVERAGE COUPON,,False
en-US,Accounting - GASB,AVERAGE LIFE,,False
en-US,Accounting - GASB,AWARD,,False
en-US,Accounting - GASB,AWARD RESOLUTION,,False
en-US,Accounting - GASB,BACK END LOAD,,False
en-US,Accounting - GASB,ASSESSED VALUE,,False
en-US,Accounting - GASB,BAD MONEY,,False
en-US,Accounting - GASB,BAD USE,,False
en-US,Accounting - GASB,BALANCE ORDER,,False
en-US,Accounting - GASB,BALLOON MATURITY,,False
en-US,Accounting - GASB,BALLOON PAYMENT,,False
en-US,Accounting - GASB,BANK DEALER,,False
en-US,Accounting - GASB,BANK ELIGIBLE SECURITIES,,False
en-US,Accounting - GASB,BANK LOAN,,False
en-US,Accounting - GASB,BANK QUALIFIED,BQ,False
en-US,Accounting - GASB,BASIS,,False
en-US,Accounting - GASB,BASIS POINT,BP,False
en-US,Accounting - GASB,BASIS PRICE,,False
en-US,Accounting - GASB,BEARER BOND,,False
en-US,Accounting - GASB,BENCHMARK,,False
en-US,Accounting - GASB,BENEFICIAL OWNER,,False
en-US,Accounting - GASB,BENEFITED PROPERTIES,,False
en-US,Accounting - GASB,BID,,False
en-US,Accounting - GASB,BID ASK SPREAD,,False
en-US,Accounting - GASB,BIDDING LIMITATIONS,,False
en-US,Accounting - GASB,BIDDING SYNDICATE,,False
en-US,Accounting - GASB,BID FORM,,False
en-US,Accounting - GASB,BID LIST,,False
en-US,Accounting - GASB,BID OFFER SPREAD,,False
en-US,Accounting - GASB,BID WANTED,,False
en-US,Accounting - GASB,BIG BOY LETTER,,False
en-US,Accounting - GASB,BILL,,False
en-US,Accounting - GASB,BLIND POOL,,False
en-US,Accounting - GASB,BLUE SKY LAWS,,False
en-US,Accounting - GASB,BLUE SKY MEMORANDUM,,False
en-US,Accounting - GASB,BOND,,False
en-US,Accounting - GASB,BOND ANTICIPATION NOTE,BAN,False
en-US,Accounting - GASB,BOND BANK,,False
en-US,Accounting - GASB,BOND CONTRACT,,False
en-US,Accounting - GASB,BOND COUNSEL,,False
en-US,Accounting - GASB,BOND COUNSEL OPINION,,False
en-US,Accounting - GASB,BOND COVENANT,,False
en-US,Accounting - GASB,BONDED DEBT,,False
en-US,Accounting - GASB,BOND ELECTION,,False
en-US,Accounting - GASB,BOND EQUIVALENT YIELD,,False
en-US,Accounting - GASB,BOND EXCHANGE TRADED FUND ,BOND ETF,False
en-US,Accounting - GASB,BOND FISCAL YEAR,,False
en-US,Accounting - GASB,BOND FUND,,False
en-US,Accounting - GASB,BOND FUTURES,,False
en-US,Accounting - GASB,BID ASK,,False
en-US,Accounting - GASB,BONDHOLDER,,False
en-US,Accounting - GASB,BOND INSURANCE,,False
en-US,Accounting - GASB,BOND INSURER,,False
en-US,Accounting - GASB,BOND ORDINANCE,,False
en-US,Accounting - GASB,BOND POWER,,False
en-US,Accounting - GASB,BOND PREMIUM,,False
en-US,Accounting - GASB,BOND PROCEEDS,,False
en-US,Accounting - GASB,BOND PURCHASE AGREEMENT,BPA,False
en-US,Accounting - GASB,BOND REFERENDUM,,False
en-US,Accounting - GASB,BOND REGISTER,,False
en-US,Accounting - GASB,BOND RESOLUTION,,False
en-US,Accounting - GASB,BOND SWAP,,False
en-US,Accounting - GASB,BOND TRANSCRIPT,,False
en-US,Accounting - GASB,BOND YEAR,,False
en-US,Accounting - GASB,BOND YEAR DOLLARS,,False
en-US,Accounting - GASB,BOND YIELD,,False
en-US,Accounting - GASB,BOOK ENTRY CLEARANCE,,False
en-US,Accounting - GASB,BONDOWNER,,False
en-US,Accounting - GASB,BOOK ENTRY ONLY,BEO,False
en-US,Accounting - GASB,BOOK ENTRY SECURITY,BEO,False
en-US,Accounting - GASB,BOOKRUNNING MANAGER,,False
en-US,Accounting - GASB,BOOK VALUE,,False
en-US,Accounting - GASB,BRACKET,,False
en-US,Accounting - GASB,BROKER,,False
en-US,Accounting - GASB,BROKER DEALER,,False
en-US,Accounting - GASB,BROKERS BROKER,,False
en-US,Accounting - GASB,BUILD AMERICA BONDS,BABS,False
en-US,Accounting - GASB,BULLET,,False
en-US,Accounting - GASB,BUY IN,,False
en-US,Accounting - GASB,CALAMITY CALL,,False
en-US,Accounting - GASB,CALENDAR,,False
en-US,Accounting - GASB,CALL,,False
en-US,Accounting - GASB,CALLABLE BOND,,False
en-US,Accounting - GASB,CALL DATE,,False
en-US,Accounting - GASB,CALL FEATURES,,False
en-US,Accounting - GASB,CALL PRICE,,False
en-US,Accounting - GASB,CALL PROTECTION,,False
en-US,Accounting - GASB,CAPITAL APPRECIATION BOND,CAB,False
en-US,Accounting - GASB,CAPITALIZED INTEREST,,False
en-US,Accounting - GASB,CAPITALIZED INTEREST ACCOUNT,,False
en-US,Accounting - GASB,CARRYING BROKER,,False
en-US,Accounting - GASB,CARRYING COST,,False
en-US,Accounting - GASB,CASH TRADE,,False
en-US,Accounting - GASB,CATASTROPHE CALL,,False
en-US,Accounting - GASB,CEILING,,False
en-US,Accounting - GASB,CERTIFICATED SECURITY,,False
en-US,Accounting - GASB,CERTIFICATE OF PARTICIPATION,COP,False
en-US,Accounting - GASB,CHANGE IN USE CALL,,False
en-US,Accounting - GASB,CHURNING,,False
en-US,Accounting - GASB,CINDERELLA TAXABLE EXCHANGEABLE BOND,,False
en-US,Accounting - GASB,CLEAN RENEWABLE ENERGY BONDS,CREBS,False
en-US,Accounting - GASB,CLEARANCE,,False
en-US,Accounting - GASB,CLEARING AGENCY,,False
en-US,Accounting - GASB,CLEARING AGENT,,False
en-US,Accounting - GASB,CLEARING BROKER,,False
en-US,Accounting - GASB,CLEARING CORPORATION,,False
en-US,Accounting - GASB,CLOSED END FUND,,False
en-US,Accounting - GASB,CALAMITY CALL,,False
en-US,Accounting - GASB,CLOSED LIEN,,False
en-US,Accounting - GASB,CLOSED END LIEN,,False
en-US,Accounting - GASB,CLOSE OUT,,False
en-US,Accounting - GASB,CLOSING,,False
en-US,Accounting - GASB,CODE,,False
en-US,Accounting - GASB,COLLAR,,False
en-US,Accounting - GASB,COLLATERALIZED DEBT OBLIGATION,CDO,False
en-US,Accounting - GASB,COLLATERALIZED MORTGAGE OBLIGATION,CMO,False
en-US,Accounting - GASB,COLLEGE SAVINGS PLAN,,False
en-US,Accounting - GASB,CO MANAGER,,False
en-US,Accounting - GASB,COMFORT LETTER,,False
en-US,Accounting - GASB,COMMERCIAL PAPER,CP,False
en-US,Accounting - GASB,COMMISSION,,False
en-US,Accounting - GASB,COMMITMENT WIRE,,False
en-US,Accounting - GASB,COMMODITY FUTURES TRADING COMMISSION,CFTC,False
en-US,Accounting - GASB,COMPARISON,,False
en-US,Accounting - GASB,COMPETITIVE BID,,False
en-US,Accounting - GASB,COMPETITIVE SALE,,False
en-US,Accounting - GASB,COMPOUND ACCRETED VALUE,CAV,False
en-US,Accounting - GASB,COMPOUND INTEREST METHOD,,False
en-US,Accounting - GASB,COMPREHENSIVE ANNUAL FINANCIAL REPORT,CAFR,False
en-US,Accounting - GASB,COMPRESSION,,False
en-US,Accounting - GASB,COMPTROLLER OF THE CURRENCY,,False
en-US,Accounting - GASB,CONCESSION,,False
en-US,Accounting - GASB,CONDITIONAL CALL NOTICE,,False
en-US,Accounting - GASB,CONDITIONAL RATING,,False
en-US,Accounting - GASB,CONDUIT BORROWER,,False
en-US,Accounting - GASB,CONDUIT FINANCING,,False
en-US,Accounting - GASB,CONDUIT ISSUER,,False
en-US,Accounting - GASB,CONFIRMATION,,False
en-US,Accounting - GASB,CONSTRUCTION FUND,,False
en-US,Accounting - GASB,CONSTRUCTION LOAN NOTE,CLN,False
en-US,Accounting - GASB,CONSULTING ENGINEER,,False
en-US,Accounting - GASB,CONTINGENT DEFERRED SALES CHARGE,CDSC,False
en-US,Accounting - GASB,CONTINUING DISCLOSURE,,False
en-US,Accounting - GASB,CONDITIONAL CALL,,False
en-US,Accounting - GASB,CONTINUING DISCLOSURE AGREEMENT,,False
en-US,Accounting - GASB,CONTINUING DISCLOSURE UNDERTAKING,,False
en-US,Accounting - GASB,CONTINUING EDUCATION,,False
en-US,Accounting - GASB,CONTINUOUS CALL,,False
en-US,Accounting - GASB,CONTINUOUS NET SETTLEMENT SYSTEM,CNS,False
en-US,Accounting - GASB,CONTINUOUS OFFERING,,False
en-US,Accounting - GASB,CONTRACT CLAUSE,,False
en-US,Accounting - GASB,CONTRA PARTY,,False
en-US,Accounting - GASB,CONVERGENCE,,False
en-US,Accounting - GASB,CONVERTIBLE BOND,,False
en-US,Accounting - GASB,CONVEXITY,,False
en-US,Accounting - GASB,COSTS OF ISSUANCE,,False
en-US,Accounting - GASB,COSTS OF ISSUANCE ACCOUNT,,False
en-US,Accounting - GASB,COUPON BOND,,False
en-US,Accounting - GASB,COUPON EQUIVALENT YIELD,,False
en-US,Accounting - GASB,CONTRA SIDE,,False
en-US,Accounting - GASB,COUPON,,False
en-US,Accounting - GASB,COUPON RATE,,False
en-US,Accounting - GASB,COVENANT,,False
en-US,Accounting - GASB,BOND COVENANT,,False
en-US,Accounting - GASB,COVER,,False
en-US,Accounting - GASB,COVERAGE,,False
en-US,Accounting - GASB,COVERAGE RATIO,,False
en-US,Accounting - GASB,COVER BID,,False
en-US,Accounting - GASB,CREDIT DEFAULT SWAP,,False
en-US,Accounting - GASB,CREDIT ENHANCEMENT,,False
en-US,Accounting - GASB,CREDIT FACILITY,,False
en-US,Accounting - GASB,CREDIT WATCH,,False
en-US,Accounting - GASB,CROSS TRADE,,False
en-US,Accounting - GASB,CROSSOVER BUYER,,False
en-US,Accounting - GASB,CROSSOVER REFUNDING,,False
en-US,Accounting - GASB,CURRENT COUPON,,False
en-US,Accounting - GASB,CURRENT INTEREST BOND,,False
en-US,Accounting - GASB,CURRENT REFUNDING,,False
en-US,Accounting - GASB,CURRENT YIELD,,False
en-US,Accounting - GASB,CUSHION BOND,,False
en-US,Accounting - GASB,CUSIP NUMBER,,False
en-US,Accounting - GASB,CUSTODIAL RECEIPTS,,False
en-US,Accounting - GASB,CUSTOMER ALLOCATION,,False
en-US,Accounting - GASB,CUSTOMER COMPLAINT,,False
en-US,Accounting - GASB,CUSTOMER TRADE,,False
en-US,Accounting - GASB,CUSTOMER TRANSACTION,,False
en-US,Accounting - GASB,CUT OFF PRICE,,False
en-US,Accounting - GASB,DATED DATE,,False
en-US,Accounting - GASB,DEALER,,False
en-US,Accounting - GASB,DEBENTURE,,False
en-US,Accounting - GASB,DEBT LIMIT,,False
en-US,Accounting - GASB,DEBT RATIOS,,False
en-US,Accounting - GASB,DEBT SERVICE,,False
en-US,Accounting - GASB,DEBT SERVICE COVERAGE,,False
en-US,Accounting - GASB,DEBT SERVICE FUND,,False
en-US,Accounting - GASB,DEBT SERVICE REQUIREMENT,,False
en-US,Accounting - GASB,DEBT SERVICE RESERVE FUND,,False
en-US,Accounting - GASB,DEBT SERVICE RESERVE FUND REQUIREMENT,,False
en-US,Accounting - GASB,DEBT SERVICE SCHEDULE,,False
en-US,Accounting - GASB,DECLINING DEBT SERVICE,,False
en-US,Accounting - GASB,DEFAULT,,False
en-US,Accounting - GASB,DEFEASANCE,,False
en-US,Accounting - GASB,DEFINITIVE FORM,,False
en-US,Accounting - GASB,DELAYED DELIVERY TRADE,,False
en-US,Accounting - GASB,DELAYED SETTLEMENT,,False
en-US,Accounting - GASB,DE LINK,,False
en-US,Accounting - GASB,DELIVER BALANCE ORDER,DBO,False
en-US,Accounting - GASB,DELIVERY DATE,,False
en-US,Accounting - GASB,DELIVERY VS PAYMENT,DVP,False
en-US,Accounting - GASB,DE MINIMIS DISCOUNT,,False
en-US,Accounting - GASB,DENOMINATION,,False
en-US,Accounting - GASB,DEPOSITORY,,False
en-US,Accounting - GASB,DEPOSITORY TRUST AND CLEARING CORPORATION,DTCC,False
en-US,Accounting - GASB,DEPOSITORY TRUST COMPANY,DTC,False
en-US,Accounting - GASB,DERIVATIVE,,False
en-US,Accounting - GASB,DESIGNATED BENEFICIARY,,False
en-US,Accounting - GASB,DESIGNATED ORDER,,False
en-US,Accounting - GASB,DESIGNATION,,False
en-US,Accounting - GASB,DETACHABLE CALL,,False
en-US,Accounting - GASB,DIRECT DEBT,,False
en-US,Accounting - GASB,DIRECT LOAN,,False
en-US,Accounting - GASB,DIRECT PAY SUBSIDY,,False
en-US,Accounting - GASB,DIRECT PAY SUBSIDY BOND,,False
en-US,Accounting - GASB,DIRT BONDS,,False
en-US,Accounting - GASB,DISCLOSURE COUNSEL,,False
en-US,Accounting - GASB,DISCLOSURE STATEMENT,,False
en-US,Accounting - GASB,DISCOUNT,,False
en-US,Accounting - GASB,DISCOUNT BOND,,False
en-US,Accounting - GASB,DISCOUNTED SECURITY,,False
en-US,Accounting - GASB,DISCRETIONARY ACCOUNT,,False
en-US,Accounting - GASB,DIVERSIFICATION,,False
en-US,Accounting - GASB,DEFEASED,,False
en-US,Accounting - GASB,DIVIDED ACCOUNT,,False
en-US,Accounting - GASB,WESTERN ACCOUNT,,False
en-US,Accounting - GASB,DODD FRANK WALL STREET REFORM AND CONSUMER PROTECTION ACT,DODD FRANK ACT,False
en-US,Accounting - GASB,DOLLAR BOND,,False
en-US,Accounting - GASB,DOLLAR PRICE,,False
en-US,Accounting - GASB,DOUBLE BARRELED BOND,,False
en-US,Accounting - GASB,DOUBLE EXEMPTION,,False
en-US,Accounting - GASB,DOWNGRADE,,False
en-US,Accounting - GASB,DRAWDOWN SCHEDULE,,False
en-US,Accounting - GASB,DTC ELIGIBLE,,False
en-US,Accounting - GASB,DTC INSTITUTIONAL DELIVERY NETTING SERVICE,ID NET,False
en-US,Accounting - GASB,DUE DILIGENCE,,False
en-US,Accounting - GASB,DURATION,,False
en-US,Accounting - GASB,DUTCH AUCTION,,False
en-US,Accounting - GASB,EASTERN ACCOUNT,,False
en-US,Accounting - GASB,EFFECTIVE INTEREST COST,,False
en-US,Accounting - GASB,EFFECTIVE INTEREST RATE,,False
en-US,Accounting - GASB,ELECTRONIC BID,,False
en-US,Accounting - GASB,ELECTRONIC MUNICIPAL MARKET ACCESS SYSTEM,EMMA,False
en-US,Accounting - GASB,ELIGIBLE SECURITIES,,False
en-US,Accounting - GASB,ENTERPRISE ACTIVITY,,False
en-US,Accounting - GASB,ENTERPRISE FUND,,False
en-US,Accounting - GASB,ENTERPRISE ZONE BOND,EZ BOND,False
en-US,Accounting - GASB,ESCROW ACCOUNT,,False
en-US,Accounting - GASB,ESCROW DEPOSIT AGREEMENT,,False
en-US,Accounting - GASB,ESCROWED SECURITIES,,False
en-US,Accounting - GASB,ESCROWED TO MATURITY,,False
en-US,Accounting - GASB,ETHICAL WALL,,False
en-US,Accounting - GASB,UNDIVIDED ACCOUNT,,False
en-US,Accounting - GASB,EVENT NOTICE,,False
en-US,Accounting - GASB,EVENT DISCLOSURE,,False
en-US,Accounting - GASB,EVENT OF DEFAULT,,False
en-US,Accounting - GASB,EVERGREEN LETTER OF CREDIT,,False
en-US,Accounting - GASB,EXCHANGE ACT,,False
en-US,Accounting - GASB,EXCHANGE TRADED FUND,ETF,False
en-US,Accounting - GASB,EXCISE TAX,,False
en-US,Accounting - GASB,EXECUTING BROKER SYMBOL,EBS,False
en-US,Accounting - GASB,EXEMPT FACILITY BOND,,False
en-US,Accounting - GASB,EXEMPT SECURITIES,,False
en-US,Accounting - GASB,EXEMPTED SECURITIES,,False
en-US,Accounting - GASB,EX LEGAL,,False
en-US,Accounting - GASB,EX LEGAL DELIVERY,,False
en-US,Accounting - GASB,EXPECTED AVERAGE LIFE,,False
en-US,Accounting - GASB,EXTENDED PRINCIPAL AMOUNT,,False
en-US,Accounting - GASB,EXTENDED SETTLEMENT,,False
en-US,Accounting - GASB,EXTRAORDINARY CALL,,False
en-US,Accounting - GASB,FACE AMOUNT,,False
en-US,Accounting - GASB,FACTOR,,False
en-US,Accounting - GASB,FACTOR BONDS,,False
en-US,Accounting - GASB,FAIL,,False
en-US,Accounting - GASB,FAILED AUCTION,,False
en-US,Accounting - GASB,FAIL RATE,,False
en-US,Accounting - GASB,FAIR DEALING,,False
en-US,Accounting - GASB,EXTRAORDINARY REDEMPTION,,False
en-US,Accounting - GASB,FAIRNESS LETTER,,False
en-US,Accounting - GASB,FAIRNESS OPINION,,False
en-US,Accounting - GASB,FAST AUTOMATED SECURITIES TRANSFER,FAST,False
en-US,Accounting - GASB,FEASIBILITY CONSULTANT,,False
en-US,Accounting - GASB,FEASIBILITY STUDY,,False
en-US,Accounting - GASB,FEDERAL DEPOSIT INSURANCE CORPORATION,FDIC,False
en-US,Accounting - GASB,FEDERAL RESERVE BOARD,,False
en-US,Accounting - GASB,FIDUCIARY,,False
en-US,Accounting - GASB,FINAL MONIES,,False
en-US,Accounting - GASB,FINAL OFFICIAL STATEMENT,,False
en-US,Accounting - GASB,FINANCIAL ACCOUNTING STANDARDS BOARD,FASB,False
en-US,Accounting - GASB,FINANCIAL ADVISOR,,False
en-US,Accounting - GASB,FINANCIAL AND OPERATIONS PRINCIPAL,FINOP,False
en-US,Accounting - GASB,FINANCIAL DEFEASANCE,,False
en-US,Accounting - GASB,FINANCIAL GUARANTEE,,False
en-US,Accounting - GASB,FINANCIAL GUARANTOR,,False
en-US,Accounting - GASB,FINANCIAL INDUSTRY REGULATORY AUTHORITY,FINRA,False
en-US,Accounting - GASB,FINANCIAL INDUSTRY NUMBER STANDARD,FINS NUMBER,False
en-US,Accounting - GASB,FIRM BID,,False
en-US,Accounting - GASB,FIRM ELEMENT,,False
en-US,Accounting - GASB,FIRM OFFER,,False
en-US,Accounting - GASB,FIRM PRICE,,False
en-US,Accounting - GASB,FIRST COUPON,,False
en-US,Accounting - GASB,FISCAL YEAR,,False
en-US,Accounting - GASB,FIXED INCOME CLEARING CORPORATION,FICC,False
en-US,Accounting - GASB,FIXED INCOME SECURITY,,False
en-US,Accounting - GASB,FIXED RATE,,False
en-US,Accounting - GASB,FIXED TO FLOATING RATE SWAP,,False
en-US,Accounting - GASB,FLAT,,False
en-US,Accounting - GASB,FLIPPING,,False
en-US,Accounting - GASB,FLOAT CONTRACT,,False
en-US,Accounting - GASB,FLOATER,,False
en-US,Accounting - GASB,FLOAT FUND,,False
en-US,Accounting - GASB,FLOATING RATE,,False
en-US,Accounting - GASB,FLOATING RATE NOTE,,False
en-US,Accounting - GASB,FLOATING TO FIXED RATE SWAP,,False
en-US,Accounting - GASB,FLOOR,,False
en-US,Accounting - GASB,FLOW OF FUNDS,,False
en-US,Accounting - GASB,FOCUS REPORT,,False
en-US,Accounting - GASB,FORMAL AWARD,,False
en-US,Accounting - GASB,FORWARD DELIVERY,,False
en-US,Accounting - GASB,FORWARD DELIVERY AGREEMENT,,False
en-US,Accounting - GASB,FIRST INTEREST PAYMENT,,False
en-US,Accounting - GASB,FORWARD,,False
en-US,Accounting - GASB,FORWARD CONTRACT,,False
en-US,Accounting - GASB,FORWARD PURCHASE CONTRACT,,False
en-US,Accounting - GASB,FORWARD REFUNDING,,False
en-US,Accounting - GASB,FORWARD SWAP AGREEMENT,,False
en-US,Accounting - GASB,FRONT END LOAD,,False
en-US,Accounting - GASB,FULL CASH,,False
en-US,Accounting - GASB,FULL DISCLOSURE,,False
en-US,Accounting - GASB,FULL FAITH AND CREDIT BOND,,False
en-US,Accounting - GASB,FULLY DISCLOSED,,False
en-US,Accounting - GASB,FULLY REGISTERED,,False
en-US,Accounting - GASB,FUNDED INTEREST,,False
en-US,Accounting - GASB,FUNGIBLE,,False
en-US,Accounting - GASB,FUTURES CONTRACT,,False
en-US,Accounting - GASB,GARVEE BOND,,False
en-US,Accounting - GASB,GENERALLY ACCEPTED ACCOUNTING PRINCIPLES,GAAP,False
en-US,Accounting - GASB,GROSS REFUNDING,,False
en-US,Accounting - GASB,GENERAL OBLIGATION BOND,GO Bond,False
en-US,Accounting - GASB,GLOBAL CERTIFICATE,,False
en-US,Accounting - GASB,GOING AWAY ORDER,,False
en-US,Accounting - GASB,GOOD DELIVERY,,False
en-US,Accounting - GASB,GOOD FAITH DEPOSIT,,False
en-US,Accounting - GASB,GOVERNMENTAL ACCOUNTING STANDARDS BOARD,GASB,False
en-US,Accounting - GASB,GRANT ANTICIPATION NOTE,GAN,False
en-US,Accounting - GASB,GROSS PLEDGE,,False
en-US,Accounting - GASB,GROSS REFUNDING,,False
en-US,Accounting - GASB,GROSS REVENUE PLEDGE,,False
en-US,Accounting - GASB,GROSS REVENUES,,False
en-US,Accounting - GASB,GROSS SPREAD,,False
en-US,Accounting - GASB,GROSS UNDERWRITING SPREAD,,False
en-US,Accounting - GASB,GROSS UP CLAUSE,,False
en-US,Accounting - GASB,GROUP NET ORDER,,False
en-US,Accounting - GASB,GUARANTEED INVESTMENT CONTRACT,GIC,False
en-US,Accounting - GASB,HAIRCUT,,False
en-US,Accounting - GASB,HEDGE,,False
en-US,Accounting - GASB,HIDDEN CALENDAR,,False
en-US,Accounting - GASB,HIGH YIELD BOND,,False
en-US,Accounting - GASB,HIGH YIELD BOND FUND,,False
en-US,Accounting - GASB,HOUSING REVENUE BOND,,False
en-US,Accounting - GASB,INDEMNIFICATION,,False
en-US,Accounting - GASB,INDENTURE,,False
en-US,Accounting - GASB,INDEX BONDS,,False
en-US,Accounting - GASB,INDEX FUND,,False
en-US,Accounting - GASB,INDEXED FUND,,False
en-US,Accounting - GASB,INDEX,,False
en-US,Accounting - GASB,INDICES,,False
en-US,Accounting - GASB,INDICATION,,False
en-US,Accounting - GASB,INDICATION OF INTEREST,IOI,False
en-US,Accounting - GASB,INDUCEMENT RESOLUTION,,False
en-US,Accounting - GASB,INDUSTRIAL DEVELOPMENT BOND,IDB,False
en-US,Accounting - GASB,INFORMATION BARRIER,,False
en-US,Accounting - GASB,INFORMATION STATEMENT,,False
en-US,Accounting - GASB,INITIAL OFFERING PRICE,,False
en-US,Accounting - GASB,INITIAL PRICING WIRE,,False
en-US,Accounting - GASB,INSIDER TRADING,,False
en-US,Accounting - GASB,INTER DEALER TRADE,,False
en-US,Accounting - GASB,INTEREST,,False
en-US,Accounting - GASB,INTEREST ACCOUNT,,False
en-US,Accounting - GASB,INTEREST CLAIM,,False
en-US,Accounting - GASB,INTEREST PAYMENT DATE,,False
en-US,Accounting - GASB,INTEREST RATE,,False
en-US,Accounting - GASB,INTER DEALER TRANSACTION,,False
en-US,Accounting - GASB,INTEREST RATE CAP,,False
en-US,Accounting - GASB,INTEREST RATE CEILING,,False
en-US,Accounting - GASB,INTEREST RATE SWAP CONTRACT,,False
en-US,Accounting - GASB,INTEREST RATE FLOOR,,False
en-US,Accounting - GASB,INTEREST RATE SWAP AGREEMENT,,False
en-US,Accounting - GASB,INTERIM PERIOD FINANCIAL STATEMENTS,,False
en-US,Accounting - GASB,INTERMEDIATE RANGE,,False
en-US,Accounting - GASB,INTERNAL REVENUE CODE,IRC,False
en-US,Accounting - GASB,INTRODUCING BROKER,,False
en-US,Accounting - GASB,INVERSE FLOATER,,False
en-US,Accounting - GASB,INVESTED SINKING FUND,,False
en-US,Accounting - GASB,INVESTMENT GRADE,,False
en-US,Accounting - GASB,INVESTOR LETTER,,False
en-US,Accounting - GASB,INVISIBLE SUPPLY,,False
en-US,Accounting - GASB,IN WHOLE CALL,,False
en-US,Accounting - GASB,IRREVOCABLE LETTER OF INSTRUCTIONS,,False
en-US,Accounting - GASB,ISSUANCE,,False
en-US,Accounting - GASB,ISSUANCE COSTS,,False
en-US,Accounting - GASB,ISSUE,,False
en-US,Accounting - GASB,ISSUE DATE,,False
en-US,Accounting - GASB,ISSUER,,False
en-US,Accounting - GASB,JOINT ACCOUNT,,False
en-US,Accounting - GASB,JOINT MANAGER,,False
en-US,Accounting - GASB,JUMBO CERTIFICATE,,False
en-US,Accounting - GASB,JUNIOR LIEN BONDS,,False
en-US,Accounting - GASB,KICKER BOND,,False
en-US,Accounting - GASB,call,,False
en-US,Accounting - GASB,coupon bond,,False
en-US,Accounting - GASB,premium,,False
en-US,Accounting - GASB,call date,,False
en-US,Accounting - GASB,yield,,False
en-US,Accounting - GASB,cushion bond,,False
en-US,Accounting - GASB,INVESTED SINKER,,False
en-US,Accounting - GASB,LAND BASED BOND,,False
en-US,Accounting - GASB,LAND SECURED BOND,,False
en-US,Accounting - GASB,LAND USE RESTRICTION AGREEMENT,,False
en-US,Accounting - GASB,LEAD MANAGER,,False
en-US,Accounting - GASB,LEASE PARTICIPATION,,False
en-US,Accounting - GASB,LEASE PURCHASE AGREEMENT,,False
en-US,Accounting - GASB,LEASE RENTAL BOND,,False
en-US,Accounting - GASB,LEGAL DEFEASANCE,,False
en-US,Accounting - GASB,LEGAL ENTITY IDENTIFIER,LEI,False
en-US,Accounting - GASB,LEGAL INVESTMENT,,False
en-US,Accounting - GASB,LEGAL INVESTMENT SURVEY,,False
en-US,Accounting - GASB,LEGAL OPINION,,False
en-US,Accounting - GASB,LETTER OF CREDIT ACCOUNT,,False
en-US,Accounting - GASB,LETTER OF CREDIT,LOC,False
en-US,Accounting - GASB,LEVEL DEBT SERVICE,,False
en-US,Accounting - GASB,LEVEL PRINCIPAL,,False
en-US,Accounting - GASB,LIBOR,,False
en-US,Accounting - GASB,LIMITED OFFERING,,False
en-US,Accounting - GASB,LIMITED TAX BOND,,False
en-US,Accounting - GASB,LIMITED TAX GENERAL OBLIGATION BOND,,False
en-US,Accounting - GASB,LINKED SECURITIES,,False
en-US,Accounting - GASB,LIQUIDITY,,False
en-US,Accounting - GASB,LIQUIDITY FACILITY,,False
en-US,Accounting - GASB,LEASE REVENUE BOND,,False
en-US,Accounting - GASB,LEASEHOLD REVENUE BOND,,False
en-US,Accounting - GASB,LIST OFFERING PRICE,,False
en-US,Accounting - GASB,TAKEDOWN TRANSACTION,,False
en-US,Accounting - GASB,LOAD,,False
en-US,Accounting - GASB,LOANS TO LENDERS PROGRAM,,False
en-US,Accounting - GASB,LOAN TO VALUE RATIO,,False
en-US,Accounting - GASB,LOCAL GOVERNMENT INVESTMENT POOL,LGIP,False
en-US,Accounting - GASB,LOCKED MARKET,,False
en-US,Accounting - GASB,LONG COUPON,,False
en-US,Accounting - GASB,LONG TERM,,False
en-US,Accounting - GASB,LOWER FLOATER,,False
en-US,Accounting - GASB,MAKE WHOLE CALL,,False
en-US,Accounting - GASB,MANAGED FUND,,False
en-US,Accounting - GASB,MANAGEMENT FEE,,False
en-US,Accounting - GASB,MANAGER,,False
en-US,Accounting - GASB,MANDATORY CALL,,False
en-US,Accounting - GASB,MANDATORY PUT,,False
en-US,Accounting - GASB,MANDATORY REDEMPTION FUND,,False
en-US,Accounting - GASB,MATURITY,,False
en-US,Accounting - GASB,MANDATORY REDEMPTION ACCOUNT,,False
en-US,Accounting - GASB,MANDATORY TENDER,,False
en-US,Accounting - GASB,MARK DOWN,,False
en-US,Accounting - GASB,MARKETABILITY,,False
en-US,Accounting - GASB,MARKET DISCOUNT BOND,,False
en-US,Accounting - GASB,MARKET PARTICIPANT IDENTIFIER,MPID,False
en-US,Accounting - GASB,MARKET PRICE,,False
en-US,Accounting - GASB,MARKET VALUE,,False
en-US,Accounting - GASB,MARK TO MARKET,,False
en-US,Accounting - GASB,MARK UP,,False
en-US,Accounting - GASB,MASTER INDENTURE,,False
en-US,Accounting - GASB,MASTER RESOLUTION,,False
en-US,Accounting - GASB,MASTER TRUSTEE,,False
en-US,Accounting - GASB,MATERIAL OMISSION,,False
en-US,Accounting - GASB,MATURITY DATE,,False
en-US,Accounting - GASB,MATURITY SCHEDULE,,False
en-US,Accounting - GASB,MATURITY VALUE,,False
en-US,Accounting - GASB,MAXIMUM RATE,,False
en-US,Accounting - GASB,MEMBER ORDER,,False
en-US,Accounting - GASB,MIG,,False
en-US,Accounting - GASB,MILL,,False
en-US,Accounting - GASB,MILLAGE,,False
en-US,Accounting - GASB,MINI BOND,,False
en-US,Accounting - GASB,MINIMUM DENOMINATION,,False
en-US,Accounting - GASB,MOB SPREAD,Mob,False
en-US,Accounting - GASB,MONETARY DEFAULT,,False
en-US,Accounting - GASB,MONEY MARKET ELIGIBLE SECURITIES,,False
en-US,Accounting - GASB,MORAL OBLIGATION BOND,,False
en-US,Accounting - GASB,MORTGAGE REVENUE BOND,,False
en-US,Accounting - GASB,MUNICIPAL ADVISOR,,False
en-US,Accounting - GASB,MUNICIPAL BOND,,False
en-US,Accounting - GASB,MUNICIPAL BOND FUTURES CONTRACT,,False
en-US,Accounting - GASB,MUNICIPAL BOND INDEX,,False
en-US,Accounting - GASB,MUNICIPAL ENTITY,,False
en-US,Accounting - GASB,MUNICIPAL FUND SECURITY,,False
en-US,Accounting - GASB,MUNICIPAL OVER BOND SPREAD,,False
en-US,Accounting - GASB,MUNICIPAL SECURITIES,,False
en-US,Accounting - GASB,MUNICIPAL SECURITIES BUSINESS,,False
en-US,Accounting - GASB,MUNICIPAL SECURITIES DEALER,,False
en-US,Accounting - GASB,MUNICIPAL SECURITIES RULEMAKING BOARD,MSRB,False
en-US,Accounting - GASB,MUNICIPAL UTILITY DISTRICT BONDS,MUDS,False
en-US,Accounting - GASB,NASD,,False
en-US,Accounting - GASB,NATIONALLY RECOGNIZED MUNICIPAL SECURITIES INFORMATION REPOSITORY,NRMSIR,False
en-US,Accounting - GASB,NATIONALLY RECOGNIZED STATISTICAL RATING ORGANIZATION,NRSRO,False
en-US,Accounting - GASB,NATIONAL SECURITIES CLEARING CORPORATION,NSCC,False
en-US,Accounting - GASB,NEGATIVE ARBITRAGE,,False
en-US,Accounting - GASB,NEGATIVE CARRY,,False
en-US,Accounting - GASB,NEGATIVE COVENANT,,False
en-US,Accounting - GASB,NEGOTIATED SALE,,False
en-US,Accounting - GASB,NET CAPITAL RULE,,False
en-US,Accounting - GASB,NET CASH REFUNDING,,False
en-US,Accounting - GASB,NET INTEREST COST,NIC,False
en-US,Accounting - GASB,NET OFFERING,,False
en-US,Accounting - GASB,NET ORDER,,False
en-US,Accounting - GASB,NET PLEDGE,,False
en-US,Accounting - GASB,NET PROCEEDS,,False
en-US,Accounting - GASB,NET REVENUE PLEDGE,,False
en-US,Accounting - GASB,NET REVENUES,,False
en-US,Accounting - GASB,NETTING,,False
en-US,Accounting - GASB,NEW CLEAN RENEWABLE ENERGY BONDS,NEW CREBS,False
en-US,Accounting - GASB,NEW ISSUE INFORMATION DISSEMINATION SYSTEM,NIIDS,False
en-US,Accounting - GASB,NEW ISSUE MARKET,,False
en-US,Accounting - GASB,NEW ISSUE MUNICIPAL SECURITIES,,False
en-US,Accounting - GASB,NOMINAL INTEREST RATE,,False
en-US,Accounting - GASB,NOMINAL QUOTATION,,False
en-US,Accounting - GASB,NOMINEE,,False
en-US,Accounting - GASB,NON AMT BOND,,False
en-US,Accounting - GASB,NON APPROPRIATION CALL,,False
en-US,Accounting - GASB,NON APPROPRIATION CLAUSE,,False
en-US,Accounting - GASB,NON CALLABLE BOND,,False
en-US,Accounting - GASB,NON INVESTMENT GRADE,,False
en-US,Accounting - GASB,NEW ISSUE,,False
en-US,Accounting - GASB,NON LITIGATION CERTIFICATE,,False
en-US,Accounting - GASB,NO LITIGATION CERTIFICATE,,False
en-US,Accounting - GASB,NON RATED SECURITY,,False
en-US,Accounting - GASB,NOTE,,False
en-US,Accounting - GASB,NOTICE OF REDEMPTION,,False
en-US,Accounting - GASB,NOTICE OF SALE,,False
en-US,Accounting - GASB,NOT REOFFERED MATURITY,NRO,False
en-US,Accounting - GASB,OBLIGATED PERSON,,False
en-US,Accounting - GASB,OBLIGOR,,False
en-US,Accounting - GASB,ODD LOT,,False
en-US,Accounting - GASB,OFFER,,False
en-US,Accounting - GASB,OFFERING CIRCULAR,,False
en-US,Accounting - GASB,OFFERING PRICE,,False
en-US,Accounting - GASB,OFFER WANTED,,False
en-US,Accounting - GASB,OFFICE OF THE COMPTROLLER OF THE CURRENCY,OCC,False
en-US,Accounting - GASB,OFFICIAL ACTION,,False
en-US,Accounting - GASB,OFFICIAL COMMUNICATION,,False
en-US,Accounting - GASB,OFFICIAL OF AN ISSUER,,False
en-US,Accounting - GASB,OFFICIAL STATEMENT,OS,False
en-US,Accounting - GASB,OMNIBUS RELATIONSHIP,,False
en-US,Accounting - GASB,OPEN END LIEN,,False
en-US,Accounting - GASB,OPTIONAL CALL,,False
en-US,Accounting - GASB,OPTIONAL TENDER,,False
en-US,Accounting - GASB,ORDER PERIOD,,False
en-US,Accounting - GASB,ORDINANCE,,False
en-US,Accounting - GASB,OPTIONAL REDEMPTION,,False
en-US,Accounting - GASB,ORIGINAL ISSUE DISCOUNT BOND,OID Bond,False
en-US,Accounting - GASB,ORIGINAL ISSUE DISCOUNT,OID,False
en-US,Accounting - GASB,ORIGINAL ISSUE PREMIUM,,False
en-US,Accounting - GASB,ORIGINAL ISSUE PRICE,,False
en-US,Accounting - GASB,ORIGINAL ISSUE PROCEEDS,,False
en-US,Accounting - GASB,ORIGINAL ISSUE YIELD,OIY,False
en-US,Accounting - GASB,OTHER POST EMPLOYMENT BENEFITS,OPEB,False
en-US,Accounting - GASB,OUTSTANDING BONDS,,False
en-US,Accounting - GASB,OVERALL DEBT,,False
en-US,Accounting - GASB,OVERLAPPING DEBT,,False
en-US,Accounting - GASB,OVERSUBSCRIPTION,,False
en-US,Accounting - GASB,OVER THE COUNTER MARKET,OTC,False
en-US,Accounting - GASB,PAR,,False
en-US,Accounting - GASB,PAR BOND,,False
en-US,Accounting - GASB,PAR CALL,,False
en-US,Accounting - GASB,PARI PASSU BONDS,,False
en-US,Accounting - GASB,PARITY BONDS,,False
en-US,Accounting - GASB,PARITY TEST,,False
en-US,Accounting - GASB,PARKING,,False
en-US,Accounting - GASB,PAR OPTION,,False
en-US,Accounting - GASB,PARTIAL CALL,,False
en-US,Accounting - GASB,PARTIAL DELIVERY,,False
en-US,Accounting - GASB,PARTIAL REFUNDING,,False
en-US,Accounting - GASB,PARTICIPANT,,False
en-US,Accounting - GASB,PARTICIPATION,,False
en-US,Accounting - GASB,PAR VALUE,,False
en-US,Accounting - GASB,PAYING AGENT,,False
en-US,Accounting - GASB,PAYMENT DATE,,False
en-US,Accounting - GASB,PAY TO PLAY,,False
en-US,Accounting - GASB,PENSION OBLIGATION BOND,,False
en-US,Accounting - GASB,PER CAPITA DEBT,,False
en-US,Accounting - GASB,PERIODIC STATEMENT,,False
en-US,Accounting - GASB,PERMITTED ENCUMBRANCES,,False
en-US,Accounting - GASB,PERMITTED INVESTMENTS,,False
en-US,Accounting - GASB,PLACEMENT AGENT,,False
en-US,Accounting - GASB,PLACEMENT RATIO,,False
en-US,Accounting - GASB,PLAN DISCLOSURE DOCUMENT,,False
en-US,Accounting - GASB,PLANNED AMORTIZATION CLASS BOND,PAC BOND,False
en-US,Accounting - GASB,PLEDGED REVENUES,,False
en-US,Accounting - GASB,POINT,,False
en-US,Accounting - GASB,POLITICAL ACTION COMMITTEE,PAC,False
en-US,Accounting - GASB,POLLING THE ACCOUNT,,False
en-US,Accounting - GASB,POLLUTION CONTROL REVENUE BOND,PCR,False
en-US,Accounting - GASB,POSITIVE CARRY,,False
en-US,Accounting - GASB,PREARRANGED TRADING,,False
en-US,Accounting - GASB,PRE CLOSING,,False
en-US,Accounting - GASB,PRELIMINARY OFFICIAL STATEMENT,POS,False
en-US,Accounting - GASB,PREMIUM,,False
en-US,Accounting - GASB,PREMIUM BOND,,False
en-US,Accounting - GASB,PARTIAL REDEMPTION,,False
en-US,Accounting - GASB,PREMIUM CALL,,False
en-US,Accounting - GASB,PREMIUM REDEMPTION,,False
en-US,Accounting - GASB,PREMIUM CALL PRICE,,False
en-US,Accounting - GASB,PRE PAID TUITION PLAN,,False
en-US,Accounting - GASB,PREPAYMENT PROVISIONS,,False
en-US,Accounting - GASB,PREPAYMENT SPEED,,False
en-US,Accounting - GASB,PREREFUNDED,,False
en-US,Accounting - GASB,PRE SALE ORDER,,False
en-US,Accounting - GASB,PRESENT VALUE,,False
en-US,Accounting - GASB,PRESENT VALUE SAVINGS,,False
en-US,Accounting - GASB,PRICE,,False
en-US,Accounting - GASB,PRICE TRANSPARENCY,,False
en-US,Accounting - GASB,PRICING,,False
en-US,Accounting - GASB,PRICING ADVISOR,,False
en-US,Accounting - GASB,PRICING WIRE,,False
en-US,Accounting - GASB,PRIMARY DISTRIBUTOR,,False
en-US,Accounting - GASB,PRIMARY MARKET,,False
en-US,Accounting - GASB,PRIMARY OFFERING,,False
en-US,Accounting - GASB,PRIMARY OFFERING DISCLOSURE DOCUMENT,,False
en-US,Accounting - GASB,PRINCIPAL,,False
en-US,Accounting - GASB,PRINCIPAL ACCOUNT,,False
en-US,Accounting - GASB,PRINCIPAL TRADE,,False
en-US,Accounting - GASB,PRIOR ISSUE,,False
en-US,Accounting - GASB,PRIORITY PROVISIONS,,False
en-US,Accounting - GASB,PRIVATE ACTIVITY BOND,PAB,False
en-US,Accounting - GASB,PRIVATE BUSINESS USE TEST,,False
en-US,Accounting - GASB,PRIVATE LOAN FINANCING TEST,,False
en-US,Accounting - GASB,PRIVATE PLACEMENT,,False
en-US,Accounting - GASB,PRIVATE PLACEMENT LETTER,,False
en-US,Accounting - GASB,PRIVATE PLACEMENT MEMORANDUM,,False
en-US,Accounting - GASB,PRIVATE SECURITY TEST,,False
en-US,Accounting - GASB,PROCEEDS,,False
en-US,Accounting - GASB,PRODUCTION,,False
en-US,Accounting - GASB,PRO FORMA,,False
en-US,Accounting - GASB,PROGRAM DEALER,,False
en-US,Accounting - GASB,PROGRAM DESCRIPTION,,False
en-US,Accounting - GASB,PROGRAM DISCLOSURE DOCUMENT,,False
en-US,Accounting - GASB,PROGRAM MANAGER,,False
en-US,Accounting - GASB,PROJECT FUND,,False
en-US,Accounting - GASB,PRO RATA REDEMPTION,,False
en-US,Accounting - GASB,PRO RATA SHARE,,False
en-US,Accounting - GASB,PRO RATA SINKING FUND CALL,,False
en-US,Accounting - GASB,PROTECTIVE COVENANT,,False
en-US,Accounting - GASB,PROVISIONAL RATING,,False
en-US,Accounting - GASB,PUBLIC PRIVATE PARTNERSHIPS,P3S,False
en-US,Accounting - GASB,PUBLIC SALE,,False
en-US,Accounting - GASB,PURCHASE CONTRACT,,False
en-US,Accounting - GASB,PUT BOND,,False
en-US,Accounting - GASB,PUT OPTION,,False
en-US,Accounting - GASB,PUTTABLE SECURITY,,False
en-US,Accounting - GASB,QUALIFIED 501(C)(3) BOND,,False
en-US,Accounting - GASB,QUALIFIED BID,,False
en-US,Accounting - GASB,QUALIFIED BOND,,False
en-US,Accounting - GASB,QUALIFIED ENERGY CONSERVATION BOND,QECBS,False
en-US,Accounting - GASB,QUALIFIED HIGHER EDUCATION EXPENSES,,False
en-US,Accounting - GASB,QUALIFIED LEGAL OPINION,,False
en-US,Accounting - GASB,QUALIFIED MORTGAGE BOND,,False
en-US,Accounting - GASB,QUALIFIED PRIVATE ACTIVITY BOND,,False
en-US,Accounting - GASB,QUALIFIED REDEVELOPMENT BOND,,False
en-US,Accounting - GASB,QUALIFIED SCHOOL CONSTRUCTION BOND,QSCBS,False
en-US,Accounting - GASB,QUALIFIED SMALL ISSUE BOND,,False
en-US,Accounting - GASB,QUALIFIED STUDENT LOAN BOND,,False
en-US,Accounting - GASB,QUALIFIED TAX CREDIT BONDS,,False
en-US,Accounting - GASB,QUALIFIED TAX EXEMPT OBLIGATION,,False
en-US,Accounting - GASB,QUALIFIED TUITION PROGRAM,,False
en-US,Accounting - GASB,QUALIFIED VETERANS MORTGAGE BOND,,False
en-US,Accounting - GASB,QUALIFIED ZONE ACADEMY BOND,QZAB,False
en-US,Accounting - GASB,QUOTATION,,False
en-US,Accounting - GASB,RATE COVENANT,,False
en-US,Accounting - GASB,RATE LOCK AGREEMENT,,False
en-US,Accounting - GASB,RATING AGENCY,,False
en-US,Accounting - GASB,RATINGS,,False
en-US,Accounting - GASB,REASONED OPINION,,False
en-US,Accounting - GASB,REBATE,,False
en-US,Accounting - GASB,REBATE CALCULATION,,False
en-US,Accounting - GASB,REBATE FUND,,False
en-US,Accounting - GASB,RECEIPT VS PAYMENT,RVP,False
en-US,Accounting - GASB,RECEIVE BALANCE ORDER,RBO,False
en-US,Accounting - GASB,RECIPROCAL IMMUNITY DOCTRINE,,False
en-US,Accounting - GASB,PRIVATE PAYMENT TEST,,False
en-US,Accounting - GASB,RECLAMATION,,False
en-US,Accounting - GASB,RECLAIM,,False
en-US,Accounting - GASB,RECOMMENDATION,,False
en-US,Accounting - GASB,RECORD DATE,,False
en-US,Accounting - GASB,RECOVERY ZONE,,False
en-US,Accounting - GASB,RECOVERY ZONE ECONOMIC DEVELOPMENT BONDS,RZEDBS,False
en-US,Accounting - GASB,RECOVERY ZONE FACILITY BONDS,RZFBS,False
en-US,Accounting - GASB,REDEMPTION,,False
en-US,Accounting - GASB,REDEMPTION DATE,,False
en-US,Accounting - GASB,REDEMPTION FUND,,False
en-US,Accounting - GASB,REDEMPTION PREMIUM,,False
en-US,Accounting - GASB,REDEMPTION PRICE,,False
en-US,Accounting - GASB,REDEMPTION PROVISIONS,,False
en-US,Accounting - GASB,REDEVELOPMENT BOND,,False
en-US,Accounting - GASB,RED HERRING,,False
en-US,Accounting - GASB,REFERENDUM,,False
en-US,Accounting - GASB,REFUNDED BONDS,,False
en-US,Accounting - GASB,REFUNDED ISSUE,,False
en-US,Accounting - GASB,REFUNDING,,False
en-US,Accounting - GASB,REFUNDING BONDS,,False
en-US,Accounting - GASB,REFUNDING ISSUE,,False
en-US,Accounting - GASB,REGISTERED BOND,,False
en-US,Accounting - GASB,REGISTERED CLEARING AGENCY,,False
en-US,Accounting - GASB,REGISTERED OWNER,,False
en-US,Accounting - GASB,REGISTERED REPRESENTATIVE,RR,False
en-US,Accounting - GASB,REGISTRAR,,False
en-US,Accounting - GASB,REGULAR WAY TRADE,,False
en-US,Accounting - GASB,REGULATORY AGREEMENT,,False
en-US,Accounting - GASB,REGULATORY ELEMENT,,False
en-US,Accounting - GASB,REIMBURSEMENT ACCOUNT,,False
en-US,Accounting - GASB,REIMBURSEMENT AGREEMENT,,False
en-US,Accounting - GASB,REIMBURSEMENT RESOLUTION,,False
en-US,Accounting - GASB,REINVESTMENT RISK,,False
en-US,Accounting - GASB,REJECTION,,False
en-US,Accounting - GASB,RELATED ACCOUNT PORTFOLIO,,False
en-US,Accounting - GASB,REMARKETING,,False
en-US,Accounting - GASB,REMARKETING AGENT,,False
en-US,Accounting - GASB,REMARKETING FEE,,False
en-US,Accounting - GASB,RENEWAL AND REPLACEMENT FUND,,False
en-US,Accounting - GASB,REOFFERING SCALE,,False
en-US,Accounting - GASB,REPRICE,,False
en-US,Accounting - GASB,REQUEST FOR PROPOSALS,RFP,False
en-US,Accounting - GASB,RERATING,,False
en-US,Accounting - GASB,RESERVE FUND,,False
en-US,Accounting - GASB,RESERVE FUND REQUIREMENT,,False
en-US,Accounting - GASB,RESERVE MAINTENANCE FUND,,False
en-US,Accounting - GASB,RESERVE REQUIREMENT,,False
en-US,Accounting - GASB,RESOLUTION,,False
en-US,Accounting - GASB,RESTRUCTURE,,False
en-US,Accounting - GASB,RETAIL ORDER PERIOD,,False
en-US,Accounting - GASB,RETENTION,,False
en-US,Accounting - GASB,REVENUE ANTICIPATION NOTE,RAN,False
en-US,Accounting - GASB,REVENUE BOND,,False
en-US,Accounting - GASB,REVENUE FUND,,False
en-US,Accounting - GASB,REVOLVING FUND,,False
en-US,Accounting - GASB,RISKLESS PRINCIPAL TRANSACTION,,False
en-US,Accounting - GASB,ROLL OVER,,False
en-US,Accounting - GASB,ROUND LOT,,False
en-US,Accounting - GASB,RULE 10B 5,,False
en-US,Accounting - GASB,RULE 15C2 12,,False
en-US,Accounting - GASB,SAFE HARBOR,,False
en-US,Accounting - GASB,SALE DATE,,False
en-US,Accounting - GASB,SALE RESOLUTION,,False
en-US,Accounting - GASB,SALES LOAD,,False
en-US,Accounting - GASB,SALES TAX BOND,,False
en-US,Accounting - GASB,SCALE,,False
en-US,Accounting - GASB,SEALED BID,,False
en-US,Accounting - GASB,SECONDARY INSURANCE,,False
en-US,Accounting - GASB,SECONDARY MARKET,,False
en-US,Accounting - GASB,SECONDARY MARKET DISCLOSURE,,False
en-US,Accounting - GASB,SECOND LIEN BONDS,,False
en-US,Accounting - GASB,SECURITIES ACT OF 1933,,False
en-US,Accounting - GASB,SECURITIES AND EXCHANGE COMMISSION,SEC; The Commission,False
en-US,Accounting - GASB,SECURITIES EXCHANGE ACT OF 1934,,False
en-US,Accounting - GASB,SECURITIES INVESTOR PROTECTION CORPORATION,SIPC,False
en-US,Accounting - GASB,SECURITY,,False
en-US,Accounting - GASB,SECURITY FOR THE BONDS,,False
en-US,Accounting - GASB,SELF LIQUIDATING DEBT,,False
en-US,Accounting - GASB,SELF LIQUIDITY,,False
en-US,Accounting - GASB,SELF SUPPORTING DEBT,,False
en-US,Accounting - GASB,SELLING AGREEMENT,,False
en-US,Accounting - GASB,SELLING BROKER,,False
en-US,Accounting - GASB,SELLING DEALER,,False
en-US,Accounting - GASB,SELLING GROUP,,False
en-US,Accounting - GASB,SELLING GROUP AGREEMENT,,False
en-US,Accounting - GASB,SELL OUT,,False
en-US,Accounting - GASB,SENIOR LIEN BONDS,,False
en-US,Accounting - GASB,SENIOR MANAGER,,False
en-US,Accounting - GASB,SERIAL BONDS,,False
en-US,Accounting - GASB,SERIES OF BONDS,,False
en-US,Accounting - GASB,SERIES RESOLUTION,,False
en-US,Accounting - GASB,SETTLEMENT,,False
en-US,Accounting - GASB,SETTLEMENT DATE,,False
en-US,Accounting - GASB,SHADOW CALENDAR,,False
en-US,Accounting - GASB,SHADOW RATING,,False
en-US,Accounting - GASB,SHORT COUPON,,False
en-US,Accounting - GASB,SHORT POSITION,,False
en-US,Accounting - GASB,SHORT SALE,,False
en-US,Accounting - GASB,SELF LIQUIDATING DEBT,,False
en-US,Accounting - GASB,SHORT TERM,,False
en-US,Accounting - GASB,SHORT TERM RANGE,,False
en-US,Accounting - GASB,SID,,False
en-US,Accounting - GASB,SIGNATURE GUARANTEE,,False
en-US,Accounting - GASB,SINKER,,False
en-US,Accounting - GASB,SINKING FUND,,False
en-US,Accounting - GASB,SINKING FUND CALL,,False
en-US,Accounting - GASB,SLGS,,False
en-US,Accounting - GASB,SOLE MANAGER,,False
en-US,Accounting - GASB,SOLICITED ORDER,,False
en-US,Accounting - GASB,SOPHISTICATED INVESTOR LETTER,,False
en-US,Accounting - GASB,SOURCES AND USES,,False
en-US,Accounting - GASB,SPECIAL ASSESSMENT,,False
en-US,Accounting - GASB,SPECIAL ASSESSMENT BOND,,False
en-US,Accounting - GASB,SPECIAL DISTRICTS,,False
en-US,Accounting - GASB,SPECIAL OBLIGATION BOND,,False
en-US,Accounting - GASB,SPECIAL REDEMPTION,,False
en-US,Accounting - GASB,SPECIAL TAX BOND,,False
en-US,Accounting - GASB,SPECIAL TAX COUNSEL,,False
en-US,Accounting - GASB,SPEED,,False
en-US,Accounting - GASB,SPLIT RATINGS,,False
en-US,Accounting - GASB,SPREAD,,False
en-US,Accounting - GASB,SPREAD COMPRESSION,,False
en-US,Accounting - GASB,SPRINGING RESERVE,,False
en-US,Accounting - GASB,STABILIZATION,,False
en-US,Accounting - GASB,STANDBY BOND PURCHASE AGREEMENT,,False
en-US,Accounting - GASB,STANDBY LETTER OF CREDIT,,False
en-US,Accounting - GASB,SINKING FUND  REDEMPTION,,False
en-US,Accounting - GASB,STATE GOVERNMENT POOL,,False
en-US,Accounting - GASB,LOCAL GOVERNMENT POOL,,False
en-US,Accounting - GASB,STEPPED COUPON BONDS,,False
en-US,Accounting - GASB,STICKERING,,False
en-US,Accounting - GASB,STREET NAME,,False
en-US,Accounting - GASB,STRIKE PRICE,,False
en-US,Accounting - GASB,STRIP CALL,,False
en-US,Accounting - GASB,STRIP ORDER,,False
en-US,Accounting - GASB,STRIPPED COUPON SECURITIES,,False
en-US,Accounting - GASB,STRIPS,,False
en-US,Accounting - GASB,STUB PERIOD FINANCIALS,,False
en-US,Accounting - GASB,STUDENT LOAN MARKETING ASSOCATION,SLMA,False
en-US,Accounting - GASB,STUB PERIOD AUDIT,,False
en-US,Accounting - GASB,SUBJECT BID,,False
en-US,Accounting - GASB,SUBJECT OFFER,,False
en-US,Accounting - GASB,SUBJECT TO APPROPRIATION,,False
en-US,Accounting - GASB,SUBJECT TO APPROPRIATION DEBT,,False
en-US,Accounting - GASB,SUBORDINATE LIEN BONDS,,False
en-US,Accounting - GASB,SUPERIOR LIEN BONDS,,False
en-US,Accounting - GASB,SUPER SINKER,,False
en-US,Accounting - GASB,SUPPLEMENTAL COUPONS,,False
en-US,Accounting - GASB,SUPPLEMENTAL INDENTURE,,False
en-US,Accounting - GASB,SURETY BOND,,False
en-US,Accounting - GASB,SURPLUS FUND,,False
en-US,Accounting - GASB,SWAP,,False
en-US,Accounting - GASB,SWAP ADVISOR,,False
en-US,Accounting - GASB,SWAP CONTRACT,,False
en-US,Accounting - GASB,SWAP OPTION,Swaption,False
en-US,Accounting - GASB,SWING COUPON,,False
en-US,Accounting - GASB,SYNDICATE,,False
en-US,Accounting - GASB,SYNDICATE ACCOUNT LETTER,,False
en-US,Accounting - GASB,SYNDICATE AGREEMENT,,False
en-US,Accounting - GASB,SYNDICATE MANAGER,,False
en-US,Accounting - GASB,SYNDICATE MEMBER,,False
en-US,Accounting - GASB,SYNTHETIC REFUNDING,,False
en-US,Accounting - GASB,TAKEDOWN,,False
en-US,Accounting - GASB,TAKE OR PAY CONTRACT,,False
en-US,Accounting - GASB,TAKE OUT,,False
en-US,Accounting - GASB,TAX,,False
en-US,Accounting - GASB,TAXABLE BOND,,False
en-US,Accounting - GASB,TAXABLE EQUIVALENT YIELD,,False
en-US,Accounting - GASB,TAXABLE EXCHANGEABLE BOND,,False
en-US,Accounting - GASB,TAXABLE MUNICIPAL BOND,,False
en-US,Accounting - GASB,TAXABLE MUNICIPAL SECURITY,,False
en-US,Accounting - GASB,TAXABLE SECURITY,,False
en-US,Accounting - GASB,TAXABLE YIELD EQUIVALENT,,False
en-US,Accounting - GASB,TAX ALLOCATION BOND,,False
en-US,Accounting - GASB,TAX AND REVENUE ANTICIPATION NOTE,TRAN,False
en-US,Accounting - GASB,TAX ANTICIPATION NOTE,TAN,False
en-US,Accounting - GASB,TAX BASE,,False
en-US,Accounting - GASB,TAX CALL,,False
en-US,Accounting - GASB,TAX CERTIFICATE,,False
en-US,Accounting - GASB,TAX COMPLIANCE CERTIFICATE,,False
en-US,Accounting - GASB,TAX CREDIT BONDS,,False
en-US,Accounting - GASB,TAX EXEMPT BOND,,False
en-US,Accounting - GASB,TAX INCREMENT BOND,,False
en-US,Accounting - GASB,TAX LOSS SWAP,,False
en-US,Accounting - GASB,TAX RATE,,False
en-US,Accounting - GASB,TAX RATE LIMIT,,False
en-US,Accounting - GASB,TAX REGULATORY AGREEMENT,,False
en-US,Accounting - GASB,TAX ROLL,,False
en-US,Accounting - GASB,TAX SUPPORTED DEBT,,False
en-US,Accounting - GASB,TAX SWAP,,False
en-US,Accounting - GASB,TECHNICAL DEFAULT,,False
en-US,Accounting - GASB,TEFRA,,False
en-US,Accounting - GASB,TEFRA APPROVAL,,False
en-US,Accounting - GASB,TEFRA HEARING,,False
en-US,Accounting - GASB,TEFRA NOTICE,,False
en-US,Accounting - GASB,TENDER,,False
en-US,Accounting - GASB,TENDER AGENT,,False
en-US,Accounting - GASB,TENDER OFFER,,False
en-US,Accounting - GASB,TENDER OPTION,,False
en-US,Accounting - GASB,TENDER OPTION BOND,,False
en-US,Accounting - GASB,TERM BONDS,,False
en-US,Accounting - GASB,TIME OF FIRST EXECUTION,,False
en-US,Accounting - GASB,TIME OF FORMAL AWARD,,False
en-US,Accounting - GASB,TOMBSTONE,,False
en-US,Accounting - GASB,TOTAL DEBT SERVICE,,False
en-US,Accounting - GASB,TOTAL RETURN SWAP,TRS,False
en-US,Accounting - GASB,TOTAL TAKEDOWN,,False
en-US,Accounting - GASB,TRADE DATE,,False
en-US,Accounting - GASB,TRANCHE,,False
en-US,Accounting - GASB,TRANSCRIPT,,False
en-US,Accounting - GASB,TRANSFER,,False
en-US,Accounting - GASB,TRANSFERABLE CUSTODIAL RECEIPTS,TCRS,False
en-US,Accounting - GASB,TRANSFER AGENT,,False
en-US,Accounting - GASB,TRANSFERRED PROCEEDS,,False
en-US,Accounting - GASB,TRANSFERRED PROCEEDS PENALTY,,False
en-US,Accounting - GASB,TRANSFER RESTRICTION,,False
en-US,Accounting - GASB,TRANSPARENCY,,False
en-US,Accounting - GASB,TRAVELLING BIG BOY LETTER,,False
en-US,Accounting - GASB,TRAVELLING LETTER,,False
en-US,Accounting - GASB,TREASURY SECURITIES,,False
en-US,Accounting - GASB,TRIPLE EXEMPTION,,False
en-US,Accounting - GASB,TRUE INTEREST COST BID,,False
en-US,Accounting - GASB,TRUE INTEREST COST,TIC,False
en-US,Accounting - GASB,TRUE LEASE,,False
en-US,Accounting - GASB,TRUSTEE,,False
en-US,Accounting - GASB,TRUST INDENTURE,,False
en-US,Accounting - GASB,TWO SIDED MARKET,,False
en-US,Accounting - GASB,UNDERLYING RATING,,False
en-US,Accounting - GASB,UNDERWRITE,,False
en-US,Accounting - GASB,UNDERWRITER,,False
en-US,Accounting - GASB,UNDERWRITERS COUNSEL,,False
en-US,Accounting - GASB,UNDERWRITERS DISCOUNT,,False
en-US,Accounting - GASB,UNDERWRITING AGREEMENT,,False
en-US,Accounting - GASB,UNDERWRITING PERIOD,,False
en-US,Accounting - GASB,UNDERWRITING SYNDICATE,,False
en-US,Accounting - GASB,UNDIVIDED ACCOUNT,,False
en-US,Accounting - GASB,INVESTMENT BANKER,,False
en-US,Accounting - GASB,UNEXPENDED PROCEEDS CALL,,False
en-US,Accounting - GASB,UNIT INVESTMENT TRUST,UIT,False
en-US,Accounting - GASB,UNLIMITED TAX BOND,,False
en-US,Accounting - GASB,UNQUALIFIED LEGAL OPINION,,False
en-US,Accounting - GASB,UNRATED SECURITY,,False
en-US,Accounting - GASB,UNSOLICITED ORDER,,False
en-US,Accounting - GASB,UPGRADE,,False
en-US,Accounting - GASB,VALIDATION,,False
en-US,Accounting - GASB,VARIABLE RATE,,False
en-US,Accounting - GASB,VARIABLE RATE DEMAND BOND,VRDB,False
en-US,Accounting - GASB,VARIABLE RATE DEMAND OBLIGATION,VRDO,False
en-US,Accounting - GASB,VERBAL AWARD,,False
en-US,Accounting - GASB,VERIFICATION REPORT,,False
en-US,Accounting - GASB,VISIBLE SUPPLY,,False
en-US,Accounting - GASB,VMIG,,False
en-US,Accounting - GASB,VOLUME CAP,,False
en-US,Accounting - GASB,WARRANT,,False
en-US,Accounting - GASB,WASH SALE,,False
en-US,Accounting - GASB,WATCHLIST,,False
en-US,Accounting - GASB,UNEXPENDED PROCEEDS REDEMPTION,,False
en-US,Accounting - GASB,WEIGHTED AVERAGE LIFE,WAM,False
en-US,Accounting - GASB,WEIGHTED AVERAGE MATURITY,WAM,False
en-US,Accounting - GASB,WESTERN ACCOUNT,,False
en-US,Accounting - GASB,WHEN AS AND IF ISSUED,WAII,False
en-US,Accounting - GASB,WHEN ISSUED PERIOD,,False
en-US,Accounting - GASB,WHEN ISSUED,WI,False
en-US,Accounting - GASB,WORKABLE,,False
en-US,Accounting - GASB,WORKOUT BID,,False
en-US,Accounting - GASB,WRITE DOWN,,False
en-US,Accounting - GASB,WRITTEN AWARD,,False
en-US,Accounting - GASB,YIELD,,False
en-US,Accounting - GASB,YIELD BURNING,,False
en-US,Accounting - GASB,YIELD CURVE,,False
en-US,Accounting - GASB,YIELD PRICE,,False
en-US,Accounting - GASB,YIELD REDUCTION PAYMENT,,False
en-US,Accounting - GASB,YIELD RESTRICTION,,False
en-US,Accounting - GASB,YIELD TO AVERAGE LIFE,,False
en-US,Accounting - GASB,YIELD TO CALL,,False
en-US,Accounting - GASB,YIELD TO MATURITY,,False
en-US,Accounting - GASB,YIELD TO PUT OPTION,,False
en-US,Accounting - GASB,YIELD TO PUT,,False
en-US,Accounting - GASB,YIELD TO SINKER,,False
en-US,Accounting - GASB,YIELD TO WORST,,False
