Term Locale,Term Category,Term,CaseSensitive,,,,,,,,,,,,,,,,,,,,,,,,
en-UK,Geopolitical,Prime Minister,FALSE,,,,,,,,,,,,,,,,,,,,,,,,
en-UK,Geopolitical,Attorney General,FALSE,,,,,,,,,,,,,,,,,,,,,,,,
en-UK,Geopolitical,Cabinet Office,FALSE,,,,,,,,,,,,,,,,,,,,,,,,
en-UK,Geopolitical,"Department for Business, Energy, and Industrial Strategy",FALSE,,,,,,,,,,,,,,,,,,,,,,,,
en-UK,Geopolitical,Department for Communities and Local Government,FALSE,,,,,,,,,,,,,,,,,,,,,,,,
en-UK,Geopolitical,"Department for Digital, Culture, Media, and Sport",FALSE,,,,,,,,,,,,,,,,,,,,,,,,
en-UK,Geopolitical,Department for Education,FALSE,,,,,,,,,,,,,,,,,,,,,,,,
en-UK,Geopolitical,"Department for Environment, Food and Rural Affairs",FALSE,,,,,,,,,,,,,,,,,,,,,,,,
en-UK,Geopolitical,Department for Exiting the European Union,FALSE,,,,,,,,,,,,,,,,,,,,,,,,
en-UK,Geopolitical,Department for International Development,FALSE,,,,,,,,,,,,,,,,,,,,,,,,
en-UK,Geopolitical,Department for International Trade,FALSE,,,,,,,,,,,,,,,,,,,,,,,,
en-UK,Geopolitical,Department for Transport,FALSE,,,,,,,,,,,,,,,,,,,,,,,,
en-UK,Geopolitical,Department for Work and Pensions,FALSE,,,,,,,,,,,,,,,,,,,,,,,,
en-UK,Geopolitical,Department of Health,FALSE,,,,,,,,,,,,,,,,,,,,,,,,
en-UK,Geopolitical,Foreign and Commonwealth Office,FALSE,,,,,,,,,,,,,,,,,,,,,,,,
en-UK,Geopolitical,HM Treasury,FALSE,,,,,,,,,,,,,,,,,,,,,,,,
en-UK,Geopolitical,Home Office,FALSE,,,,,,,,,,,,,,,,,,,,,,,,
en-UK,Geopolitical,Ministry of Defence,FALSE,,,,,,,,,,,,,,,,,,,,,,,,
en-UK,Geopolitical,Ministry of Justice,FALSE,,,,,,,,,,,,,,,,,,,,,,,,
en-UK,Geopolitical,Northern Ireland Office,FALSE,,,,,,,,,,,,,,,,,,,,,,,,
en-UK,Geopolitical,Office of the Advocate General for Scotland,FALSE,,,,,,,,,,,,,,,,,,,,,,,,
en-UK,Geopolitical,Office of the Leader of the House of Commons,FALSE,,,,,,,,,,,,,,,,,,,,,,,,
en-UK,Geopolitical,Office of the Leader of the House of Lords,FALSE,,,,,,,,,,,,,,,,,,,,,,,,
en-UK,Geopolitical,Office of the Secretary of State for Wales,FALSE,,,,,,,,,,,,,,,,,,,,,,,,
en-UK,Geopolitical,Scotland Office,FALSE,,,,,,,,,,,,,,,,,,,,,,,,
en-UK,Geopolitical,UK Export Finance,FALSE,,,,,,,,,,,,,,,,,,,,,,,,
en-UK,Geopolitical,Charity Commission,FALSE,,,,,,,,,,,,,,,,,,,,,,,,
en-UK,Geopolitical,Competition and Markets Authority,FALSE,,,,,,,,,,,,,,,,,,,,,,,,
en-UK,Geopolitical,Crown Prosecution Service,FALSE,,,,,,,,,,,,,,,,,,,,,,,,
en-UK,Geopolitical,Food Standards Agency,FALSE,,,,,,,,,,,,,,,,,,,,,,,,
en-UK,Geopolitical,Forestry Commission,FALSE,,,,,,,,,,,,,,,,,,,,,,,,
en-UK,Geopolitical,Government Actuary's Department,FALSE,,,,,,,,,,,,,,,,,,,,,,,,
en-UK,Geopolitical,Government Legal Department,FALSE,,,,,,,,,,,,,,,,,,,,,,,,
en-UK,Geopolitical,HM Land Registry,FALSE,,,,,,,,,,,,,,,,,,,,,,,,
en-UK,Geopolitical,HM Revenue and Customs,FALSE,,,,,,,,,,,,,,,,,,,,,,,,
en-UK,Geopolitical,NS and I,FALSE,,,,,,,,,,,,,,,,,,,,,,,,
en-UK,Geopolitical,National Archives,FALSE,,,,,,,,,,,,,,,,,,,,,,,,
en-UK,Geopolitical,National Crime Agency,FALSE,,,,,,,,,,,,,,,,,,,,,,,,
en-UK,Geopolitical,Office of Rail and Road,FALSE,,,,,,,,,,,,,,,,,,,,,,,,
en-UK,Geopolitical,Ofgem,FALSE,,,,,,,,,,,,,,,,,,,,,,,,
en-UK,Geopolitical,Office of Gas and Electricity Markets,FALSE,,,,,,,,,,,,,,,,,,,,,,,,
en-UK,Geopolitical,Ofqual,FALSE,,,,,,,,,,,,,,,,,,,,,,,,
en-UK,Geopolitical,Office of Qualifications and Examinations Regulation,FALSE,,,,,,,,,,,,,,,,,,,,,,,,
en-UK,Geopolitical,Ofsted,FALSE,,,,,,,,,,,,,,,,,,,,,,,,
en-UK,Geopolitical,"Office for Standards in Education, Children's Services and Skills",FALSE,,,,,,,,,,,,,,,,,,,,,,,,
en-UK,Geopolitical,Ordnance Survey,FALSE,,,,,,,,,,,,,,,,,,,,,,,,
en-UK,Geopolitical,Serious Fraud Office,FALSE,,,,,,,,,,,,,,,,,,,,,,,,
en-UK,Geopolitical,Supreme Court of the United Kingdom,FALSE,,,,,,,,,,,,,,,,,,,,,,,,
en-UK,Geopolitical,UK Statistics Authority,FALSE,,,,,,,,,,,,,,,,,,,,,,,,
en-UK,Geopolitical,Water Services Regulation Authority,FALSE,,,,,,,,,,,,,,,,,,,,,,,,
en-UK,Geopolitical,Academy for Social Justice Commissioning,FALSE,,,,,,,,,,,,,,,,,,,,,,,,
en-UK,Geopolitical,Accelerated Access Review,FALSE,,,,,,,,,,,,,,,,,,,,,,,,
en-UK,Geopolitical,Adjudicator’s Office,FALSE,,,,,,,,,,,,,,,,,,,,,,,,
en-UK,Geopolitical,Administration of Radioactive Substances Advisory Committee,FALSE,,,,,,,,,,,,,,,,,,,,,,,,
en-UK,Geopolitical,Advisory Committee on Animal Feedingstuffs,FALSE,,,,,,,,,,,,,,,,,,,,,,,,
en-UK,Geopolitical,Advisory Committee on Business Appointments,FALSE,,,,,,,,,,,,,,,,,,,,,,,,
en-UK,Geopolitical,Advisory Committee on Clinical Excellence Awards,FALSE,,,,,,,,,,,,,,,,,,,,,,,,
en-UK,Geopolitical,Advisory Committee on Conscientious Objectors,FALSE,,,,,,,,,,,,,,,,,,,,,,,,
en-UK,Geopolitical,"Advisory, Conciliation & Arbitration Service",FALSE,,,,,,,,,,,,,,,,,,,,,,,,
en-UK,Geopolitical,"Advisory, Conciliation, and Arbitration Service",FALSE,,,,,,,,,,,,,,,,,,,,,,,,
en-UK,Geopolitical,"Advisory, Conciliation, & Arbitration Service",FALSE,,,,,,,,,,,,,,,,,,,,,,,,
en-UK,Geopolitical,Advisory Committee on Novel Foods and Processes,FALSE,,,,,,,,,,,,,,,,,,,,,,,,
en-UK,Geopolitical,Advisory Committee on Releases to the Environment,FALSE,,,,,,,,,,,,,,,,,,,,,,,,
en-UK,Geopolitical,Advisory Committee on the Microbiological Safety of Food,FALSE,,,,,,,,,,,,,,,,,,,,,,,,
en-UK,Geopolitical,Advisory Committees on Justices of the Peace,FALSE,,,,,,,,,,,,,,,,,,,,,,,,
en-UK,Geopolitical,Advisory Council on National Records and Archives,FALSE,,,,,,,,,,,,,,,,,,,,,,,,
en-UK,Geopolitical,Advisory Council on the Misuse of Drugs,FALSE,,,,,,,,,,,,,,,,,,,,,,,,
en-UK,Geopolitical,Advisory Group on Military Medicine,FALSE,,,,,,,,,,,,,,,,,,,,,,,,
en-UK,Geopolitical,"Advisory, Conciliation and Arbitration Service",FALSE,,,,,,,,,,,,,,,,,,,,,,,,
en-UK,Geopolitical,Agriculture and Horticulture Development Board,FALSE,,,,,,,,,,,,,,,,,,,,,,,,
en-UK,Geopolitical,Air Accidents Investigation Branch,FALSE,,,,,,,,,,,,,,,,,,,,,,,,
en-UK,Geopolitical,Animal and Plant Health Agency,FALSE,,,,,,,,,,,,,,,,,,,,,,,,
en-UK,Geopolitical,Animals in Science Committee,FALSE,,,,,,,,,,,,,,,,,,,,,,,,
en-UK,Geopolitical,Armed Forces' Pay Review Body,FALSE,,,,,,,,,,,,,,,,,,,,,,,,
en-UK,Geopolitical,Arts Council England,FALSE,,,,,,,,,,,,,,,,,,,,,,,,
en-UK,Geopolitical,Arts Council of Wales,FALSE,,,,,,,,,,,,,,,,,,,,,,,,
en-UK,Geopolitical,Arts and Humanities Research Council,FALSE,,,,,,,,,,,,,,,,,,,,,,,,
en-UK,Geopolitical,Bank of England,FALSE,,,,,,,,,,,,,,,,,,,,,,,,
en-UK,Geopolitical,Big Lottery Fund,FALSE,,,,,,,,,,,,,,,,,,,,,,,,
en-UK,Geopolitical,Biometrics Commissioner,FALSE,,,,,,,,,,,,,,,,,,,,,,,,
en-UK,Geopolitical,Biotechnology and Biological Sciences Research Council,FALSE,,,,,,,,,,,,,,,,,,,,,,,,
en-UK,Geopolitical,Board of Trustees of the Royal Botanic Gardens Kew,FALSE,,,,,,,,,,,,,,,,,,,,,,,,
en-UK,Geopolitical,Boundary Commission for England,FALSE,,,,,,,,,,,,,,,,,,,,,,,,
en-UK,Geopolitical,"Centre for Environment, Fisheries & Aquaculture Science",FALSE,,,,,,,,,,,,,,,,,,,,,,,,
en-UK,Geopolitical,"Centre for Environment, Fisheries, and Aquaculture Science",FALSE,,,,,,,,,,,,,,,,,,,,,,,,
en-UK,Geopolitical,"Centre for Environment, Fisheries, & Aquaculture Science",FALSE,,,,,,,,,,,,,,,,,,,,,,,,
en-UK,Geopolitical,"Committee on Mutagenicity of Chemicals in Food, Consumer Products and the Environment",FALSE,,,,,,,,,,,,,,,,,,,,,,,,
en-UK,Geopolitical,"Committee on Mutagenicity of Chemicals in Food, Consumer Products & the Environment",FALSE,,,,,,,,,,,,,,,,,,,,,,,,
en-UK,Geopolitical,"Committee on Mutagenicity of Chemicals in Food, Consumer Products, and the Environment",FALSE,,,,,,,,,,,,,,,,,,,,,,,,
en-UK,Geopolitical,Boundary Commission for Northern Ireland,FALSE,,,,,,,,,,,,,,,,,,,,,,,,
en-UK,Geopolitical,Boundary Commission for Scotland,FALSE,,,,,,,,,,,,,,,,,,,,,,,,
en-UK,Geopolitical,Boundary Commission for Wales,FALSE,,,,,,,,,,,,,,,,,,,,,,,,
en-UK,Geopolitical,"Committee on Toxicity of Chemicals in Food, Consumer Products and the Environment",FALSE,,,,,,,,,,,,,,,,,,,,,,,,
en-UK,Geopolitical,"Committee on Toxicity of Chemicals in Food, Consumer Products & the Environment",FALSE,,,,,,,,,,,,,,,,,,,,,,,,
en-UK,Geopolitical,"Committee on Toxicity of Chemicals in Food, Consumer Products, and the Environment",FALSE,,,,,,,,,,,,,,,,,,,,,,,,
en-UK,Geopolitical,British Business Bank,FALSE,,,,,,,,,,,,,,,,,,,,,,,,
en-UK,Geopolitical,British Council,FALSE,,,,,,,,,,,,,,,,,,,,,,,,
en-UK,Geopolitical,British Film Institute,FALSE,,,,,,,,,,,,,,,,,,,,,,,,
en-UK,Geopolitical,British Hallmarking Council,FALSE,,,,,,,,,,,,,,,,,,,,,,,,
en-UK,Geopolitical,British Library,FALSE,,,,,,,,,,,,,,,,,,,,,,,,
en-UK,Geopolitical,British Museum,FALSE,,,,,,,,,,,,,,,,,,,,,,,,
en-UK,Geopolitical,British Pharmacopoeia Commission,FALSE,,,,,,,,,,,,,,,,,,,,,,,,
en-UK,Geopolitical,British Transport Police Authority,FALSE,,,,,,,,,,,,,,,,,,,,,,,,
en-UK,Geopolitical,Broads Authority,FALSE,,,,,,,,,,,,,,,,,,,,,,,,
en-UK,Geopolitical,Building Regulations Advisory Committee,FALSE,,,,,,,,,,,,,,,,,,,,,,,,
en-UK,Geopolitical,Cafcass,FALSE,,,,,,,,,,,,,,,,,,,,,,,,
en-UK,Geopolitical,Care Quality Commission,FALSE,,,,,,,,,,,,,,,,,,,,,,,,
en-UK,Geopolitical,Careers Wales,FALSE,,,,,,,,,,,,,,,,,,,,,,,,
en-UK,Geopolitical,Central Advisory Committee on Compensation,FALSE,,,,,,,,,,,,,,,,,,,,,,,,
en-UK,Geopolitical,Central Arbitration Committee,FALSE,,,,,,,,,,,,,,,,,,,,,,,,
en-UK,Geopolitical,"Centre for Environment, Fisheries and Aquaculture Science",FALSE,,,,,,,,,,,,,,,,,,,,,,,,
en-UK,Geopolitical,Centre for the Protection of National Infrastructure,FALSE,,,,,,,,,,,,,,,,,,,,,,,,
en-UK,Geopolitical,Certification Officer,FALSE,,,,,,,,,,,,,,,,,,,,,,,,
en-UK,Geopolitical,Chevening Scholarship Programme,FALSE,,,,,,,,,,,,,,,,,,,,,,,,
en-UK,Geopolitical,Civil Justice Council,FALSE,,,,,,,,,,,,,,,,,,,,,,,,
en-UK,Geopolitical,Civil Nuclear Police Authority,FALSE,,,,,,,,,,,,,,,,,,,,,,,,
en-UK,Geopolitical,Civil Procedure Rule Committee,FALSE,,,,,,,,,,,,,,,,,,,,,,,,
en-UK,Geopolitical,Civil Service Commission,FALSE,,,,,,,,,,,,,,,,,,,,,,,,
en-UK,Geopolitical,Coal Authority,FALSE,,,,,,,,,,,,,,,,,,,,,,,,
en-UK,Geopolitical,Commission on Human Medicines,FALSE,,,,,,,,,,,,,,,,,,,,,,,,
en-UK,Geopolitical,Commissioner for Public Appointments,FALSE,,,,,,,,,,,,,,,,,,,,,,,,
en-UK,Geopolitical,Committee on Climate Change,FALSE,,,,,,,,,,,,,,,,,,,,,,,,
en-UK,Geopolitical,Committee on Fuel Poverty,FALSE,,,,,,,,,,,,,,,,,,,,,,,,
en-UK,Geopolitical,"Committee on Mutagenicity of Chemicals in Food, Consumer Products, & the Environment",FALSE,,,,,,,,,,,,,,,,,,,,,,,,
en-UK,Geopolitical,"Department for Business, Energy & Industrial Strategy",FALSE,,,,,,,,,,,,,,,,,,,,,,,,
en-UK,Geopolitical,"Department for Business, Energy, & Industrial Strategy",FALSE,,,,,,,,,,,,,,,,,,,,,,,,
en-UK,Geopolitical,"Department for Business, Energy and Industrial Strategy",FALSE,,,,,,,,,,,,,,,,,,,,,,,,
en-UK,Geopolitical,Committee on Radioactive Waste Management,FALSE,,,,,,,,,,,,,,,,,,,,,,,,
en-UK,Geopolitical,Committee on Standards in Public Life,FALSE,,,,,,,,,,,,,,,,,,,,,,,,
en-UK,Geopolitical,"Committee on Toxicity of Chemicals in Food, Consumer Products, & the Environment",FALSE,,,,,,,,,,,,,,,,,,,,,,,,
en-UK,Geopolitical,"Department for Digital, Culture, Media & Sport",FALSE,,,,,,,,,,,,,,,,,,,,,,,,
en-UK,Geopolitical,"Department for Digital, Culture, Media, & Sport",FALSE,,,,,,,,,,,,,,,,,,,,,,,,
en-UK,Geopolitical,"Department for Digital, Culture, Media and Sport",FALSE,,,,,,,,,,,,,,,,,,,,,,,,
en-UK,Geopolitical,Commonwealth Scholarship Commission in the UK,FALSE,,,,,,,,,,,,,,,,,,,,,,,,
en-UK,Geopolitical,Companies House,FALSE,,,,,,,,,,,,,,,,,,,,,,,,
en-UK,Geopolitical,"Department for Environment, Food & Rural Affairs",FALSE,,,,,,,,,,,,,,,,,,,,,,,,
en-UK,Geopolitical,"Department for Environment, Food, & Rural Affairs",FALSE,,,,,,,,,,,,,,,,,,,,,,,,
en-UK,Geopolitical,"Department for Environment, Food, and Rural Affairs",FALSE,,,,,,,,,,,,,,,,,,,,,,,,
en-UK,Geopolitical,Company Names Tribunal,FALSE,,,,,,,,,,,,,,,,,,,,,,,,
en-UK,Geopolitical,Competition Appeal Tribunal,FALSE,,,,,,,,,,,,,,,,,,,,,,,,
en-UK,Geopolitical,Competition Service,FALSE,,,,,,,,,,,,,,,,,,,,,,,,
en-UK,Geopolitical,Construction Industry Training Board,FALSE,,,,,,,,,,,,,,,,,,,,,,,,
en-UK,Geopolitical,Consumer Council for Water,FALSE,,,,,,,,,,,,,,,,,,,,,,,,
en-UK,Geopolitical,Copyright Tribunal,FALSE,,,,,,,,,,,,,,,,,,,,,,,,
en-UK,Geopolitical,Council for Science and Technology,FALSE,,,,,,,,,,,,,,,,,,,,,,,,
en-UK,Geopolitical,Covent Garden Market Authority,FALSE,,,,,,,,,,,,,,,,,,,,,,,,
en-UK,Geopolitical,Criminal Cases Review Commission,FALSE,,,,,,,,,,,,,,,,,,,,,,,,
en-UK,Geopolitical,Criminal Injuries Compensation Authority,FALSE,,,,,,,,,,,,,,,,,,,,,,,,
en-UK,Geopolitical,Criminal Procedure Rule Committee,FALSE,,,,,,,,,,,,,,,,,,,,,,,,
en-UK,Geopolitical,Crown Commercial Service,FALSE,,,,,,,,,,,,,,,,,,,,,,,,
en-UK,Geopolitical,Crown Estate,FALSE,,,,,,,,,,,,,,,,,,,,,,,,
en-UK,Geopolitical,Dartmoor National Park Authority,FALSE,,,,,,,,,,,,,,,,,,,,,,,,
en-UK,Geopolitical,Defence Academy of the United Kingdom,FALSE,,,,,,,,,,,,,,,,,,,,,,,,
en-UK,Geopolitical,Defence Electronics and Components Agency,FALSE,,,,,,,,,,,,,,,,,,,,,,,,
en-UK,Geopolitical,Defence Nuclear Safety Committee,FALSE,,,,,,,,,,,,,,,,,,,,,,,,
en-UK,Geopolitical,Defence Science and Technology Laboratory,FALSE,,,,,,,,,,,,,,,,,,,,,,,,
en-UK,Geopolitical,Defence Sixth Form College,FALSE,,,,,,,,,,,,,,,,,,,,,,,,
en-UK,Geopolitical,Defence and Security Media Advisory Committee,FALSE,,,,,,,,,,,,,,,,,,,,,,,,
en-UK,Geopolitical,Department for Communities (Northern Ireland),FALSE,,,,,,,,,,,,,,,,,,,,,,,,
en-UK,Geopolitical,DVS,TRUE,,,,,,,,,,,,,,,,,,,,,,,,
en-UK,Geopolitical,Department for Infrastructure (Northern Ireland),FALSE,,,,,,,,,,,,,,,,,,,,,,,,
en-UK,Geopolitical,Department for the Economy (Northern Ireland),FALSE,,,,,,,,,,,,,,,,,,,,,,,,
en-UK,Geopolitical,"Department of Agriculture, Environment and Rural Affairs (Northern Ireland)",FALSE,,,,,,,,,,,,,,,,,,,,,,,,
en-UK,Geopolitical,"Department of Culture, Arts and Leisure Northern Ireland",FALSE,,,,,,,,,,,,,,,,,,,,,,,,
en-UK,Geopolitical,Department of Education (Northern Ireland),FALSE,,,,,,,,,,,,,,,,,,,,,,,,
en-UK,Geopolitical,Department of Finance (Northern Ireland),FALSE,,,,,,,,,,,,,,,,,,,,,,,,
en-UK,Geopolitical,Department of Health (Northern Ireland),FALSE,,,,,,,,,,,,,,,,,,,,,,,,
en-UK,Geopolitical,Department of Justice (Northern Ireland),FALSE,,,,,,,,,,,,,,,,,,,,,,,,
en-UK,Geopolitical,Porton Biopharma Ltd,FALSE,,,,,,,,,,,,,,,,,,,,,,,,
en-UK,Geopolitical,Directly Operated Railways Ltd,FALSE,,,,,,,,,,,,,,,,,,,,,,,,
en-UK,Geopolitical,Disabled People’s Employment Corporation,FALSE,,,,,,,,,,,,,,,,,,,,,,,,
en-UK,Geopolitical,Disabled Persons Transport Advisory Committee,FALSE,,,,,,,,,,,,,,,,,,,,,,,,
en-UK,Geopolitical,Disclosure and Barring Service,FALSE,,,,,,,,,,,,,,,,,,,,,,,,
en-UK,Geopolitical,Drinking Water Inspectorate,FALSE,,,,,,,,,,,,,,,,,,,,,,,,
en-UK,Geopolitical,Driver and Vehicle Licensing Agency,FALSE,,,,,,,,,,,,,,,,,,,,,,,,
en-UK,Geopolitical,Driver and Vehicle Standards Agency,FALSE,,,,,,,,,,,,,,,,,,,,,,,,
en-UK,Geopolitical,Ebbsfleet Development Corporation,FALSE,,,,,,,,,,,,,,,,,,,,,,,,
en-UK,Geopolitical,Economic and Social Research Council,FALSE,,,,,,,,,,,,,,,,,,,,,,,,
en-UK,Geopolitical,Education and Skills Funding Agency,FALSE,,,,,,,,,,,,,,,,,,,,,,,,
en-UK,Geopolitical,Electoral Commission,FALSE,,,,,,,,,,,,,,,,,,,,,,,,
en-UK,Geopolitical,Engineering Construction Industry Training Board,FALSE,,,,,,,,,,,,,,,,,,,,,,,,
en-UK,Geopolitical,Engineering and Physical Sciences Research Council,FALSE,,,,,,,,,,,,,,,,,,,,,,,,
en-UK,Geopolitical,English Institute of Sport,FALSE,,,,,,,,,,,,,,,,,,,,,,,,
en-UK,Geopolitical,Environment Agency,FALSE,,,,,,,,,,,,,,,,,,,,,,,,
en-UK,Geopolitical,Equality and Human Rights Commission,FALSE,,,,,,,,,,,,,,,,,,,,,,,,
en-UK,Geopolitical,Estyn,FALSE,,,,,,,,,,,,,,,,,,,,,,,,
en-UK,Geopolitical,Department for International Trade Defence and Security Organisation,FALSE,,,,,,,,,,,,,,,,,,,,,,,,
en-UK,Geopolitical,Foreign & Commonwealth Office,FALSE,,,,,,,,,,,,,,,,,,,,,,,,
en-UK,Geopolitical,Executive Office (Northern Ireland),FALSE,,,,,,,,,,,,,,,,,,,,,,,,
en-UK,Geopolitical,Exmoor National Park Authority,FALSE,,,,,,,,,,,,,,,,,,,,,,,,
en-UK,Geopolitical,Export Guarantees Advisory Council,FALSE,,,,,,,,,,,,,,,,,,,,,,,,
en-UK,Geopolitical,FCO Services,FALSE,,,,,,,,,,,,,,,,,,,,,,,,
en-UK,Geopolitical,Family Justice Council,FALSE,,,,,,,,,,,,,,,,,,,,,,,,
en-UK,Geopolitical,Family Procedure Rule Committee,FALSE,,,,,,,,,,,,,,,,,,,,,,,,
en-UK,Geopolitical,Financial Conduct Authority,FALSE,,,,,,,,,,,,,,,,,,,,,,,,
en-UK,Geopolitical,Fire Service College,FALSE,,,,,,,,,,,,,,,,,,,,,,,,
en-UK,Geopolitical,Fleet Air Arm Museum,FALSE,,,,,,,,,,,,,,,,,,,,,,,,
en-UK,Geopolitical,Forensic Science Regulator,FALSE,,,,,,,,,,,,,,,,,,,,,,,,
en-UK,Geopolitical,Forest Enterprise (England),FALSE,,,,,,,,,,,,,,,,,,,,,,,,
en-UK,Geopolitical,Forest Research,FALSE,,,,,,,,,,,,,,,,,,,,,,,,
en-UK,Geopolitical,Gambling Commission,FALSE,,,,,,,,,,,,,,,,,,,,,,,,
en-UK,Geopolitical,Gangmasters Licensing Authority,FALSE,,,,,,,,,,,,,,,,,,,,,,,,
en-UK,Geopolitical,Geffrye Museum,FALSE,,,,,,,,,,,,,,,,,,,,,,,,
en-UK,Geopolitical,General Advisory Committee on Science,FALSE,,,,,,,,,,,,,,,,,,,,,,,,
en-UK,Geopolitical,Government Communications Headquarters,FALSE,,,,,,,,,,,,,,,,,,,,,,,,
en-UK,Geopolitical,Government Equalities Office,FALSE,,,,,,,,,,,,,,,,,,,,,,,,
en-UK,Geopolitical,Government Estates Management,FALSE,,,,,,,,,,,,,,,,,,,,,,,,
en-UK,Geopolitical,Government Internal Audit Agency,FALSE,,,,,,,,,,,,,,,,,,,,,,,,
en-UK,Geopolitical,Government Office for Science,FALSE,,,,,,,,,,,,,,,,,,,,,,,,
en-UK,Geopolitical,Great Britain-China Centre,FALSE,,,,,,,,,,,,,,,,,,,,,,,,
en-UK,Geopolitical,Groceries Code Adjudicator,FALSE,,,,,,,,,,,,,,,,,,,,,,,,
en-UK,Geopolitical,HM Courts & Tribunals Service,FALSE,,,,,,,,,,,,,,,,,,,,,,,,
en-UK,Geopolitical,HM Crown Prosecution Service Inspectorate,FALSE,,,,,,,,,,,,,,,,,,,,,,,,
en-UK,Geopolitical,HM Inspectorate of Constabulary,FALSE,,,,,,,,,,,,,,,,,,,,,,,,
en-UK,Geopolitical,HM Inspectorate of Prisons,FALSE,,,,,,,,,,,,,,,,,,,,,,,,
en-UK,Geopolitical,HM Inspectorate of Probation,FALSE,,,,,,,,,,,,,,,,,,,,,,,,
en-UK,Geopolitical,HM Prison Service,FALSE,,,,,,,,,,,,,,,,,,,,,,,,
en-UK,Geopolitical,Health Education England,FALSE,,,,,,,,,,,,,,,,,,,,,,,,
en-UK,Geopolitical,Health Research Authority,FALSE,,,,,,,,,,,,,,,,,,,,,,,,
en-UK,Geopolitical,Government Knowledge and Information Management Profession,FALSE,,,,,,,,,,,,,,,,,,,,,,,,
en-UK,Geopolitical,Government Science & Engineering Profession,FALSE,,,,,,,,,,,,,,,,,,,,,,,,
en-UK,Geopolitical,Health and Safety Executive,FALSE,,,,,,,,,,,,,,,,,,,,,,,,
en-UK,Geopolitical,Her Majesty's Government Communications Centre,FALSE,,,,,,,,,,,,,,,,,,,,,,,,
en-UK,Geopolitical,Her Majesty’s Prison and Probation Service,FALSE,,,,,,,,,,,,,,,,,,,,,,,,
en-UK,Geopolitical,Heritage Lottery Fund,FALSE,,,,,,,,,,,,,,,,,,,,,,,,
en-UK,Geopolitical,High Speed Two,FALSE,,,,,,,,,,,,,,,,,,,,,,,,
en-UK,Geopolitical,Higher Education Funding Council for England,FALSE,,,,,,,,,,,,,,,,,,,,,,,,
en-UK,Geopolitical,Highways England,FALSE,,,,,,,,,,,,,,,,,,,,,,,,
en-UK,Geopolitical,Historic England,FALSE,,,,,,,,,,,,,,,,,,,,,,,,
en-UK,Geopolitical,Homes and Communities Agency,FALSE,,,,,,,,,,,,,,,,,,,,,,,,
en-UK,Geopolitical,Horniman Public Museum and Public Park Trust,FALSE,,,,,,,,,,,,,,,,,,,,,,,,
en-UK,Geopolitical,Horserace Betting Levy Board,FALSE,,,,,,,,,,,,,,,,,,,,,,,,
en-UK,Geopolitical,House of Lords Appointments Commission,FALSE,,,,,,,,,,,,,,,,,,,,,,,,
en-UK,Geopolitical,Housing Ombudsman,FALSE,,,,,,,,,,,,,,,,,,,,,,,,
en-UK,Geopolitical,Human Fertilisation and Embryology Authority,FALSE,,,,,,,,,,,,,,,,,,,,,,,,
en-UK,Geopolitical,Human Tissue Authority,FALSE,,,,,,,,,,,,,,,,,,,,,,,,
en-UK,Geopolitical,HS2,TRUE,,,,,,,,,,,,,,,,,,,,,,,,
en-UK,Geopolitical,Imperial War Museum,FALSE,,,,,,,,,,,,,,,,,,,,,,,,
en-UK,Geopolitical,Independent Advisory Panel on Deaths in Custody,FALSE,,,,,,,,,,,,,,,,,,,,,,,,
en-UK,Geopolitical,Independent Agricultural Appeals Panel,FALSE,,,,,,,,,,,,,,,,,,,,,,,,
en-UK,Geopolitical,Independent Anti-slavery Commissioner,FALSE,,,,,,,,,,,,,,,,,,,,,,,,
en-UK,Geopolitical,Independent Case Examiner,FALSE,,,,,,,,,,,,,,,,,,,,,,,,
en-UK,Geopolitical,Independent Chief Inspector of Borders and Immigration,FALSE,,,,,,,,,,,,,,,,,,,,,,,,
en-UK,Geopolitical,Independent Commission for Aid Impact,FALSE,,,,,,,,,,,,,,,,,,,,,,,,
en-UK,Geopolitical,Independent Commission on Freedom of Information,FALSE,,,,,,,,,,,,,,,,,,,,,,,,
en-UK,Geopolitical,Independent Complaints Reviewer,FALSE,,,,,,,,,,,,,,,,,,,,,,,,
en-UK,Geopolitical,Independent Dormant Assets Commission,FALSE,,,,,,,,,,,,,,,,,,,,,,,,
en-UK,Geopolitical,Independent Family Returns Panel,FALSE,,,,,,,,,,,,,,,,,,,,,,,,
en-UK,Geopolitical,Independent Medical Expert Group,FALSE,,,,,,,,,,,,,,,,,,,,,,,,
en-UK,Geopolitical,Independent Monitoring Boards,FALSE,,,,,,,,,,,,,,,,,,,,,,,,
en-UK,Geopolitical,Independent Parliamentary Standards Authority,FALSE,,,,,,,,,,,,,,,,,,,,,,,,
en-UK,Geopolitical,HM Courts and Tribunals Service,FALSE,,,,,,,,,,,,,,,,,,,,,,,,
en-UK,Geopolitical,HM Revenue & Customs,FALSE,,,,,,,,,,,,,,,,,,,,,,,,
en-UK,Geopolitical,Independent Police Complaints Commission,FALSE,,,,,,,,,,,,,,,,,,,,,,,,
en-UK,Geopolitical,Independent Reconfiguration Panel,FALSE,,,,,,,,,,,,,,,,,,,,,,,,
en-UK,Geopolitical,Independent Reviewer of Terrorism Legislation,FALSE,,,,,,,,,,,,,,,,,,,,,,,,
en-UK,Geopolitical,Industrial Development Advisory Board,FALSE,,,,,,,,,,,,,,,,,,,,,,,,
en-UK,Geopolitical,Industrial Injuries Advisory Council,FALSE,,,,,,,,,,,,,,,,,,,,,,,,
en-UK,Geopolitical,Information Commissioner's Office,FALSE,,,,,,,,,,,,,,,,,,,,,,,,
en-UK,Geopolitical,Innovate UK,FALSE,,,,,,,,,,,,,,,,,,,,,,,,
en-UK,Geopolitical,Insolvency Practitioners Tribunal,FALSE,,,,,,,,,,,,,,,,,,,,,,,,
en-UK,Geopolitical,Insolvency Rules Committee,FALSE,,,,,,,,,,,,,,,,,,,,,,,,
en-UK,Geopolitical,Insolvency Service,FALSE,,,,,,,,,,,,,,,,,,,,,,,,
en-UK,Geopolitical,Institute for Apprenticeships,FALSE,,,,,,,,,,,,,,,,,,,,,,,,
en-UK,Geopolitical,Intellectual Property Office,FALSE,,,,,,,,,,,,,,,,,,,,,,,,
en-UK,Geopolitical,Intelligence Services Commissioner,FALSE,,,,,,,,,,,,,,,,,,,,,,,,
en-UK,Geopolitical,Interception of Communications Commissioner,FALSE,,,,,,,,,,,,,,,,,,,,,,,,
en-UK,Geopolitical,Investigatory Powers Tribunal,FALSE,,,,,,,,,,,,,,,,,,,,,,,,
en-UK,Geopolitical,Iraq Inquiry,FALSE,,,,,,,,,,,,,,,,,,,,,,,,
en-UK,Geopolitical,Joint Nature Conservation Committee,FALSE,,,,,,,,,,,,,,,,,,,,,,,,
en-UK,Geopolitical,Judicial Appointments Commission,FALSE,,,,,,,,,,,,,,,,,,,,,,,,
en-UK,Geopolitical,Judicial Appointments and Conduct Ombudsman,FALSE,,,,,,,,,,,,,,,,,,,,,,,,
en-UK,Geopolitical,Judicial Office,FALSE,,,,,,,,,,,,,,,,,,,,,,,,
en-UK,Geopolitical,Lake District National Park Authority,FALSE,,,,,,,,,,,,,,,,,,,,,,,,
en-UK,Geopolitical,Lammy Review,FALSE,,,,,,,,,,,,,,,,,,,,,,,,
en-UK,Geopolitical,Land Registration Rule Committee,FALSE,,,,,,,,,,,,,,,,,,,,,,,,
en-UK,Geopolitical,Law Commission,FALSE,,,,,,,,,,,,,,,,,,,,,,,,
en-UK,Geopolitical,Leasehold Advisory Service,FALSE,,,,,,,,,,,,,,,,,,,,,,,,
en-UK,Geopolitical,Legal Aid Agency,FALSE,,,,,,,,,,,,,,,,,,,,,,,,
en-UK,Geopolitical,Legal Ombudsman,FALSE,,,,,,,,,,,,,,,,,,,,,,,,
en-UK,Geopolitical,Legal Services Board,FALSE,,,,,,,,,,,,,,,,,,,,,,,,
en-UK,Geopolitical,Local Government Ombudsman,FALSE,,,,,,,,,,,,,,,,,,,,,,,,
en-UK,Geopolitical,Low Pay Commission,FALSE,,,,,,,,,,,,,,,,,,,,,,,,
en-UK,Geopolitical,Macur Review,FALSE,,,,,,,,,,,,,,,,,,,,,,,,
en-UK,Geopolitical,Marine Accident Investigation Branch,FALSE,,,,,,,,,,,,,,,,,,,,,,,,
en-UK,Geopolitical,Marine Management Organisation,FALSE,,,,,,,,,,,,,,,,,,,,,,,,
en-UK,Geopolitical,Maritime and Coastguard Agency,FALSE,,,,,,,,,,,,,,,,,,,,,,,,
en-UK,Geopolitical,Marshall Aid Commemoration Commission,FALSE,,,,,,,,,,,,,,,,,,,,,,,,
en-UK,Geopolitical,Medical Research Council,FALSE,,,,,,,,,,,,,,,,,,,,,,,,
en-UK,Geopolitical,Medicines and Healthcare products Regulatory Agency,FALSE,,,,,,,,,,,,,,,,,,,,,,,,
en-UK,Geopolitical,Met Office,FALSE,,,,,,,,,,,,,,,,,,,,,,,,
en-UK,Geopolitical,Migration Advisory Committee,FALSE,,,,,,,,,,,,,,,,,,,,,,,,
en-UK,Geopolitical,Morecambe Bay Investigation,FALSE,,,,,,,,,,,,,,,,,,,,,,,,
en-UK,Geopolitical,NHS Blood and Transplant,FALSE,,,,,,,,,,,,,,,,,,,,,,,,
en-UK,Geopolitical,NHS Business Services Authority,FALSE,,,,,,,,,,,,,,,,,,,,,,,,
en-UK,Geopolitical,NHS Digital,FALSE,,,,,,,,,,,,,,,,,,,,,,,,
en-UK,Geopolitical,NHS England,FALSE,,,,,,,,,,,,,,,,,,,,,,,,
en-UK,Geopolitical,NHS Improvement,FALSE,,,,,,,,,,,,,,,,,,,,,,,,
en-UK,Geopolitical,NHS Litigation Authority,FALSE,,,,,,,,,,,,,,,,,,,,,,,,
en-UK,Geopolitical,NHS Pay Review Body,FALSE,,,,,,,,,,,,,,,,,,,,,,,,
en-UK,Geopolitical,NHS Wales Informatics Service,FALSE,,,,,,,,,,,,,,,,,,,,,,,,
en-UK,Geopolitical,National Army Museum,FALSE,,,,,,,,,,,,,,,,,,,,,,,,
en-UK,Geopolitical,National College for Teaching and Leadership,FALSE,,,,,,,,,,,,,,,,,,,,,,,,
en-UK,Geopolitical,National Counter Terrorism Security Office,FALSE,,,,,,,,,,,,,,,,,,,,,,,,
en-UK,Geopolitical,National Crime Agency Remuneration Review Body,FALSE,,,,,,,,,,,,,,,,,,,,,,,,
en-UK,Geopolitical,National DNA Database Ethics Group,FALSE,,,,,,,,,,,,,,,,,,,,,,,,
en-UK,Geopolitical,National Data Guardian,FALSE,,,,,,,,,,,,,,,,,,,,,,,,
en-UK,Geopolitical,National Employer Advisory Board,FALSE,,,,,,,,,,,,,,,,,,,,,,,,
en-UK,Geopolitical,National Employment Savings Trust,FALSE,,,,,,,,,,,,,,,,,,,,,,,,
en-UK,Geopolitical,National Forest Company,FALSE,,,,,,,,,,,,,,,,,,,,,,,,
en-UK,Geopolitical,National Gallery,FALSE,,,,,,,,,,,,,,,,,,,,,,,,
en-UK,Geopolitical,National Heritage Memorial Fund,FALSE,,,,,,,,,,,,,,,,,,,,,,,,
en-UK,Geopolitical,National Information Board,FALSE,,,,,,,,,,,,,,,,,,,,,,,,
en-UK,Geopolitical,National Infrastructure Commission,FALSE,,,,,,,,,,,,,,,,,,,,,,,,
en-UK,Geopolitical,National Institute for Health and Care Excellence,FALSE,,,,,,,,,,,,,,,,,,,,,,,,
en-UK,Geopolitical,National Museum of the Royal Navy,FALSE,,,,,,,,,,,,,,,,,,,,,,,,
en-UK,Geopolitical,National Museums Liverpool,FALSE,,,,,,,,,,,,,,,,,,,,,,,,
en-UK,Geopolitical,National Portrait Gallery,FALSE,,,,,,,,,,,,,,,,,,,,,,,,
en-UK,Geopolitical,National Probation Service,FALSE,,,,,,,,,,,,,,,,,,,,,,,,
en-UK,Geopolitical,Natural England,FALSE,,,,,,,,,,,,,,,,,,,,,,,,
en-UK,Geopolitical,Natural Environment Research Council,FALSE,,,,,,,,,,,,,,,,,,,,,,,,
en-UK,Geopolitical,Natural History Museum,FALSE,,,,,,,,,,,,,,,,,,,,,,,,
en-UK,Geopolitical,Natural Resources Wales,FALSE,,,,,,,,,,,,,,,,,,,,,,,,
en-UK,Geopolitical,New Forest National Park Authority,FALSE,,,,,,,,,,,,,,,,,,,,,,,,
en-UK,Geopolitical,North York Moors National Park Authority,FALSE,,,,,,,,,,,,,,,,,,,,,,,,
en-UK,Geopolitical,Northern Ireland Housing Executive,FALSE,,,,,,,,,,,,,,,,,,,,,,,,
en-UK,Geopolitical,Northern Ireland Human Rights Commission,FALSE,,,,,,,,,,,,,,,,,,,,,,,,
en-UK,Geopolitical,Northern Ireland Policing Board,FALSE,,,,,,,,,,,,,,,,,,,,,,,,
en-UK,Geopolitical,Northern Ireland Statistics and Research Agency,FALSE,,,,,,,,,,,,,,,,,,,,,,,,
en-UK,Geopolitical,Northern Lighthouse Board,FALSE,,,,,,,,,,,,,,,,,,,,,,,,
en-UK,Geopolitical,Northumberland National Park Authority,FALSE,,,,,,,,,,,,,,,,,,,,,,,,
en-UK,Geopolitical,Nuclear Decommissioning Authority,FALSE,,,,,,,,,,,,,,,,,,,,,,,,
en-UK,Geopolitical,Nuclear Liabilities Financing Assurance Board,FALSE,,,,,,,,,,,,,,,,,,,,,,,,
en-UK,Geopolitical,Nuclear Research Advisory Council,FALSE,,,,,,,,,,,,,,,,,,,,,,,,
en-UK,Geopolitical,Ofcom,FALSE,,,,,,,,,,,,,,,,,,,,,,,,
en-UK,Geopolitical,NEST,TRUE,,,,,,,,,,,,,,,,,,,,,,,,
en-UK,Geopolitical,Office for Budget Responsibility,FALSE,,,,,,,,,,,,,,,,,,,,,,,,
en-UK,Geopolitical,Office for Fair Access,FALSE,,,,,,,,,,,,,,,,,,,,,,,,
en-UK,Geopolitical,Office for National Statistics,FALSE,,,,,,,,,,,,,,,,,,,,,,,,
en-UK,Geopolitical,Office of Manpower Economics,FALSE,,,,,,,,,,,,,,,,,,,,,,,,
en-UK,Geopolitical,Office of Surveillance Commissioners,FALSE,,,,,,,,,,,,,,,,,,,,,,,,
en-UK,Geopolitical,Office of Tax Simplification,FALSE,,,,,,,,,,,,,,,,,,,,,,,,
en-UK,Geopolitical,Office of the Children's Commissioner,FALSE,,,,,,,,,,,,,,,,,,,,,,,,
en-UK,Geopolitical,Office of the Immigration Services Commissioner,FALSE,,,,,,,,,,,,,,,,,,,,,,,,
en-UK,Geopolitical,Office of the Public Guardian,FALSE,,,,,,,,,,,,,,,,,,,,,,,,
en-UK,Geopolitical,Office of the Registrar of Consultant Lobbyists,FALSE,,,,,,,,,,,,,,,,,,,,,,,,
en-UK,Geopolitical,Office of the Regulator of Community Interest Companies,FALSE,,,,,,,,,,,,,,,,,,,,,,,,
en-UK,Geopolitical,Office of the Schools Adjudicator,FALSE,,,,,,,,,,,,,,,,,,,,,,,,
en-UK,Geopolitical,Official Solicitor and Public Trustee,FALSE,,,,,,,,,,,,,,,,,,,,,,,,
en-UK,Geopolitical,Oil and Gas Authority,FALSE,,,,,,,,,,,,,,,,,,,,,,,,
en-UK,Geopolitical,Parades Commission for Northern Ireland,FALSE,,,,,,,,,,,,,,,,,,,,,,,,
en-UK,Geopolitical,Parliamentary and Health Service Ombudsman,FALSE,,,,,,,,,,,,,,,,,,,,,,,,
en-UK,Geopolitical,Parole Board,FALSE,,,,,,,,,,,,,,,,,,,,,,,,
en-UK,Geopolitical,Payment Systems Regulator,FALSE,,,,,,,,,,,,,,,,,,,,,,,,
en-UK,Geopolitical,Peak District National Park Authority,FALSE,,,,,,,,,,,,,,,,,,,,,,,,
en-UK,Geopolitical,Pension Protection Fund Ombudsman,FALSE,,,,,,,,,,,,,,,,,,,,,,,,
en-UK,Geopolitical,Pensions Advisory Service,FALSE,,,,,,,,,,,,,,,,,,,,,,,,
en-UK,Geopolitical,Pensions Ombudsman,FALSE,,,,,,,,,,,,,,,,,,,,,,,,
en-UK,Geopolitical,Pensions Regulator,FALSE,,,,,,,,,,,,,,,,,,,,,,,,
en-UK,Geopolitical,Planning Inspectorate,FALSE,,,,,,,,,,,,,,,,,,,,,,,,
en-UK,Geopolitical,Plant Varieties and Seeds Tribunal,FALSE,,,,,,,,,,,,,,,,,,,,,,,,
en-UK,Geopolitical,Police Advisory Board for England and Wales,FALSE,,,,,,,,,,,,,,,,,,,,,,,,
en-UK,Geopolitical,Police Discipline Appeals Tribunal,FALSE,,,,,,,,,,,,,,,,,,,,,,,,
en-UK,Geopolitical,Police Remuneration Review Body,FALSE,,,,,,,,,,,,,,,,,,,,,,,,
en-UK,Geopolitical,Porton Biopharma Limited,FALSE,,,,,,,,,,,,,,,,,,,,,,,,
en-UK,Geopolitical,Porton Biopharma Limited,FALSE,,,,,,,,,,,,,,,,,,,,,,,,
en-UK,Geopolitical,Prison Service Pay Review Body,FALSE,,,,,,,,,,,,,,,,,,,,,,,,
en-UK,Geopolitical,Prisons and Probation Ombudsman,FALSE,,,,,,,,,,,,,,,,,,,,,,,,
en-UK,Geopolitical,Privy Council Office,FALSE,,,,,,,,,,,,,,,,,,,,,,,,
en-UK,Geopolitical,Probation Board for Northern Ireland,FALSE,,,,,,,,,,,,,,,,,,,,,,,,
en-UK,Geopolitical,Professional Standards Authority for Health and Social Care,FALSE,,,,,,,,,,,,,,,,,,,,,,,,
en-UK,Geopolitical,NS&I,FALSE,,,,,,,,,,,,,,,,,,,,,,,,
en-UK,Geopolitical,Public Health England,FALSE,,,,,,,,,,,,,,,,,,,,,,,,
en-UK,Geopolitical,Public Health Wales,FALSE,,,,,,,,,,,,,,,,,,,,,,,,
en-UK,Geopolitical,Public Prosecution Service for Northern Ireland,FALSE,,,,,,,,,,,,,,,,,,,,,,,,
en-UK,Geopolitical,Pubs Code Adjudicator,FALSE,,,,,,,,,,,,,,,,,,,,,,,,
en-UK,Geopolitical,Queen Elizabeth II Conference Centre,FALSE,,,,,,,,,,,,,,,,,,,,,,,,
en-UK,Geopolitical,Radioactive Waste Management,FALSE,,,,,,,,,,,,,,,,,,,,,,,,
en-UK,Geopolitical,Rail Accident Investigation Branch,FALSE,,,,,,,,,,,,,,,,,,,,,,,,
en-UK,Geopolitical,Rail Safety and Standards Board,FALSE,,,,,,,,,,,,,,,,,,,,,,,,
en-UK,Geopolitical,Regulator of Social Housing,FALSE,,,,,,,,,,,,,,,,,,,,,,,,
en-UK,Geopolitical,Regulatory Policy Committee,FALSE,,,,,,,,,,,,,,,,,,,,,,,,
en-UK,Geopolitical,Reserve Forces' and Cadets' Associations,FALSE,,,,,,,,,,,,,,,,,,,,,,,,
en-UK,Geopolitical,Review Body on Doctors' and Dentists' Remuneration,FALSE,,,,,,,,,,,,,,,,,,,,,,,,
en-UK,Geopolitical,Reviewing Committee on the Export of Works of Art and Objects of Cultural Interest,FALSE,,,,,,,,,,,,,,,,,,,,,,,,
en-UK,Geopolitical,Royal Air Force Museum,FALSE,,,,,,,,,,,,,,,,,,,,,,,,
en-UK,Geopolitical,Royal Armouries Museum,FALSE,,,,,,,,,,,,,,,,,,,,,,,,
en-UK,Geopolitical,Royal Marines Museum,FALSE,,,,,,,,,,,,,,,,,,,,,,,,
en-UK,Geopolitical,Royal Mint,FALSE,,,,,,,,,,,,,,,,,,,,,,,,
en-UK,Geopolitical,Royal Mint Advisory Committee,FALSE,,,,,,,,,,,,,,,,,,,,,,,,
en-UK,Geopolitical,Royal Museums Greenwich,FALSE,,,,,,,,,,,,,,,,,,,,,,,,
en-UK,Geopolitical,Royal Navy Submarine Museum,FALSE,,,,,,,,,,,,,,,,,,,,,,,,
en-UK,Geopolitical,Royal Parks,FALSE,,,,,,,,,,,,,,,,,,,,,,,,
en-UK,Geopolitical,Rural Payments Agency,FALSE,,,,,,,,,,,,,,,,,,,,,,,,
en-UK,Geopolitical,S4C,FALSE,,,,,,,,,,,,,,,,,,,,,,,,
en-UK,Geopolitical,School Teachers' Review Body,FALSE,,,,,,,,,,,,,,,,,,,,,,,,
en-UK,Geopolitical,Science Advisory Council,FALSE,,,,,,,,,,,,,,,,,,,,,,,,
en-UK,Geopolitical,Science Museum Group,FALSE,,,,,,,,,,,,,,,,,,,,,,,,
en-UK,Geopolitical,Science and Technology Facilities Council,FALSE,,,,,,,,,,,,,,,,,,,,,,,,
en-UK,Geopolitical,Scientific Advisory Committee on the Medical Implications of Less-Lethal Weapons,FALSE,,,,,,,,,,,,,,,,,,,,,,,,
en-UK,Geopolitical,Sea Fish Industry Authority,FALSE,,,,,,,,,,,,,,,,,,,,,,,,
en-UK,Geopolitical,Secret Intelligence Service,FALSE,,,,,,,,,,,,,,,,,,,,,,,,
en-UK,Geopolitical,Security Industry Authority,FALSE,,,,,,,,,,,,,,,,,,,,,,,,
en-UK,Geopolitical,Security Service,FALSE,,,,,,,,,,,,,,,,,,,,,,,,
en-UK,Geopolitical,Security Vetting Appeals Panel,FALSE,,,,,,,,,,,,,,,,,,,,,,,,
en-UK,Geopolitical,Sellafield Ltd,FALSE,,,,,,,,,,,,,,,,,,,,,,,,
en-UK,Geopolitical,Sellafield Limited,FALSE,,,,,,,,,,,,,,,,,,,,,,,,
en-UK,Geopolitical,Senior Salaries Review Body,FALSE,,,,,,,,,,,,,,,,,,,,,,,,
en-UK,Geopolitical,Sentencing Council for England and Wales,FALSE,,,,,,,,,,,,,,,,,,,,,,,,
en-UK,Geopolitical,Service Complaints Ombudsman,FALSE,,,,,,,,,,,,,,,,,,,,,,,,
en-UK,Geopolitical,Service Prosecuting Authority,FALSE,,,,,,,,,,,,,,,,,,,,,,,,
en-UK,Geopolitical,Single Source Regulations Office,FALSE,,,,,,,,,,,,,,,,,,,,,,,,
en-UK,Geopolitical,Sir John Soane's Museum,FALSE,,,,,,,,,,,,,,,,,,,,,,,,
en-UK,Geopolitical,Social Mobility Commission,FALSE,,,,,,,,,,,,,,,,,,,,,,,,
en-UK,Geopolitical,Social Science Research Committee,FALSE,,,,,,,,,,,,,,,,,,,,,,,,
en-UK,Geopolitical,Social Security Advisory Committee,FALSE,,,,,,,,,,,,,,,,,,,,,,,,
en-UK,Geopolitical,South Downs National Park Authority,FALSE,,,,,,,,,,,,,,,,,,,,,,,,
en-UK,Geopolitical,Sport England,FALSE,,,,,,,,,,,,,,,,,,,,,,,,
en-UK,Geopolitical,Sports Council for Wales,FALSE,,,,,,,,,,,,,,,,,,,,,,,,
en-UK,Geopolitical,Sports Grounds Safety Authority,FALSE,,,,,,,,,,,,,,,,,,,,,,,,
en-UK,Geopolitical,Stabilisation Unit,FALSE,,,,,,,,,,,,,,,,,,,,,,,,
en-UK,Geopolitical,Standards and Testing Agency,FALSE,,,,,,,,,,,,,,,,,,,,,,,,
en-UK,Geopolitical,Student Loans Company,FALSE,,,,,,,,,,,,,,,,,,,,,,,,
en-UK,Geopolitical,Surveillance Camera Commissioner,FALSE,,,,,,,,,,,,,,,,,,,,,,,,
en-UK,Geopolitical,Tate,FALSE,,,,,,,,,,,,,,,,,,,,,,,,
en-UK,Geopolitical,Technical Advisory Board,FALSE,,,,,,,,,,,,,,,,,,,,,,,,
en-UK,Geopolitical,Theatres Trust,FALSE,,,,,,,,,,,,,,,,,,,,,,,,
en-UK,Geopolitical,Traffic Commissioners for Great Britain,FALSE,,,,,,,,,,,,,,,,,,,,,,,,
en-UK,Geopolitical,Transport Focus,FALSE,,,,,,,,,,,,,,,,,,,,,,,,
en-UK,Geopolitical,Treasure Valuation Committee,FALSE,,,,,,,,,,,,,,,,,,,,,,,,
en-UK,Geopolitical,Tribunal Procedure Committee,FALSE,,,,,,,,,,,,,,,,,,,,,,,,
en-UK,Geopolitical,Trinity House,FALSE,,,,,,,,,,,,,,,,,,,,,,,,
en-UK,Geopolitical,UK Anti-Doping,FALSE,,,,,,,,,,,,,,,,,,,,,,,,
en-UK,Geopolitical,UK Atomic Energy Authority,FALSE,,,,,,,,,,,,,,,,,,,,,,,,
en-UK,Geopolitical,UK Co-ordinating Body,FALSE,,,,,,,,,,,,,,,,,,,,,,,,
en-UK,Geopolitical,UK Debt Management Office,FALSE,,,,,,,,,,,,,,,,,,,,,,,,
en-UK,Geopolitical,UK Financial Investments Limited,FALSE,,,,,,,,,,,,,,,,,,,,,,,,
en-UK,Geopolitical,UK Financial Investments Ltd,FALSE,,,,,,,,,,,,,,,,,,,,,,,,
en-UK,Geopolitical,UK Government Investments,FALSE,,,,,,,,,,,,,,,,,,,,,,,,
en-UK,Geopolitical,UK Green Investment Bank,FALSE,,,,,,,,,,,,,,,,,,,,,,,,
en-UK,Geopolitical,UK Holocaust Memorial Foundation,FALSE,,,,,,,,,,,,,,,,,,,,,,,,
en-UK,Geopolitical,UK Hydrographic Office,FALSE,,,,,,,,,,,,,,,,,,,,,,,,
en-UK,Geopolitical,UK Space Agency,FALSE,,,,,,,,,,,,,,,,,,,,,,,,
en-UK,Geopolitical,UK Sport,FALSE,,,,,,,,,,,,,,,,,,,,,,,,
en-UK,Geopolitical,United Kingdom Reserve Forces Association,FALSE,,,,,,,,,,,,,,,,,,,,,,,,
en-UK,Geopolitical,Valuation Office Agency,FALSE,,,,,,,,,,,,,,,,,,,,,,,,
en-UK,Geopolitical,Valuation Tribunal Service,FALSE,,,,,,,,,,,,,,,,,,,,,,,,
en-UK,Geopolitical,Valuation Tribunal for England,FALSE,,,,,,,,,,,,,,,,,,,,,,,,
en-UK,Geopolitical,Vehicle Certification Agency,FALSE,,,,,,,,,,,,,,,,,,,,,,,,
en-UK,Geopolitical,Veterans Advisory and Pensions Committees,FALSE,,,,,,,,,,,,,,,,,,,,,,,,
en-UK,Geopolitical,Veterinary Medicines Directorate,FALSE,,,,,,,,,,,,,,,,,,,,,,,,
en-UK,Geopolitical,Veterinary Products Committee,FALSE,,,,,,,,,,,,,,,,,,,,,,,,
en-UK,Geopolitical,Victims' Commissioner,FALSE,,,,,,,,,,,,,,,,,,,,,,,,
en-UK,Geopolitical,Victoria and Albert Museum,FALSE,,,,,,,,,,,,,,,,,,,,,,,,
en-UK,Geopolitical,VisitBritain,FALSE,,,,,,,,,,,,,,,,,,,,,,,,
en-UK,Geopolitical,VisitEngland,FALSE,,,,,,,,,,,,,,,,,,,,,,,,
en-UK,Geopolitical,Wales Audit Office,FALSE,,,,,,,,,,,,,,,,,,,,,,,,
en-UK,Geopolitical,Wallace Collection,FALSE,,,,,,,,,,,,,,,,,,,,,,,,
en-UK,Geopolitical,Welsh Language Commissioner,FALSE,,,,,,,,,,,,,,,,,,,,,,,,
en-UK,Geopolitical,Westminster Foundation for Democracy,FALSE,,,,,,,,,,,,,,,,,,,,,,,,
en-UK,Geopolitical,Wilton Park,FALSE,,,,,,,,,,,,,,,,,,,,,,,,
en-UK,Geopolitical,Yorkshire Dales National Park Authority,FALSE,,,,,,,,,,,,,,,,,,,,,,,,
en-UK,Geopolitical,Youth Justice Board for England and Wales,FALSE,,,,,,,,,,,,,,,,,,,,,,,,
en-UK,Geopolitical,Bona Vacantia,FALSE,,,,,,,,,,,,,,,,,,,,,,,,
en-UK,Geopolitical,Border Force,FALSE,,,,,,,,,,,,,,,,,,,,,,,,
en-UK,Geopolitical,British Cattle Movement Service,FALSE,,,,,,,,,,,,,,,,,,,,,,,,
en-UK,Geopolitical,Cabinet Office Board,FALSE,,,,,,,,,,,,,,,,,,,,,,,,
en-UK,Geopolitical,Chief Fire and Rescue Adviser,FALSE,,,,,,,,,,,,,,,,,,,,,,,,
en-UK,Geopolitical,Civil Nuclear Constabulary,FALSE,,,,,,,,,,,,,,,,,,,,,,,,
en-UK,Geopolitical,Civil Service Board,FALSE,,,,,,,,,,,,,,,,,,,,,,,,
en-UK,Geopolitical,Civil Service Fast Stream,FALSE,,,,,,,,,,,,,,,,,,,,,,,,
en-UK,Geopolitical,Civil Service Fast Track Apprenticeship,FALSE,,,,,,,,,,,,,,,,,,,,,,,,
en-UK,Geopolitical,Civil Service Reform,FALSE,,,,,,,,,,,,,,,,,,,,,,,,
en-UK,Geopolitical,Civil Service Resourcing,FALSE,,,,,,,,,,,,,,,,,,,,,,,,
en-UK,Geopolitical,Counter Fraud and Security Management Service,FALSE,,,,,,,,,,,,,,,,,,,,,,,,
en-UK,Geopolitical,Defence Equipment and Support,FALSE,,,,,,,,,,,,,,,,,,,,,,,,
en-UK,Geopolitical,Defence Infrastructure Organisation,FALSE,,,,,,,,,,,,,,,,,,,,,,,,
en-UK,Geopolitical,Defence Safety Authority,FALSE,,,,,,,,,,,,,,,,,,,,,,,,
en-UK,Geopolitical,Defence and Security Accelerator,FALSE,,,,,,,,,,,,,,,,,,,,,,,,
en-UK,Geopolitical,Department for International Trade Defence & Security Organisation,FALSE,,,,,,,,,,,,,,,,,,,,,,,,
en-UK,Geopolitical,"Digital, data and technology professions",FALSE,,,,,,,,,,,,,,,,,,,,,,,,
en-UK,Geopolitical,District Valuer Services,FALSE,,,,,,,,,,,,,,,,,,,,,,,,
en-UK,Geopolitical,Export Control Organisation,FALSE,,,,,,,,,,,,,,,,,,,,,,,,
en-UK,Geopolitical,Financial Services Organisation,FALSE,,,,,,,,,,,,,,,,,,,,,,,,
en-UK,Geopolitical,Financial Services Trade and Investment Board,FALSE,,,,,,,,,,,,,,,,,,,,,,,,
en-UK,Geopolitical,Government Chemist,FALSE,,,,,,,,,,,,,,,,,,,,,,,,
en-UK,Geopolitical,Government Commercial Function,FALSE,,,,,,,,,,,,,,,,,,,,,,,,
en-UK,Geopolitical,Government Communication Service,FALSE,,,,,,,,,,,,,,,,,,,,,,,,
en-UK,Geopolitical,Government Corporate Finance Profession,FALSE,,,,,,,,,,,,,,,,,,,,,,,,
en-UK,Geopolitical,Government Digital Service,FALSE,,,,,,,,,,,,,,,,,,,,,,,,
en-UK,Geopolitical,Government Economic Service,FALSE,,,,,,,,,,,,,,,,,,,,,,,,
en-UK,Geopolitical,Government Finance Profession,FALSE,,,,,,,,,,,,,,,,,,,,,,,,
en-UK,Geopolitical,Government IT Profession,FALSE,,,,,,,,,,,,,,,,,,,,,,,,
en-UK,Geopolitical,Government Knowledge & Information Management Profession,FALSE,,,,,,,,,,,,,,,,,,,,,,,,
en-UK,Geopolitical,Government Legal Service,FALSE,,,,,,,,,,,,,,,,,,,,,,,,
en-UK,Geopolitical,Government Occupational Psychology Profession,FALSE,,,,,,,,,,,,,,,,,,,,,,,,
en-UK,Geopolitical,Government Operational Research Service,FALSE,,,,,,,,,,,,,,,,,,,,,,,,
en-UK,Geopolitical,Government Planning Inspectors,FALSE,,,,,,,,,,,,,,,,,,,,,,,,
en-UK,Geopolitical,Government Planning Profession,FALSE,,,,,,,,,,,,,,,,,,,,,,,,
en-UK,Geopolitical,Government Property Profession,FALSE,,,,,,,,,,,,,,,,,,,,,,,,
en-UK,Geopolitical,Government Science and Engineering Profession,FALSE,,,,,,,,,,,,,,,,,,,,,,,,
en-UK,Geopolitical,Government Security Profession,FALSE,,,,,,,,,,,,,,,,,,,,,,,,
en-UK,Geopolitical,Government Social Research Profession,FALSE,,,,,,,,,,,,,,,,,,,,,,,,
en-UK,Geopolitical,Government Statistical Service,FALSE,,,,,,,,,,,,,,,,,,,,,,,,
en-UK,Geopolitical,Government Tax Profession,FALSE,,,,,,,,,,,,,,,,,,,,,,,,
en-UK,Geopolitical,Government Veterinary Services,FALSE,,,,,,,,,,,,,,,,,,,,,,,,
en-UK,Geopolitical,HM Nautical Almanac Office,FALSE,,,,,,,,,,,,,,,,,,,,,,,,
en-UK,Geopolitical,HM Passport Office,FALSE,,,,,,,,,,,,,,,,,,,,,,,,
en-UK,Geopolitical,Healthcare UK,FALSE,,,,,,,,,,,,,,,,,,,,,,,,
en-UK,Geopolitical,Human Resources Profession,FALSE,,,,,,,,,,,,,,,,,,,,,,,,
en-UK,Geopolitical,Immigration Enforcement,FALSE,,,,,,,,,,,,,,,,,,,,,,,,
en-UK,Geopolitical,Infrastructure and Projects Authority,FALSE,,,,,,,,,,,,,,,,,,,,,,,,
en-UK,Geopolitical,Intelligence Analysis,FALSE,,,,,,,,,,,,,,,,,,,,,,,,
en-UK,Geopolitical,Internal Audit Profession,FALSE,,,,,,,,,,,,,,,,,,,,,,,,
en-UK,Geopolitical,Joint Forces Command,FALSE,,,,,,,,,,,,,,,,,,,,,,,,
en-UK,Geopolitical,Medical Profession,FALSE,,,,,,,,,,,,,,,,,,,,,,,,
en-UK,Geopolitical,UK Coordinating Body,FALSE,,,,,,,,,,,,,,,,,,,,,,,,
en-UK,Geopolitical,Military Aviation Authority,FALSE,,,,,,,,,,,,,,,,,,,,,,,,
en-UK,Geopolitical,National Cyber Security Centre,FALSE,,,,,,,,,,,,,,,,,,,,,,,,
en-UK,Geopolitical,National security and intelligence,FALSE,,,,,,,,,,,,,,,,,,,,,,,,
en-UK,Geopolitical,Office for Disability Issues,FALSE,,,,,,,,,,,,,,,,,,,,,,,,
en-UK,Geopolitical,Office for Life Sciences,FALSE,,,,,,,,,,,,,,,,,,,,,,,,
en-UK,Geopolitical,Office for Low Emission Vehicles,FALSE,,,,,,,,,,,,,,,,,,,,,,,,
en-UK,Geopolitical,Office of Financial Sanctions Implementation,FALSE,,,,,,,,,,,,,,,,,,,,,,,,
en-UK,Geopolitical,Office of the Parliamentary Counsel,FALSE,,,,,,,,,,,,,,,,,,,,,,,,
en-UK,Geopolitical,Open Public Services,FALSE,,,,,,,,,,,,,,,,,,,,,,,,
en-UK,Geopolitical,Operational Delivery Profession,FALSE,,,,,,,,,,,,,,,,,,,,,,,,
en-UK,Geopolitical,Policy Profession,FALSE,,,,,,,,,,,,,,,,,,,,,,,,
en-UK,Geopolitical,Preventing Sexual Violence Initiative,FALSE,,,,,,,,,,,,,,,,,,,,,,,,
en-UK,Geopolitical,Procurement profession,FALSE,,,,,,,,,,,,,,,,,,,,,,,,
en-UK,Geopolitical,Project Delivery Profession,FALSE,,,,,,,,,,,,,,,,,,,,,,,,
en-UK,Geopolitical,Queen's Harbour Master,FALSE,,,,,,,,,,,,,,,,,,,,,,,,
en-UK,Geopolitical,Regulatory Delivery,FALSE,,,,,,,,,,,,,,,,,,,,,,,,
en-UK,Geopolitical,Rural Development Programme for England Network,FALSE,,,,,,,,,,,,,,,,,,,,,,,,
en-UK,Geopolitical,Schools Commissioners Group,FALSE,,,,,,,,,,,,,,,,,,,,,,,,
en-UK,Geopolitical,UK Visas and Immigration,FALSE,,,,,,,,,,,,,,,,,,,,,,,,
en-UK,Geopolitical,UKTI Education,FALSE,,,,,,,,,,,,,,,,,,,,,,,,
en-UK,Geopolitical,UKTI Life Sciences Organisation,FALSE,,,,,,,,,,,,,,,,,,,,,,,,
en-UK,Geopolitical,Veterans UK,FALSE,,,,,,,,,,,,,,,,,,,,,,,,
en-UK,Geopolitical,Architects Registration Board,FALSE,,,,,,,,,,,,,,,,,,,,,,,,
en-UK,Geopolitical,BBC,TRUE,,,,,,,,,,,,,,,,,,,,,,,,
en-UK,Geopolitical,BBC World Service,FALSE,,,,,,,,,,,,,,,,,,,,,,,,
en-UK,Geopolitical,Channel 4,FALSE,,,,,,,,,,,,,,,,,,,,,,,,
en-UK,Geopolitical,Civil Aviation Authority,FALSE,,,,,,,,,,,,,,,,,,,,,,,,
en-UK,Geopolitical,Historic Royal Palaces,FALSE,,,,,,,,,,,,,,,,,,,,,,,,
en-UK,Geopolitical,London and Continental Railways Ltd,FALSE,,,,,,,,,,,,,,,,,,,,,,,,
en-UK,Geopolitical,London and Continental Railways Limited,FALSE,,,,,,,,,,,,,,,,,,,,,,,,
en-UK,Geopolitical,Office for Nuclear Regulation,FALSE,,,,,,,,,,,,,,,,,,,,,,,,
en-UK,Geopolitical,Oil and Pipelines Agency,FALSE,,,,,,,,,,,,,,,,,,,,,,,,
en-UK,Geopolitical,Pension Protection Fund,FALSE,,,,,,,,,,,,,,,,,,,,,,,,
en-UK,Geopolitical,Northern Ireland Executive,FALSE,,,,,,,,,,,,,,,,,,,,,,,,
en-UK,Geopolitical,Scottish Government,FALSE,,,,,,,,,,,,,,,,,,,,,,,,
en-UK,Geopolitical,Welsh Government,FALSE,,,,,,,,,,,,,,,,,,,,,,,,
