Entity A ID,Entity B ID,Relationship Type
254,240,subdivision
255,240,subdivision
256,240,subdivision
257,240,subdivision
258,240,subdivision
259,240,subdivision
260,240,subdivision
261,240,subdivision
262,240,subdivision
263,240,subdivision
264,240,subdivision
265,240,subdivision
266,240,subdivision
267,240,subdivision
268,240,subdivision
269,240,subdivision
270,240,subdivision
271,240,subdivision
272,240,subdivision
273,240,subdivision
274,240,subdivision
275,240,subdivision
276,240,subdivision
277,240,subdivision
278,240,subdivision
279,240,subdivision
280,240,subdivision
281,240,subdivision
282,240,subdivision
283,240,subdivision
284,240,subdivision
285,240,subdivision
286,240,subdivision
287,240,subdivision
288,240,subdivision
289,240,subdivision
290,240,subdivision
291,240,subdivision
292,240,subdivision
293,240,subdivision
294,240,subdivision
295,240,subdivision
296,240,subdivision
297,240,subdivision
298,240,subdivision
299,240,subdivision
300,240,subdivision
301,240,subdivision
302,240,subdivision
303,240,subdivision
304,240,subdivision
318,13,subdivision
319,13,subdivision
320,13,subdivision
321,13,subdivision
322,13,subdivision
323,13,subdivision
305,40,subdivision
306,40,subdivision
307,40,subdivision
308,40,subdivision
309,40,subdivision
310,40,subdivision
311,40,subdivision
312,40,subdivision
313,40,subdivision
314,40,subdivision
315,40,subdivision
316,40,subdivision
317,40,subdivision
324,77,subdivision
325,77,subdivision
326,77,subdivision
327,77,subdivision
328,77,subdivision
329,77,subdivision
330,77,subdivision
331,77,subdivision
332,77,subdivision
333,77,subdivision
334,77,subdivision
335,77,subdivision
336,77,subdivision
337,84,subdivision
338,84,subdivision
339,84,subdivision
340,84,subdivision
341,84,subdivision
342,84,subdivision
343,84,subdivision
344,84,subdivision
345,84,subdivision
346,84,subdivision
347,84,subdivision
348,84,subdivision
349,84,subdivision
350,84,subdivision
351,84,subdivision
352,84,subdivision
353,212,subdivision
354,212,subdivision
355,212,subdivision
356,212,subdivision
357,212,subdivision
358,212,subdivision
359,212,subdivision
360,212,subdivision
361,212,subdivision
362,212,subdivision
363,212,subdivision
364,212,subdivision
365,212,subdivision
366,212,subdivision
367,212,subdivision
368,212,subdivision
369,212,subdivision
370,46,subdivision
371,46,subdivision
372,46,subdivision
373,46,subdivision
374,46,subdivision
375,46,subdivision
376,46,subdivision
377,46,subdivision
378,46,subdivision
379,46,subdivision
380,46,subdivision
381,46,subdivision
382,46,subdivision
383,46,subdivision
384,46,subdivision
385,46,subdivision
386,46,subdivision
387,46,subdivision
388,46,subdivision
389,46,subdivision
390,46,subdivision
391,46,subdivision
392,46,subdivision
393,239,subdivision
394,239,subdivision
395,239,subdivision
396,239,subdivision
397,393,subdivision
398,393,subdivision
399,393,subdivision
400,393,subdivision
401,393,subdivision
402,393,subdivision
403,393,subdivision
404,393,subdivision
405,393,subdivision
