Term Category,Term (en-US),Term (de-DE),Term (es-ES),Term (fr-FR),Alias,Case Sensitive
US Regulators,AbilityOne Commission,,,,U.S. AbilityOne Commission,FALSE
US Regulators,Access Board,,Símbolo Internacional de Accesibilidad,Symbole international d'accessibilité,Architectural and Transportation Barriers Compliance Board,FALSE
US Regulators,Administration for Children and Families,,,,ACF,FALSE
US Regulators,Administration for Community Living,,,,ACL,FALSE
US Regulators,Administration for Native Americans,,,,ANA,FALSE
US Regulators,Administration on Aging,Ministeriumsabteilung für Ältere und die Erforschung des Altwerdens; Administration on Aging,,,AoA,FALSE
US Regulators,Administration on Intellectual and Developmental Disabilities,,,,AIDD,FALSE
US Regulators,Administrative Conference of the United States,,,,ACUS,FALSE
US Regulators,Administrative Office of the U.S. Courts,,,,AO,FALSE
US Regulators,Advisory Council on Historic Preservation,,Consejo Asesor en la Preservación Histórica,,ACHP,FALSE
US Regulators,African Development Foundation,,,,USADF,FALSE
US Regulators,Agency for Healthcare Research and Quality,Agency for Healthcare Research and Quality,,,AHRQ,FALSE
US Regulators,Agency for International Development,United States Agency for International Development,Agencia de los Estados Unidos para el Desarrollo Internacional,Agence des États-Unis pour le développement international,USAID,FALSE
US Regulators,Agency for Toxic Substances and Disease Registry,,,,ATSDR,FALSE
US Regulators,Agricultural Marketing Service,Agricultural Research Service,Servicio de Investigación Agrícola,Agricultural Research Service,AMS,FALSE
US Regulators,Agricultural Research Service,,,,ARS,FALSE
US Regulators,Alhurra TV,,,,,FALSE
US Regulators,American Battle Monuments Commission,American Battle Monuments Commission,,American Battle Monuments Commission,ABMC,FALSE
US Regulators,American Samoa,Amerikanisch-Samoa,Samoa Americana,Samoa américaines,AS,FALSE
US Regulators,AmeriCorps,,AmeriCorps,AmeriCorps,,FALSE
US Regulators,Animal and Plant Health Inspection Service,,,Animal and Plant Health Inspection Service,APHIS,FALSE
US Regulators,Antitrust Division,,,,ATR,FALSE
US Regulators,Architect of the Capitol,Architekt des Kapitols,,,AOC,FALSE
US Regulators,Arctic Research Commission,,,,U.S. Arctic Research Commission,FALSE
US Regulators,Armed Forces Retirement Home,,,,AFRH,FALSE
US Regulators,Arms Control and International Security,Under Secretary of State for Arms Control and International Security Affairs,,,,FALSE
US Regulators,Barry M. Goldwater Scholarship and Excellence in Education Program,,,,,FALSE
US Regulators,Bonneville Power Administration,,,Bonneville Power Administration,BPA,FALSE
US Regulators,Broadcasting Board of Governors,Broadcasting Board of Governors,Broadcasting Board of Governors,Broadcasting Board of Governors,BBG,FALSE
US Regulators,Bureau of Alcohol and Tobacco Tax and Trade,,,,TTB; Alcohol and Tobacco Tax and Trade Bureau,FALSE
US Regulators,"Bureau of Alcohol, Tobacco, Firearms and Explosives","Bureau of Alcohol, Tobacco, Firearms and Explosives","Agencia de Alcohol, Tabaco, Armas de Fuego y Explosivos","Bureau of Alcohol, Tobacco, Firearms and Explosives","ATF; Alcohol, Tobacco, Firearms and Explosives Bureau; BATF",FALSE
US Regulators,Bureau of Consular Affairs,,,,CA,FALSE
US Regulators,Bureau of Consumer Financial Protection,,Oficina de Protección Financiera del Consumidor,Bureau américain de protection des consommateurs,Consumer Financial Protection Bureau; CFPB,FALSE
US Regulators,Bureau of Economic Analysis,,Oficina de Análisis Económico,,BEA,FALSE
US Regulators,Bureau of Engraving and Printing,Bureau of Engraving and Printing,Oficina de Grabado e Impresión de los Estados Unidos,Bureau of Engraving and Printing,BEP,FALSE
US Regulators,Bureau of Indian Affairs,Bureau of Indian Affairs,Bureau of Indian Affairs,Bureau des affaires indiennes,Indian Affairs; Indian office,FALSE
US Regulators,Bureau of Industry and Security,Bureau of Industry and Security,,,BIS,FALSE
US Regulators,Bureau of International Labor Affairs,,,,ILAB,FALSE
US Regulators,Bureau of Justice Statistics,,,,BJS,FALSE
US Regulators,Bureau of Labor Statistics,,,Bureau of Labor Statistics,BLS,FALSE
US Regulators,Bureau of Land Management,Bureau of Land Management,,Bureau of Land Management,BLM,FALSE
US Regulators,Bureau of Ocean Energy Management,,,,BOEM,FALSE
US Regulators,Bureau of Prisons,Federal Bureau of Prisons,Agencia Federal de Prisiones,Bureau fédéral des prisons,BOP; Federal Bureau of Prisons,FALSE
US Regulators,Bureau of Reclamation,Bureau of Reclamation,,Bureau of Reclamation,USBR,FALSE
US Regulators,Bureau of Safety and Environmental Enforcement,,,,CFSAN,FALSE
US Regulators,Bureau of the Fiscal Service,,,,CFO,FALSE
US Regulators,Bureau of Transportation Statistics,,,,Fed. Cl.;C.F.C.,FALSE
US Regulators,Center for Food Safety and Applied Nutrition,,,,the Fed;Federal Reserve;The Fed,FALSE
US Regulators,Center for Nutrition Policy and Promotion,,,,CNPP,FALSE
US Regulators,Centers for Disease Control and Prevention,Centers for Disease Control and Prevention,Centros para el Control y Prevención de Enfermedades,Centres pour le contrôle et la prévention des maladies,CDC; Centers for Disease Control,FALSE
US Regulators,Centers for Medicare and Medicaid Services,Medicaid,Medicaid,Medicaid,CMS; Medicaid; Medicare,FALSE
US Regulators,Central Intelligence Agency,Central Intelligence Agency,Agencia Central de Inteligencia,Central Intelligence Agency,CIA,FALSE
US Regulators,Chemical Safety Board,U.S. Chemical Safety and Hazard Investigation Board,Comisión de Seguridad Química de Estados Unidos,,U.S. Chemical Safety Board,FALSE
US Regulators,Chief Acquisition Officers Council,Chief Customer Officer,,,FSIS,FALSE
US Regulators,Chief Financial Officers Council,Chief Financial Officer,Director de finanzas,Directeur administratif et financier,Clerk of the House of Representatives,FALSE
US Regulators,Chief Human Capital Officers Council,Staatsrat für Frieden und Entwicklung,Consejo de Estado para la Paz y el Desarrollo,Conseil d'État pour la paix et le développement,ADR;external dispute resolution,FALSE
US Regulators,Chief Information Officers Council,Chief Information Officer,,Directeur des systèmes d'information,John F. Kennedy Memorial Center for the Performing Arts;Kennedy Center,FALSE
US Regulators,Citizens' Stamp Advisory Committee,,,Citizens' Stamp Advisory Committee,Joint Military Intelligence College;National Defense Intelligence College,FALSE
US Regulators,Citizenship and Immigration Services,United States Citizenship and Immigration Services,Servicio de Ciudadanía e Inmigración de los Estados Unidos,,USCIS; Immigration and Citizenship Services,FALSE
US Regulators,Coast Guard,Küstenwache; United States Coast Guard,Guardia costera; Guardia Costera de Estados Unidos,Garde-côtes; United States Coast Guard,JPML;the Panel,FALSE
US Regulators,Commission of Fine Arts,,,Commission des beaux-arts des États-Unis,John F. Kennedy Memorial Center for the Performing Arts;Kennedy Center,FALSE
US Regulators,Commission on Civil Rights,,,,US Marshals,FALSE
US Regulators,Commission on International Religious Freedom,United States Commission on International Religious Freedom,,,MBC Group;MBC,FALSE
US Regulators,Commission on Presidential Scholars,,,,East Building,FALSE
US Regulators,Commission on Security and Cooperation in Europe,Kommission über Sicherheit und Zusammenarbeit in Europa,,,Helsinki Commission,FALSE
US Regulators,Committee for the Implementation of Textile Agreements,,,,Joint Military Intelligence College;National Defense Intelligence College,FALSE
US Regulators,Committee on Foreign Investment in the United States,Committee on Foreign Investment in the United States,,Comité pour l'investissement étranger aux États-Unis,CFIUS,FALSE
US Regulators,Commodity Futures Trading Commission,Commodity Futures Trading Commission,Commodity Futures Trading Commission,Commodity Futures Trading Commission,CFTC,FALSE
US Regulators,Community Oriented Policing Services,,,,COPS,FALSE
US Regulators,Computer Emergency Readiness Team,Computer Emergency Response Team,Equipo de Respuesta ante Emergencias Informáticas,Computer emergency response team; United States Computer Emergency Readiness Team,US CERT; US-CERT,FALSE
US Regulators,Congressional Budget Office,Congressional Budget Office,,Congressional Budget Office,CBO,FALSE
US Regulators,Congressional Research Service,Congressional Research Service,,Service de recherche du Congrès,NMFS,FALSE
US Regulators,Consumer Product Safety Commission,,Comisión para la Seguridad de los Productos de Consumo de los Estados Unidos,Consumer Product Safety Commission,CPSC,FALSE
US Regulators,Coordinating Council on Juvenile Justice and Delinquency Prevention,,,,Weather Bureau,FALSE
US Regulators,Copyright Office,,Oficina del Derecho de Autor de los Estados Unidos,,NMFS,FALSE
US Regulators,Corporation for National and Community Service,,,,HUD;Housing and Urban Development,FALSE
US Regulators,Corps of Engineers,,,,OSTI,FALSE
US Regulators,Council of Economic Advisers,Council of Economic Advisers,Consejo de Asesores Económicos,Council of Economic Advisers,foreign debt,FALSE
US Regulators,Council of the Inspectors General on Integrity and Efficiency,,,,El Presidio Real de San Francisco;The Royal Fortress of Saint Francis,FALSE
US Regulators,Council on Environmental Quality,,,,Smithsonian;SOE,FALSE
US Regulators,Court of Appeals for the Armed Forces,United States Court of Appeals for the Armed Forces,,,CAAF,FALSE
US Regulators,Court of Federal Claims,,,United States Court of Federal Claims,Fed. Cl.;C.F.C.,FALSE
US Regulators,Court of International Trade,,,,the Fed;Federal Reserve;The Fed,FALSE
US Regulators,Court Services and Offender Supervision Agency for the District of Columbia,,,,FSIS,FALSE
US Regulators,Customs and Border Protection,United States Customs and Border Protection,Oficina de Aduanas y Protección Fronteriza de los Estados Unidos,Service des douanes et de la protection des frontières des États-Unis,CBP,FALSE
US Regulators,Defense Acquisition University,,,,Clerk of the House of Representatives,FALSE
US Regulators,Defense Advanced Research Projects Agency,Defense Advanced Research Projects Agency,Defense Advanced Research Projects Agency,Defense Advanced Research Projects Agency,DARPA,FALSE
US Regulators,Defense Commissary Agency,Defense Commissary Agency,,,ADR;external dispute resolution,FALSE
US Regulators,Defense Contract Audit Agency,,,,John F. Kennedy Memorial Center for the Performing Arts;Kennedy Center,FALSE
US Regulators,Defense Contract Management Agency,,,,Joint Military Intelligence College;National Defense Intelligence College,FALSE
US Regulators,Defense Finance and Accounting Service,,,,DFAS,FALSE
US Regulators,Defense Finance and Accounting Service Out-of-Service Debt Mgmt. Center,Bally (Flipper),,Bally Technologies,JPML;the Panel,FALSE
US Regulators,Defense Health Agency,,,,DHA,FALSE
US Regulators,Defense Information Systems Agency,,,Defense Information Systems Agency,DISA,FALSE
US Regulators,Defense Intelligence Agency,Defense Intelligence Agency,Agencia de Inteligencia de la Defensa,Defense Intelligence Agency,DIA,FALSE
US Regulators,Defense Logistics Agency,,,Defense Logistics Agency,DLA,FALSE
US Regulators,Defense Nuclear Facilities Safety Board,,,,DNFSB,FALSE
US Regulators,Defense Security Cooperation Agency,,,,DSCA,FALSE
US Regulators,Defense Security Service,Defense Security Service,,,DSS,FALSE
US Regulators,Defense Technical Information Center,,,,DTIC,FALSE
US Regulators,Defense Threat Reduction Agency,Defense Threat Reduction Agency,,Defense Threat Reduction Agency,DTRA,FALSE
US Regulators,Delaware River Basin Commission,,,,DRBC,FALSE
US Regulators,Denali Commission,,,,,FALSE
US Regulators,Department of Agriculture,Landwirtschaftsministerium der Vereinigten Staaten,Ministerio de Agricultura; Departamento de Agricultura de los Estados Unidos,Ministère de l'Agriculture; Département de l'Agriculture des États-Unis,USDA; Agriculture Department;,FALSE
US Regulators,Department of Commerce,Handelsministerium der Vereinigten Staaten,Departamento de Comercio de Estados Unidos,Département du Commerce des États-Unis,DOC; Commerce Department,FALSE
US Regulators,Department of Defense,Verteidigungsministerium; Verteidigungsministerium der Vereinigten Staaten,Ministerio de Defensa; Departamento de Defensa de los Estados Unidos,Ministère de la Défense; Département de la Défense des États-Unis,DOD; Defense Department; Ministry of War,FALSE
US Regulators,Department of Education,Bildungsministerium der Vereinigten Staaten; Bildungsministerium,Ministerio de Educación; Departamento de Educación de los Estados Unidos,Ministère de l'Éducation; Département de l'Éducation des États-Unis,ED; Education Department; DoED,FALSE
US Regulators,Department of Education Office for Civil Rights,,,,Department of Education Office of Civil Rights,FALSE
US Regulators,Department of Energy,Energieministerium der Vereinigten Staaten,Departamento de Energía de los Estados Unidos,Département de l'Énergie des États-Unis,DOE; Energy Department; USDOE,FALSE
US Regulators,Department of Health and Human Services,Ministerium für Gesundheitspflege und Soziale Dienste der Vereinigten Staaten,Departamento de Salud y Servicios Sociales de los Estados Unidos,Département de la Santé et des Services sociaux des États-Unis,HHS; Health and Human Services Department; DHHS,FALSE
US Regulators,Department of Health and Human Services Office for Civil Rights,,,,,FALSE
US Regulators,Department of Homeland Security,Ministerium für Innere Sicherheit der Vereinigten Staaten,Departamento de Seguridad Nacional de los Estados Unidos,Département de la Sécurité intérieure des États-Unis,DHS; Homeland Security Department,FALSE
US Regulators,Department of Justice,Justizministerium; Justizministerium der Vereinigten Staaten,Departamento de Justicia de los Estados Unidos,Ministère de la Justice; Département de la Justice des États-Unis,DOJ; Justice Department; minister for justice;attorney general's department,FALSE
US Regulators,Department of Labor,Arbeitsministerium der Vereinigten Staaten,Ministerio de Trabajo; Departamento de Trabajo de los Estados Unidos,Ministère du Travail; Département du Travail des États-Unis,DOL; Labor Department; Labor ministry,FALSE
US Regulators,Department of State,Außenministerium der Vereinigten Staaten,Departamento de Estado de los Estados Unidos,Département d'État des États-Unis,DOS; State Department,FALSE
US Regulators,Department of the Interior,Innenministerium der Vereinigten Staaten,Departamento del Interior de los Estados Unidos,Département de l'Intérieur des États-Unis,DOI; Interior Department; USDOI,FALSE
US Regulators,Department of the Treasury,Finanzministerium der Vereinigten Staaten,Departamento del Tesoro de los Estados Unidos,Département du Trésor des États-Unis,Treasury Department; OFR,FALSE
US Regulators,Department of Transportation,Verkehrsministerium der Vereinigten Staaten,Departamento de Transporte; Departamento de Transporte de los Estados Unidos,Department of Transportation; Département des Transports des États-Unis,DOT; Transportation Department; USDOT,FALSE
US Regulators,Department of Veterans Affairs,Kriegsveteranenministerium der Vereinigten Staaten,Departamento de Asuntos de los Veteranos de los Estados Unidos,Département des Anciens combattants des États-Unis,VA; Veterans Affairs Department,FALSE
US Regulators,Domestic Policy Council,,,,DPC,FALSE
US Regulators,Drug Enforcement Administration,Drug Enforcement Administration,Administración para el Control de Drogas,Drug Enforcement Administration,DEA,FALSE
US Regulators,Dwight D. Eisenhower School for National Security and Resource Strategy,,,,Eisenhower School; Industrial College of the Armed Forces (ICAF) ,FALSE
US Regulators,Economic Adjustment Office,,,Bureau de l'ajustement économique,OEA,FALSE
US Regulators,Economic Development Administration,,,,EDA,FALSE
US Regulators,"Economic Growth, Energy, and the Environment","United States Under Secretary of State for Economic Growth, Energy, and the Environment",,,,FALSE
US Regulators,Economic Research Service,,,,ERS,FALSE
US Regulators,Economics and Statistics Administration,,,,ESA,FALSE
US Regulators,Education Resources Information Center,,Education Resources Information Center,Education Resources Information Center,ERIC; Information Resources Center,FALSE
US Regulators,Elder Justice Initiative,,,,EJI,FALSE
US Regulators,Election Assistance Commission,,Comisión de Asistencia Electoral de los Estados Unidos,,EAC,FALSE
US Regulators,Employee Benefits Security Administration,,,,EBSA,FALSE
US Regulators,Employment and Training Administration,,,,ETA,FALSE
US Regulators,Endangered Species Program,,,Endangered Species Act de 1973,,FALSE
US Regulators,Energy Information Administration,,Energy Information Administration,Energy Information Administration,EIA,FALSE
US Regulators,English Language Acquisition Office,Schottisches Englisch,,Anglais écossais,OELA,FALSE
US Regulators,Environmental Protection Agency,Environmental Protection Agency,Agencia de Protección Ambiental (Estados Unidos),Environmental Protection Agency,USEPA;EPA,FALSE
US Regulators,Equal Employment Opportunity Commission,Equal Employment Opportunity Commission,Comisión para la Igualdad de Oportunidades en el Empleo de los Estados Unidos,,EEOC,FALSE
US Regulators,Executive Office for Immigration Review,,,,EOIR,FALSE
US Regulators,Fair Housing and Equal Opportunity,,,,FHEO,FALSE
US Regulators,Farm Credit Administration,,,,FCA,FALSE
US Regulators,Farm Credit System Insurance Corporation,,,,FCSIC,FALSE
US Regulators,Farm Service Agency,,,,FSA,FALSE
US Regulators,Federal Accounting Standards Advisory Board,,,,FASAB,FALSE
US Regulators,Federal Aviation Administration,Federal Aviation Administration,Administración Federal de Aviación,Federal Aviation Administration,FAA,FALSE
US Regulators,Federal Bureau of Investigation,Federal Bureau of Investigation,FBI,Federal Bureau of Investigation,FBI,FALSE
US Regulators,Federal Citizen Information Center,,,,FCIC,FALSE
US Regulators,Federal Communications Commission,Federal Communications Commission,Comisión Federal de Comunicaciones,Federal Communications Commission,FCC,FALSE
US Regulators,Federal Consulting Group,,,,FCG,FALSE
US Regulators,Federal Deposit Insurance Corporation,Federal Deposit Insurance Corporation,Corporación Federal de Seguro de Depósitos,Federal Deposit Insurance Corporation,FDIC,FALSE
US Regulators,Federal Election Commission,Federal Election Commission,,Commission électorale fédérale,FEC,FALSE
US Regulators,Federal Emergency Management Agency,Federal Emergency Management Agency,Agencia Federal para el Manejo de Emergencias,Federal Emergency Management Agency,National Fire Prevention and Control Administration;FEMA,FALSE
US Regulators,Federal Energy Regulatory Commission,,,Federal Energy Regulatory Commission,FERC,FALSE
US Regulators,Federal Executive Boards,,,,FEBs,FALSE
US Regulators,Federal Financial Institutions Examination Council,,,,FFIEC,FALSE
US Regulators,Federal Financing Bank,,,,FFB,FALSE
US Regulators,Federal Geographic Data Committee,,,,FGDC,FALSE
US Regulators,Federal Highway Administration,Federal Highway Administration,Administración Federal de Carreteras,Federal Highway Administration,FHA,FALSE
US Regulators,Federal Home Loan Mortgage Corporation,Freddie Mac,Freddie Mac,Federal Home Loan Mortgage Corporation,Freddie Mac; FHLMC,FALSE
US Regulators,Federal Housing Administration,Federal Housing Administration,Federal Housing Administration,Federal Housing Administration,FHA,FALSE
US Regulators,Federal Housing Finance Agency,,Federal Housing Finance Agency,,FHFA,FALSE
US Regulators,Federal Interagency Committee on Education,,,,FICE,FALSE
US Regulators,Federal Interagency Council on Statistical Policy,,,Liste des agences fédérales des États-Unis,,FALSE
US Regulators,Federal Judicial Center,,,,FJC,FALSE
US Regulators,Federal Labor Relations Authority,,,,FLRA,FALSE
US Regulators,Federal Laboratory Consortium for Technology Transfer,,,,FLC,FALSE
US Regulators,Federal Law Enforcement Training Center,Federal Law Enforcement Training Center,,,FLETC,FALSE
US Regulators,Federal Library and Information Center Committee,,,,FLICC,FALSE
US Regulators,Federal Maritime Commission,,,,FMC,FALSE
US Regulators,Federal Mediation and Conciliation Service,,,,FMCS,FALSE
US Regulators,Federal Mine Safety and Health Review Commission,,,,,FALSE
US Regulators,Federal Motor Carrier Safety Administration,,,,FMCSA,FALSE
US Regulators,Federal National Mortgage Association,Fannie Mae,Fannie Mae,Federal National Mortgage Association,Fannie Mae,FALSE
US Regulators,Federal Protective Service,,,,FPS,FALSE
US Regulators,Federal Railroad Administration,Federal Railroad Administration,,,FRA,FALSE
US Regulators,Federal Reserve System,Federal Reserve System,Sistema de la Reserva Federal,Réserve fédérale des États-Unis,the Fed;Federal Reserve;The Fed,FALSE
US Regulators,Federal Retirement Thrift Investment Board,,,,,FALSE
US Regulators,Federal Student Aid Information Center,,,,FSAIC,FALSE
US Regulators,Federal Trade Commission,Federal Trade Commission,Comisión Federal de Comercio,Federal Trade Commission,FTC,FALSE
US Regulators,Federal Transit Administration,,Administración Federal de Transporte,,FTA,FALSE
US Regulators,Federal Voting Assistance Program,,,,FVAP,FALSE
US Regulators,FedStats,,,,,FALSE
US Regulators,Fish and Wildlife Service,United States Fish and Wildlife Service,Servicio de Pesca y Vida Silvestre de los Estados Unidos,United States Fish and Wildlife Service,USFWS;FWS,FALSE
US Regulators,Fleet Forces Command,United States Fleet Forces Command,,United States Fleet Forces Command,USFLTFORCOM,FALSE
US Regulators,Food and Drug Administration,Food and Drug Administration,Administración de Alimentos y Medicamentos,Food and Drug Administration,USFDA;FDA,FALSE
US Regulators,Food and Nutrition Service,,,,FNS,FALSE
US Regulators,Food Safety and Inspection Service,,,,FSIS,FALSE
US Regulators,Foreign Agricultural Service,,,,FAS,FALSE
US Regulators,Foreign Claims Settlement Commission,,,,FCSC,FALSE
US Regulators,Forest Service,,,,USFS,FALSE
US Regulators,Fulbright Foreign Scholarship Board,,,,FFSB,FALSE
US Regulators,General Services Administration,General Services Administration,Administración de Servicios Generales,Administration des services généraux,GSA,FALSE
US Regulators,Geological Survey,United States Geological Survey,Servicio Geológico de los Estados Unidos,Institut d'études géologiques des États-Unis,USGS,FALSE
US Regulators,Government Accountability Office,Government Accountability Office,,Government Accountability Office,GAO,FALSE
US Regulators,Government National Mortgage Association,Ginnie Mae,Ginnie Mae,,Ginnie Mae,FALSE
US Regulators,Government Publishing Office,United States Government Printing Office,,Bureau d'impression du gouvernement des États-Unis,GPO; SuDocs;Government Printing Office,FALSE
US Regulators,"Grain Inspection, Packers and Stockyards Administration",,,,GIPSA,FALSE
US Regulators,Harry S. Truman Scholarship Foundation,Harry S. Truman Scholarship,,,,FALSE
US Regulators,Health Resources and Services Administration,,,,HRSA,FALSE
US Regulators,Holocaust Memorial Museum,Liste der Gedenkstätten für die Opfer des Nationalsozialismus,,Liste de musées et monuments commémoratifs de l'Holocauste,,FALSE
US Regulators,House Office of Inspector General,,,,,FALSE
US Regulators,House Office of the Clerk,,,,Clerk of the House of Representatives,FALSE
US Regulators,Immigration and Customs Enforcement,United States Immigration and Customs Enforcement,Servicio de Inmigración y Control de Aduanas de los Estados Unidos,,ICE,FALSE
US Regulators,Indian Arts and Crafts Board,,,,,FALSE
US Regulators,Indian Health Service,,,,IHS,FALSE
US Regulators,Industrial College of the Armed Forces,,,,TICAF,FALSE
US Regulators,Information Resource Management College,Personalwesen,Recursos humanos,Gestion des ressources humaines,IRMC,FALSE
US Regulators,Information Resources Center,,Education Resources Information Center,Education Resources Information Center,,FALSE
US Regulators,Innovation and Improvement Office,,,,OII,FALSE
US Regulators,Inspectors General,,,,,FALSE
US Regulators,Institute of Education Sciences,,,,IES,FALSE
US Regulators,Institute of Museum and Library Services,,,,IMLS,FALSE
US Regulators,Institute of Peace,United States Institute of Peace,,Institut des États-Unis pour la paix,USIP,FALSE
US Regulators,Interagency Alternative Dispute Resolution Working Group,Alternative Dispute Resolution,,Mode alternatif de résolution des conflits,ADR;external dispute resolution,FALSE
US Regulators,Interagency Committee for the Management of Noxious and Exotic Weeds,,,,FICMNEW,FALSE
US Regulators,Interagency Council on Homelessness,,,,USICH,FALSE
US Regulators,Inter-American Foundation,,,Fondation interaméricaine,IAF,FALSE
US Regulators,Internal Revenue Service,Internal Revenue Service,Internal Revenue Service,Internal Revenue Service,IRS,FALSE
US Regulators,International Trade Administration,,,,ITA,FALSE
US Regulators,International Trade Commission,United States International Trade Commission,,,U.S. International Trade Commission; USITC; ITC,FALSE
US Regulators,Interpol,Interpol,Interpol,Interpol,U.S. National Central Bureau - Interpol,FALSE
US Regulators,James Madison Memorial Fellowship Foundation,,,,JMMFF,FALSE
US Regulators,Japan-United States Friendship Commission,,,,JUSFC,FALSE
US Regulators,Job Corps,,,,JC,FALSE
US Regulators,John F. Kennedy Center for the Performing Arts,John F. Kennedy Center for the Performing Arts,Centro John F. Kennedy para las Artes Escénicas,John F. Kennedy Center for the Performing Arts,John F. Kennedy Memorial Center for the Performing Arts;Kennedy Center,FALSE
US Regulators,Joint Board for the Enrollment of Actuaries,,,,Joint Military Intelligence College;National Defense Intelligence College,FALSE
US Regulators,Joint Chiefs of Staff,Joint Chiefs of Staff,Estado Mayor Conjunto de los Estados Unidos,Joint Chiefs of Staff,JCS,FALSE
US Regulators,Joint Congressional Committee on Inaugural Ceremonies,,,,JCCIC,FALSE
US Regulators,Joint Fire Science Program,,,,JFSP,FALSE
US Regulators,Joint Forces Command,,,,JFC,FALSE
US Regulators,Joint Forces Staff College,Joint Forces Staff College,,,JFSC,FALSE
US Regulators,Joint Military Intelligence College,National Intelligence University,,,Joint Military Intelligence College;National Defense Intelligence College,FALSE
US Regulators,Joint Program Executive Office for Chemical and Biological Defense,,,,JPEO-CBD,FALSE
US Regulators,Judicial Panel on Multidistrict Litigation,,,,JPML;the Panel,FALSE
US Regulators,Kennedy Center,John F. Kennedy Center for the Performing Arts,Centro John F. Kennedy para las Artes Escénicas,John F. Kennedy Center for the Performing Arts,John F. Kennedy Memorial Center for the Performing Arts;Kennedy Center,FALSE
US Regulators,Legal Services Corporation,,,,LSC,FALSE
US Regulators,Library of Congress,Library of Congress,Biblioteca del Congreso de Estados Unidos,Bibliothèque du Congrès,LOC,FALSE
US Regulators,Marine Corps,Marineinfanterie; United States Marine Corps,Infantería de marina; Cuerpo de Marines de los Estados Unidos,Infanterie de marine; United States Marine Corps,USMC,FALSE
US Regulators,Marine Mammal Commission,,,,MMC,FALSE
US Regulators,Maritime Administration,United States Maritime Administration,,United States Maritime Administration,MARAD,FALSE
US Regulators,Marketing and Regulatory Programs,,,,,FALSE
US Regulators,Marshals Service,United States Marshals Service,Cuerpo de Alguaciles de Estados Unidos,United States Marshals Service,US Marshals,FALSE
US Regulators,Mediation and Conciliation Service,,,,FMCS,FALSE
US Regulators,Medicaid and CHIP Payment and Access Commission,,,,,FALSE
US Regulators,Medicare Payment Advisory Commission,,,,MedPAC,FALSE
US Regulators,Merit Systems Protection Board,,,,MSPB,FALSE
US Regulators,Middle East Broadcasting Network,Middle East Broadcasting Center,Middle East Broadcasting Center,Middle East Broadcasting Center,MBC Group;MBC,FALSE
US Regulators,Migratory Bird Conservation Commission,,,,MBCC,FALSE
US Regulators,Military Postal Service Agency,Feldpost,,Franchise militaire,MPS,FALSE
US Regulators,Millennium Challenge Corporation,Millennium Challenge Account,,Millennium Challenge Account,MCC,FALSE
US Regulators,Mine Safety and Health Administration,,,,MSHA,FALSE
US Regulators,Minority Business Development Agency,,,,MBDA,FALSE
US Regulators,Mint,,,,,FALSE
US Regulators,Missile Defense Agency,Missile Defense Agency,,,MDA,FALSE
US Regulators,Mississippi River Commission,,,Mississippi Valley Division,MRC,FALSE
US Regulators,Morris K. Udall and Stewart L. Udall Foundation,,,,,FALSE
US Regulators,Multifamily Housing Office,,Departamento de Vivienda y Asuntos Comunitarios de Texas,,,FALSE
US Regulators,National Aeronautics and Space Administration,NASA,NASA,National Aeronautics and Space Administration,NASA,FALSE
US Regulators,National Agricultural Statistics Service,,,,NASS,FALSE
US Regulators,National AIDS Policy Office,,,,ONAP,FALSE
US Regulators,National Archives and Records Administration,National Archives and Records Administration,Archivos Nacionales y Administración de Documentos de los Estados Unidos,National Archives and Records Administration,"NARA; Archives, National Archives and Records Administration",FALSE
US Regulators,National Cancer Institute,National Cancer Institute,Instituto Nacional del Cáncer (Estados Unidos),Institut national du cancer (États-Unis),NCI,FALSE
US Regulators,National Capital Planning Commission,,,,NCPC,FALSE
US Regulators,National Cemetery Administration,United States National Cemetery,Cementerio nacional (Estados Unidos),Cimetière national des États-Unis,NCA,FALSE
US Regulators,National Constitution Center,,,,NCC,FALSE
US Regulators,National Council on Disability,National Council on Disability,,,NCD,FALSE
US Regulators,National Credit Union Administration,,,,NCUA,FALSE
US Regulators,National Defense University,National Defense University,Universidad Nacional de Defensa,,NDU,FALSE
US Regulators,National Defense University iCollege,National Defense University,Universidad Nacional de Defensa,,NDU,FALSE
US Regulators,National Economic Council,,,,NEC,FALSE
US Regulators,National Endowment for the Arts,National Endowment for the Arts,,National Endowment for the Arts,NEA,FALSE
US Regulators,National Endowment for the Humanities,National Endowment for the Humanities,,,NEH,FALSE
US Regulators,National Flood Insurance Program,,,,NFIP,FALSE
US Regulators,National Gallery of Art,National Gallery of Art,Galería Nacional de Arte,National Gallery of Art,East Building,FALSE
US Regulators,National Geospatial-Intelligence Agency,National Geospatial-Intelligence Agency,Agencia Nacional de Inteligencia-Geoespacial,National Geospatial-Intelligence Agency,NGA,FALSE
US Regulators,National Guard,,,,,FALSE
US Regulators,National Health Information Center,,,,NHIC,FALSE
US Regulators,"National Heart, Lung, and Blood Institute",,,,NHLBI,FALSE
US Regulators,National Highway Traffic Safety Administration,National Highway Traffic Safety Administration,NHTSA,National Highway Traffic Safety Administration,NHTSA,FALSE
US Regulators,National Indian Gaming Commission,,,,NIGC,FALSE
US Regulators,"National Institute of Arthritis, Musculoskeletal and Skin Diseases",,,,NIAMS,FALSE
US Regulators,National Institute of Corrections,,,,NIC,FALSE
US Regulators,National Institute of Food and Agriculture,,,,NIFA,FALSE
US Regulators,National Institute of Justice,,,,NIJ,FALSE
US Regulators,National Institute of Mental Health,National Institute of Mental Health,Instituto Nacional de Salud Mental,National Institute of Mental Health,NIMH,FALSE
US Regulators,National Institute of Occupational Safety and Health,,,,NIOSH,FALSE
US Regulators,National Institute of Standards and Technology,National Institute of Standards and Technology,Instituto Nacional de Estándares y Tecnología,National Institute of Standards and Technology,NIST,FALSE
US Regulators,National Institutes of Health,National Institutes of Health,National Institutes of Health (Estados Unidos),National Institutes of Health,NIH,FALSE
US Regulators,National Intelligence University,National Intelligence University,,,Joint Military Intelligence College;National Defense Intelligence College,FALSE
US Regulators,National Interagency Fire Center,,,National Interagency Fire Center,NIFC,FALSE
US Regulators,National Labor Relations Board,,,National Labor Relations Board,NLRB,FALSE
US Regulators,National Laboratories,,,Laboratoires nationaux du département de l'Énergie des États-Unis,,FALSE
US Regulators,National Marine Fisheries Service,,Servicio Nacional de Pesca Marina,National Marine Fisheries Service,NMFS,FALSE
US Regulators,National Mediation Board,,,,NMB,FALSE
US Regulators,National Nuclear Security Administration,National Nuclear Security Administration,,,NNSA,FALSE
US Regulators,National Ocean Service,,,National Ocean Service,NOS,FALSE
US Regulators,National Oceanic and Atmospheric Administration,National Oceanic and Atmospheric Administration,Administración Nacional Oceánica y Atmosférica,National Oceanic and Atmospheric Administration,NOAA,FALSE
US Regulators,National Park Foundation,,,National Park Foundation,NPF,FALSE
US Regulators,National Park Service,National Park Service,Servicio de Parques Nacionales,National Park Service,NPS,FALSE
US Regulators,National Passport Information Center,Reisepass,Pasaporte,Passeport,NPIC,FALSE
US Regulators,National Pesticide Information Center,,,,NPIC,FALSE
US Regulators,National Railroad Passenger Corporation,Amtrak,,Amtrak,AMTRAK,FALSE
US Regulators,National Reconnaissance Office,National Reconnaissance Office,Oficina Nacional de Reconocimiento,National Reconnaissance Office,NRO,FALSE
US Regulators,National Science Foundation,National Science Foundation,Fundación Nacional para la Ciencia,National Science Foundation,NSF,FALSE
US Regulators,National Security Agency,National Security Agency,Agencia de Seguridad Nacional,National Security Agency,NSA,FALSE
US Regulators,National Security Council,National Security Council,Consejo de Seguridad Nacional,Conseil de sécurité nationale,NSC,FALSE
US Regulators,National Technical Information Service,,,,NTIS,FALSE
US Regulators,National Telecommunications and Information Administration,,,,NTIA,FALSE
US Regulators,National Transportation Safety Board,National Transportation Safety Board,Junta Nacional de Seguridad del Transporte,Conseil national de la sécurité des transports,NTSB,FALSE
US Regulators,National War College,National War College,,National War College,NWC,FALSE
US Regulators,National Weather Service,National Weather Service,Servicio Meteorológico Nacional (Estados Unidos),National Weather Service,Weather Bureau,FALSE
US Regulators,Natural Resources Conservation Service,,,,NRCS; Soil Conservation Service (SCS),FALSE
US Regulators,NOAA Fisheries,,Servicio Nacional de Pesca Marina,National Marine Fisheries Service,NMFS,FALSE
US Regulators,Northern Command,United States Northern Command,Comando Norte de Estados Unidos,United States Northern Command,USNORTHCOM,FALSE
US Regulators,Northwest Power and Conservation Council,,,,NPCC,FALSE
US Regulators,Northwest Power Planning Council,,,,NWPPC,FALSE
US Regulators,Nuclear Regulatory Commission,Nuclear Regulatory Commission,Comisión Reguladora Nuclear de Estados Unidos,Commission de réglementation nucléaire des États-Unis,NRC,FALSE
US Regulators,Nuclear Waste Technical Review Board,,,,NWTRB,FALSE
US Regulators,Oak Ridge National Laboratory,Oak Ridge National Laboratory,Laboratorio Nacional Oak Ridge,Laboratoire national d'Oak Ridge,ORNL,FALSE
US Regulators,Occupational Safety and Health Administration,Occupational Safety and Health Administration,Administración de Seguridad y Salud Ocupacional,Occupational Safety and Health Administration,OSHA,FALSE
US Regulators,Occupational Safety and Health Review Commission,,,,OSHRC,FALSE
US Regulators,"Office of Career, Technical, and Adult Education",,,,OCTAE; OVAE,FALSE
US Regulators,Office of Child Support Enforcement,,,,OCSE,FALSE
US Regulators,Office of Community Planning and Development,,,,Community Planning and Development,FALSE
US Regulators,Office of Compliance,,,,,FALSE
US Regulators,Office of Comptroller of the Currency,Office of the Comptroller of the Currency,,Office of the Comptroller of the Currency,OCC; Office of the Comptroller of the Currency,FALSE
US Regulators,Office of Cuba Broadcasting,Radio and TV Martí,Radio y Televisión Martí,,OCB,FALSE
US Regulators,Office of Director of National Intelligence,Director of National Intelligence,,Directeur du renseignement national,Office of the Director of National Intelligence,FALSE
US Regulators,Office of Disability Employment Policy,Arbeitsministerium der Vereinigten Staaten,Departamento de Trabajo de los Estados Unidos,Département du Travail des États-Unis,ODEP,FALSE
US Regulators,Office of Elementary and Secondary Education,,,,OESE,FALSE
US Regulators,Office of Environmental Management,Umweltmanagement,Gestión ambiental,Management environnemental,Environmental Management,FALSE
US Regulators,Office of Fair Housing and Equal Opportunity,,,,Fair Housing and Equal Opportunity,FALSE
US Regulators,Office of Fossil Energy,Fossile Energie,Combustible fósil,Combustible fossile,Fossil Energy,FALSE
US Regulators,Office of Government Ethics,,,,OGE,FALSE
US Regulators,Office of Housing,,,,Housing Office,FALSE
US Regulators,Office of Investor Education and Advocacy,,,,OIEA,FALSE
US Regulators,Office of Justice Programs,,,,OJP,FALSE
US Regulators,Office of Juvenile Justice and Delinquency Prevention,,,,OJJDP,FALSE
US Regulators,Office of Lead Hazard Control and Healthy Homes,,,,OLHCHH,FALSE
US Regulators,Office of Management and Budget,Office of Management and Budget,Oficina de Administración y Presupuesto,Bureau de la gestion et du budget,OMB,FALSE
US Regulators,Office of Manufactured Housing Programs,Ministerium für Wohnungsbau und Stadtentwicklung der Vereinigten Staaten,Departamento de Vivienda y Desarrollo Urbano de los Estados Unidos,Département du Logement et du Développement urbain des États-Unis,,FALSE
US Regulators,Office of Minority Health,,,,OMH,FALSE
US Regulators,Office of National Drug Control Policy,,Oficina de la Política Nacional para el Control de Drogas,,ONDCP,FALSE
US Regulators,Office of Natural Resources Revenue,,,,ONRR,FALSE
US Regulators,Office of Nuclear Energy,,,,NE,FALSE
US Regulators,Office of Pardon Attorney,,,,Office of the Pardon Attorney,FALSE
US Regulators,Office of Personnel Management,United States Office of Personnel Management,,Office of Personnel Management,OPM,FALSE
US Regulators,Office of Policy Development and Research,Forschung und Entwicklung,Investigación y desarrollo,Recherche et développement,Policy Development and Research,FALSE
US Regulators,Office of Postsecondary Education,,,,OPE,FALSE
US Regulators,Office of Refugee Resettlement,,,,ORR,FALSE
US Regulators,Office of Science and Technology Policy,,Oficina de Política de Ciencia y Tecnología de los Estados Unidos,Office of Science and Technology Policy,OSTP,FALSE
US Regulators,Office of Scientific and Technical Information,Office of Scientific and Technical Information,,,OSTI,FALSE
US Regulators,Office of Servicemember Affairs,,,,,FALSE
US Regulators,Office of Special Counsel,,,,OSC,FALSE
US Regulators,Office of Special Education and Rehabilitative Services,,,,OSERS,FALSE
US Regulators,"Office of Surface Mining, Reclamation and Enforcement",,,,OSMRE,FALSE
US Regulators,Office of the Federal Register,Federal Register,,Office of the Federal Register,Federal Register,FALSE
US Regulators,Open World Leadership Center,,,,,FALSE
US Regulators,Out-of-Service Debt Management Center,Auslandsverschuldung,Deuda externa,Dette extérieure,,FALSE
US Regulators,Overseas Private Investment Corporation,,Overseas Private Investment Corporation,,OPIC,FALSE
US Regulators,Pacific Command,United States Pacific Command,Comando del Pacífico de Estados Unidos,United States Pacific Command,USPACOM,FALSE
US Regulators,Pacific Northwest Electric Power and Conservation Planning Council,,,,,FALSE
US Regulators,Parole Commission,,,,U.S. Parole Commission,FALSE
US Regulators,Patent and Trademark Office,United States Patent and Trademark Office,Oficina de Patentes y Marcas de Estados Unidos,United States Patent and Trademark Office,USPTO; USPO,FALSE
US Regulators,Peace Corps,Friedenscorps,Cuerpo de Paz,Corps de la Paix,PC ,FALSE
US Regulators,Pension Benefit Guaranty Corporation,,,,PBGC,FALSE
US Regulators,Pentagon Force Protection Agency,Pentagon Force Protection Agency,,,PFPA,FALSE
US Regulators,Pipeline and Hazardous Materials Safety Administration,Pipeline and Hazardous Materials Safety Administration,,,PHMSA,FALSE
US Regulators,Political Affairs,,,,,FALSE
US Regulators,Postal Inspection Service,United States Postal Inspection Service,,,USPIS,FALSE
US Regulators,Postal Regulatory Commission,,,,PRC,FALSE
US Regulators,Postal Service,United States Postal Service,Servicio Postal de los Estados Unidos; Correo postal,United States Postal Service; Poste,United States Post Office;Postal Service;Post Office;U.S. Mail;USPS,FALSE
US Regulators,Power Administrations,,,,BPA,FALSE
US Regulators,Presidential Scholars Commission,,,,,FALSE
US Regulators,"President's Council on Fitness, Sports and Nutrition",,,,PCFSN,FALSE
US Regulators,Presidio Trust,,Presidio Real de San Francisco,Presidio de San Francisco,El Presidio Real de San Francisco;The Royal Fortress of Saint Francis,FALSE
US Regulators,Pretrial Services Agency for the District of Columbia,,,,DCPSA ,FALSE
US Regulators,Prisoner of War/Missing in Action Accounting Agency,,,,DPAA,FALSE
US Regulators,Privacy and Civil Liberties Oversight Board,,,,PCLOB,FALSE
US Regulators,Public and Indian Housing,,,,PIH,FALSE
US Regulators,Public Diplomacy and Public Affairs,Under Secretary of State for Public Diplomacy and Public Affairs,,,,FALSE
US Regulators,Radio and TV Martí,Radio and TV Martí,Radio y Televisión Martí,,,FALSE
US Regulators,Radio Free Asia,Radio Free Asia,Radio Free Asia,Radio Free Asia,RFA,FALSE
US Regulators,Radio Free Europe and Radio Liberty,Radio Free Europe,Radio Liberty,Radio Free Europe,RFE/RL; Radio Free Europe;RFE;RL;Radio Liberty,FALSE
US Regulators,Radio Sawa,Radio Sawa,Radio Sawa,Radio Sawa,,FALSE
US Regulators,Railroad Retirement Board,,,,RRB,FALSE
US Regulators,Rehabilitation Services Administration,,,,RSA,FALSE
US Regulators,Research and Innovative Technology Administration,,,,RITA,FALSE
US Regulators,Risk Management Agency,,,,RMA,FALSE
US Regulators,Rural Business and Cooperative Programs,,,,RBS,FALSE
US Regulators,Rural Development,Ländliche Entwicklung,Desarrollo rural,,,FALSE
US Regulators,Rural Housing Service,,,,RHS,FALSE
US Regulators,Rural Utilities Service,,,,RUS,FALSE
US Regulators,Saint Lawrence Seaway Development Corporation,,,,SLSDC,FALSE
US Regulators,Science Office,,Oficina de Política de Ciencia y Tecnología de los Estados Unidos,Office of Science and Technology Policy,,FALSE
US Regulators,Secret Service,,,,USSS,FALSE
US Regulators,Securities and Exchange Commission,United States Securities and Exchange Commission,Comisión de Bolsa y Valores,Securities and Exchange Commission,SEC,FALSE
US Regulators,Selective Service System,Selective Service System,,,SSS,FALSE
US Regulators,Small Business Administration,Small Business Administration,,Small Business Administration,SBA,FALSE
US Regulators,Smithsonian Institution,Smithsonian Institution,Instituto Smithsoniano,Smithsonian Institution,Smithsonian;SOE,FALSE
US Regulators,Social Security Administration,,Administración del Seguro Social,Administration de la sécurité sociale,SSA,FALSE
US Regulators,Social Security Advisory Board,,,,SSAB,FALSE
US Regulators,Southeastern Power Administration,,,,,FALSE
US Regulators,Southern Command,United States Southern Command,Comando Sur de Estados Unidos,United States Southern Command,USSOUTHCOM,FALSE
US Regulators,Southwestern Power Administration,,,,SWPA,FALSE
US Regulators,Special Forces Operations Command,United States Special Operations Command,Mando de Operaciones Especiales de los Estados Unidos,United States Special Operations Command,U.S. Special Operations Command,FALSE
US Regulators,State Justice Institute,,,,SJI,FALSE
US Regulators,Stennis Center for Public Service,John C. Stennis,,,,FALSE
US Regulators,Strategic Command,United States Strategic Command,,United States Strategic Command,USSTRATCOM,FALSE
US Regulators,Substance Abuse and Mental Health Services Administration,,,,SAMHSA,FALSE
US Regulators,Surface Transportation Board,Surface Transportation Board,,Surface Transportation Board,STB,FALSE
US Regulators,Susquehanna River Basin Commission,,,,SRBC,FALSE
US Regulators,Taxpayer Advocacy Panel,Americans for Tax Reform,,Americans for Tax Reform,TAP,FALSE
US Regulators,Tennessee Valley Authority,Tennessee Valley Authority,Autoridad del Valle del Tennessee,Tennessee Valley Authority,TVA,FALSE
US Regulators,Trade and Development Agency,,,,USTDA,FALSE
US Regulators,Trade Representative,Handelsbeauftragter der Vereinigten Staaten,Representante de Comercio de los Estados Unidos,Bureau du représentant américain au commerce,USTR,FALSE
US Regulators,Transportation Security Administration,Transportation Security Administration,Administración de Seguridad en el Transporte,Transportation Security Administration,TSA,FALSE
US Regulators,Trustee Program,,,,USTP,FALSE
US Regulators,U.S. Air Force,United States Air Force; Luftstreitkräfte,Fuerza Aérea de los Estados Unidos; Fuerza aérea,United States Air Force; Composante aérienne militaire,Air Force; USAF,FALSE
US Regulators,U.S. Air Force Reserve Command,Air Force Reserve Command,Mando de Reserva de la Fuerza Aérea,Air Force Reserve Command,Air Force Reserve,FALSE
US Regulators,U.S. Army,United States Army; Heer,Ejército de los Estados Unidos; Ejército,United States Army; Armée de terre,Army,FALSE
US Regulators,U.S. Army Corps of Engineers,United States Army Corps of Engineers,Cuerpo de Ingenieros del Ejército de los Estados Unidos,Corps des ingénieurs de l'armée des États-Unis,Army Corps of Engineers,FALSE
US Regulators,U.S. Botanic Garden,United States Botanic Garden; Botanischer Garten,Jardín Botánico de los Estados Unidos; Jardín botánico,Jardin botanique des États-Unis; Jardin botanique,Botanic Garden,FALSE
US Regulators,U.S. Capitol Police,United States Capitol Police,,United States Capitol Police,Capitol Police,FALSE
US Regulators,U.S. Capitol Visitor Center,United States Capitol Visitor Center,,,Capitol Visitor Center,FALSE
US Regulators,U.S. Census Bureau,United States Census Bureau,Oficina del Censo de los Estados Unidos,Bureau du recensement des États-Unis,Census Bureau; Bureau of the Census; USCB,FALSE
US Regulators,U.S. Central Command,United States Central Command,Mando Central de los Estados Unidos,United States Central Command,CENTCOM; Central Command; USCENTCOM,FALSE
US Regulators,U.S. Circuit Courts of Appeal,,,,Judicial Circuit Courts of Appeal,FALSE
US Regulators,U.S. Court of Appeals for Veterans Claims,,,,Court of Appeals for Veterans Claims,FALSE
US Regulators,U.S. Department of Housing and Urban Development,Ministerium für Wohnungsbau und Stadtentwicklung der Vereinigten Staaten,Departamento de Vivienda y Desarrollo Urbano de los Estados Unidos,Département du Logement et du Développement urbain des États-Unis,HUD;Housing and Urban Development,FALSE
US Regulators,U.S. European Command,United States European Command,Mando Europeo de los Estados Unidos,Commandement des forces des États-Unis en Europe,European Command,FALSE
US Regulators,U.S. Mission to the United Nations,,,,,FALSE
US Regulators,U.S. Navy,United States Navy; Marine,Armada; Armada de los Estados Unidos,United States Navy; Marine de guerre,USN; Navy; Naval Force,FALSE
US Regulators,U.S. Sentencing Commission,United States Sentencing Commission,,,Sentencing Commission,FALSE
US Regulators,U.S. Transportation Command,United States Transportation Command,,United States Transportation Command,USTRANSCOM,FALSE
US Regulators,Unified Combatant Commands,Unified Combatant Command,,Unified Combatant Command,UCC,FALSE
US Regulators,Uniformed Services University of the Health Sciences,,,,USUSH,FALSE
US Regulators,United States Mint,United States Mint,United States Mint,United States Mint,U.S. Mint,FALSE
US Regulators,USAGov,General Services Administration,Administración de Servicios Generales,Administration des services généraux,,FALSE
US Regulators,Veterans Benefits Administration,,,,VBA,FALSE
US Regulators,Veterans Day National Committee,,,,VDNC,FALSE
US Regulators,Veterans' Employment and Training Service,,,,VETS,FALSE
US Regulators,Veterans Health Administration,,,,VHA; VA Medical Center,FALSE
US Regulators,Vietnam Education Foundation,,,,VEF,FALSE
US Regulators,Voice of America,Voice of America,Voz de América,Voice of America,VOA,FALSE
US Regulators,Washington Headquarters Services,,,,,FALSE
US Regulators,Weather Service,,,,,FALSE
US Regulators,Weights and Measures Division,Küchenmaße,,Unités de mesure pour la cuisine,,FALSE
US Regulators,West Point Military Academy,United States Military Academy,Academia Militar de los Estados Unidos,Académie militaire de West Point,"U.S. Military Academy, West Point; West Point",FALSE
US Regulators,Western Area Power Administration,,,,,FALSE
US Regulators,White House Office of Administration,,,,,FALSE
US Regulators,Wireless Telecommunications Bureau,,,,,FALSE
US Regulators,Women's Bureau,,,,,FALSE
US Regulators,Woodrow Wilson International Center for Scholars,Woodrow Wilson International Center for Scholars,Centro Internacional para Académicos Woodrow Wilson,Woodrow Wilson International Center for Scholars,Wilson Center,FALSE
